Date;Q_0;t;рН_0;COD_0;LOAD_COD_0;Q_1;рН_1;COD_1;NH4_1;PO4_1;SS_1;LOAD_COD_1;LOAD_NH4_1;LOAD_PO4_1;LOAD_SS_1;рН_2;COD_2;NH4_2;PO4_2;SS_2;LOAD_COD_2;LOAD_NH4_2;LOAD_PO4_2;LOAD_SS_2;Q_2;is_averaged_0;measurement_density_0;is_averaged_1;measurement_density_1;is_averaged_2;measurement_density_2;Benzoic_acid_0;p-Toluic_acid_0;Terephthalic_acid_0;Ethylene_glycol_0;
01.01.2023;4688,479339;24,46280992;5,371900826;3092,727273;17545,22314;4622,363636;6,52892562;549,1239669;0,380165289;0,32231405;396,6942149;3071,256198;2,115702479;1,818181818;2218,735537;6,859504132;86,34710744;1,214876033;2,008264463;90,90909091;482,9421488;6,768595041;11,2231405;508,4628099;4622,363636;True;3;False;1;False;1;;;;;
02.01.2023;4707,471074;24,29752066;5,396694215;3136,396694;17865,02479;4641,355372;6,52892562;568,9256198;0,537190083;0,140495868;392,5619835;3195,107438;2,991735537;0,776859504;2204,644628;6,776859504;42,51239669;0,628099174;0,512396694;55,78512397;237,4793388;3,520661157;2,867768595;311,6198347;4616,561983;True;4;False;1;False;1;;;;;
03.01.2023;4751,132231;24,51239669;5,165289256;2933,438017;16863,95868;4685,016529;6,446280992;1262,975207;0,545454546;0,140495868;619,8347107;7159,644628;3,082644628;0,776859504;3513,760331;6,776859504;46,85950413;0,611570248;0,090909091;173,553719;264;3,454545455;0,495867769;977,7768595;4656,090909;True;4;False;1;False;1;;;;;
04.01.2023;4743,570248;24,31404959;5;2150,958678;12345,91736;4677,454545;6,52892562;357,8347107;0,512396694;0,26446281;107,4380165;2025,22314;2,884297521;1,479338843;608,0661157;6,776859504;88,19008264;0,760330579;1,462809917;82,6446281;496,9256198;4,280991736;8,256198347;465,677686;4656,793388;True;4;False;1;False;1;112,6380992;273,9955372;320,2661157;;
05.01.2023;4749,31405;24,17355372;5,123966942;2670,173554;15344,61157;4683,198347;6,280991736;268,2066116;0,330578512;0,214876033;90,90909091;1519,818182;1,859504132;1,231404959;515,1487603;6,694214876;85,49586777;0,52892562;2,652892562;74,38016529;481,9090909;2,991735537;14,95867769;419,2561983;4658,404959;True;4;False;1;False;1;;;;;
06.01.2023;4743,289256;23,82644628;5,41322314;2393,413223;13736,68595;4677,173554;6,52892562;235,5371901;0,239669422;0,223140496;119,8347107;1332,991736;1,330578512;1,247933884;678,1900826;6,859504132;45,40495868;0,421487603;3,214876033;11,15702479;256,0578512;2,355371901;18,1322314;62,91735537;4660,644628;True;4;False;1;False;1;;;;;
07.01.2023;4725,404959;23,97520661;5,355371901;2382,280992;13621,26446;4659,289256;6,52892562;362,8099174;0,495867769;0,347107438;111,5702479;2045,429752;2,785123967;1,933884298;629;6,859504132;38,97520661;0,710743802;1,859504132;8,67768595;217,5867769;3,975206612;10,39669421;48,44628099;4613,834711;True;4;False;1;False;1;;;;;
08.01.2023;4845,53719;23,7107438;5,107438017;2333,809917;13683,36364;4779,421488;6,611570248;233,4214876;0,330578512;0,256198347;123,1404959;1349,876033;1,892561983;1,479338843;712,1322314;7,024793388;56,7768595;0,338842975;3,115702479;16,52892562;326,0743802;1,94214876;17,89256198;94,92561983;4746,363636;True;4;False;1;False;1;;;;;
09.01.2023;4808,834711;24,30578512;5,148760331;2335,438017;13589,15702;4742,719008;6,611570248;164,5867769;0,314049587;0,256198347;114,8760331;944,5123967;1,809917355;1,454545455;659,2396694;6,859504132;49,79338843;0,347107438;2,801652893;9,917355372;284,0082645;1,983471074;15,96694215;56,56198347;4713,793388;True;4;False;1;False;1;;;;;
10.01.2023;4729,702479;24,68595041;4,917355372;2778,024793;15898,4876;4663,586777;6,52892562;362,6446281;0,239669422;0,140495868;107,4380165;2046,380165;1,330578512;0,776859504;606,2644628;6,859504132;40,42975207;0,247933884;3,644628099;10,74380165;227,7355372;1,380165289;20,50413223;60,52066116;4655,322314;True;4;False;1;False;1;;;;;
11.01.2023;4799,297521;25,25619835;5,066115702;3277,363636;19032,16529;4733,181818;6,446280992;369,4628099;0,305785124;0,132231405;66,11570248;2115,966942;1,768595041;0,743801653;378,6528926;6,859504132;47,73553719;0,239669422;3,47107438;13,2231405;272,9090909;1,347107438;19,81818182;75,59504132;4724,917355;True;4;False;1;False;1;;;;;
12.01.2023;4702,057851;26,03305785;4,958677686;2804,008264;15953,36364;4635,942149;6,52892562;262,9917355;0,396694215;0,190082645;74,38016529;1475,22314;2,214876033;1,082644628;417,231405;6,94214876;56,3553719;0,239669422;3,132231405;28,92561983;315,5619835;1,338842975;17,54545455;161,9669421;4627,677686;True;4;False;1;False;1;;;;;
13.01.2023;4657,46281;25,72727273;5,20661157;2994;16872,7686;4591,347107;6,52892562;198,5041322;0,347107438;0,214876033;74,38016529;1102,768595;1,925619835;1,173553719;413,2231405;6,94214876;51,48760331;0,239669422;2,983471074;13,2231405;285,5289256;1,330578512;16,53719008;73,33057851;4583,082645;True;4;False;1;False;1;;;;;
14.01.2023;4674,876033;25,24793388;5;2610,652893;14767,42149;4608,760331;6,611570248;334,7107438;0,413223141;0,190082645;76,44628099;1866,553719;2,289256198;1,05785124;426,3140496;7,024793388;47,51239669;0,512396694;2,876033058;12,80991736;264,9586777;2,876033058;16,04132231;71,43801653;4608,760331;True;4;False;1;False;1;;;;;
15.01.2023;4710,231405;24,85950413;5,041322314;2875,46281;16388,36364;4644,115702;6,694214876;299,1735537;0,363636364;0,20661157;92,97520661;1681,173554;2,041322314;1,148760331;522,4628099;7,024793388;37,44628099;0,570247934;2,603305785;12,80991736;210,4214876;3,214876033;14,60330579;71,98347107;4644,115702;True;4;False;1;False;1;;;;3,781818182;
16.01.2023;4741,198347;24,90909091;5,082644628;2740,033058;15719,14876;4675,082645;6,694214876;215,7933884;0,479338843;0,157024793;41,32231405;1220,710744;2,694214876;0,900826446;233,7520661;7,024793388;41,15702479;0,314049587;2,454545455;11,98347107;232,8181818;1,776859504;13,89256198;67,78512397;4675,082645;True;4;False;1;False;1;;;;;
17.01.2023;4792,413223;24,14876033;5,148760331;2618,438017;15183,8595;4726,297521;6,694214876;276;0,446280992;0,165289256;72,72727273;1578,371901;2,553719008;0,94214876;415,9173554;7,024793388;42,79338843;0,289256198;2,578512397;10,74380165;244,2975207;1,644628099;14,70247934;61,33057851;4718,033058;True;4;False;1;False;1;;;;;
18.01.2023;4472,041322;24,81818182;5,107438017;2750,322314;14882,46281;4405,92562;6,611570248;462,3140496;0,413223141;0,049586777;309,9173554;2464,677686;2,190082645;0,26446281;1652,22314;7,107438017;39,21487603;0,190082645;2,32231405;13,2231405;208,6694215;0,991735537;12,33884298;70,36363636;4397,661157;True;4;False;1;False;1;;;;;
19.01.2023;4846,066116;25,04132231;5;2870,247934;16830,38017;4779,950413;6,52892562;417,9752066;0,421487603;0,066115702;223,1404959;2417,46281;2,421487603;0,388429752;1290,586777;6,94214876;38,20661157;0,198347107;1,140495868;11,57024793;220,5950413;1,132231405;6,561983471;66,80165289;4771,68595;True;4;False;1;False;1;;;;;
20.01.2023;4788,545455;25,14876033;5,247933884;2662,016529;15424,09091;4722,429752;6,363636364;552,5785124;0,454545455;0,73553719;371,9008264;3157,512397;2,595041322;4,223140496;2125,090909;6,859504132;38,84297521;0,347107438;1,099173554;16,52892562;221,5619835;1,983471074;6,247933884;94,28099174;4714,165289;True;4;False;1;False;1;;;;;
21.01.2023;4786,347107;24,8677686;5,314049587;2812,834711;16290,43802;4720,231405;6,52892562;523,5123967;0,338842975;0,47107438;227,2727273;2990,024793;1,909090909;2,67768595;1298,066116;6,94214876;50,61983471;0,239669422;1,066115702;8,67768595;288,6115702;1,388429752;6,082644628;49,47933884;4711,966942;True;4;False;1;False;1;;;;;
22.01.2023;4774,520661;24,69421488;5,082644628;2663,008264;15384,64463;4708,404959;6,52892562;485,1239669;0,52892562;0,347107438;202,4793388;2763,834711;3,024793388;1,950413223;1153,561983;6,94214876;45,36363636;0,363636364;1,041322314;9,504132231;257,9917355;2,05785124;5,900826446;54,04958678;4700,140496;True;4;False;1;False;1;;;;;
23.01.2023;4794,14876;25,03305785;5,247933884;2967,652893;17215,13223;4728,033058;6,611570248;409,0909091;0,570247934;0,371900826;165,2892562;2340,380165;3,26446281;2,107438017;945,6033058;7,024793388;46,95041322;0,396694215;0,925619835;9,504132231;264,8429752;2,214876033;5,231404959;53,61157025;4661,917355;True;4;False;1;False;1;;;;;
24.01.2023;4743,826446;24,97520661;4,900826446;2697,380165;15483,02479;4677,710744;6,611570248;498,2231405;0,239669422;0,272727273;173,553719;2819,958678;1,363636364;1,52892562;982,322314;7,024793388;42,95041322;0,32231405;1,818181818;9,504132231;241,8099174;1,79338843;10,23966942;53,51239669;4652,917355;True;4;False;1;False;1;;;;;
25.01.2023;4718,710744;25,04132231;4,876033058;2872,256198;16399,52066;4652,595041;6,52892562;511,5041322;0,247933884;0,280991736;169,4214876;2879,586777;1,396694215;1,561983471;953,785124;6,94214876;43,00826446;0,404958678;1,73553719;8,67768595;241,2644628;2,256198347;9,752066116;48,67768595;4636,066116;True;4;False;1;False;1;;;;;
26.01.2023;4748,727273;25,14049587;4,859504132;3198,520661;18378,58678;4682,61157;6,52892562;661,322314;0,371900826;0,082644628;268,5950413;3747,024793;2,099173554;0,462809917;1521,85124;6,859504132;35,28099174;0,173553719;0,917355372;13,2231405;199,1983471;0,966942149;5,181818182;74,66115702;4666,082645;True;4;False;1;False;1;;;;;
27.01.2023;4831,53719;25,2892562;5,247933884;2629,057851;15369,91736;4765,421488;6,52892562;537,0247934;0,446280992;0,123966942;190,0826446;3096,570248;2,578512397;0,694214876;1096,049587;6,94214876;41;0,26446281;1,066115702;14,04958678;234,7768595;1,512396694;6,099173554;80,44628099;4732,363636;True;4;False;1;False;1;;;;;
28.01.2023;4750,92562;25,58677686;5,066115702;2523,479339;14506,52893;4684,809917;6,611570248;444,9173554;0,066115702;0,289256198;163,2231405;2522,066116;0,371900826;1,661157025;925,2479339;6,94214876;41,52892562;0,512396694;1,314049587;14,25619835;233,7520661;2,876033058;7,371900826;80,23966942;4651,752066;True;4;False;1;False;1;;;;;
29.01.2023;4797,628099;25,48760331;5,148760331;2898,297521;16824,99174;4731,512397;6,694214876;435,6528926;0,454545455;0,099173554;136,3636364;2494,14876;2,58677686;0,58677686;780,7024793;7,024793388;52,09917355;0,214876033;1,404958678;14,25619835;297,4958678;1,231404959;8,033057851;81,40495868;4719,115702;True;4;False;1;False;1;;;;;
30.01.2023;4817,917355;25,41322314;5,289256198;2496,512397;14553,84298;4751,801653;6,611570248;411,8264463;0,247933884;1,925619835;148,7603306;2367,842975;1,421487603;11,04958678;855,322314;7,024793388;39,57024793;0,239669422;1,26446281;2,892561983;225,9338843;1,355371901;7,223140496;16,51239669;4718,743802;True;4;False;1;False;1;;;;;
31.01.2023;4829,983471;25,09090909;5,272727273;2163,909091;12646,47107;4763,867769;6,611570248;387,3140496;0,26446281;1,652892562;165,2892562;2232,586777;1,520661157;9,504132231;952,7768595;7,024793388;36,95867769;0,247933884;1,314049587;11,15702479;213,0413223;1,421487603;7,553719008;64,31404959;4763,867769;True;4;False;1;False;1;;;;;
01.02.2023;4884,652893;25,1322314;5,20661157;2341,181818;13837,36364;4818,53719;6,611570248;447,6528926;0,165289256;0,32231405;139,6694215;2610,008264;0,950413223;1,892561983;814,3305785;7,024793388;33,94214876;0,148760331;1,239669421;8,26446281;196,5371901;0,834710744;7,181818182;47,85123967;4785,479339;True;4;False;1;False;1;;;;;
02.02.2023;4829,553719;24,91735537;4,94214876;3174,363636;18550,19835;4763,438017;6,611570248;561,2066116;0,181818182;0,272727273;157,0247934;3234,661157;1,049586777;1,553719008;905,0495868;7,024793388;31,5785124;0,132231405;1,173553719;9,090909091;180,7438017;0,73553719;6,710743802;52,03305785;4730,380165;True;4;False;1;False;1;;;;;
03.02.2023;4740,190083;24,90082645;5,495867769;2694,578512;15455,09091;4674,07438;6,611570248;440,3057851;0,256198347;0,041322314;161,1570248;2490,181818;1,454545455;0,231404959;911,446281;;37,66115702;;;76,03305785;212,2479339;;;428,4958678;4657,545455;True;4;False;1;False;1;113,7115702;262,6818182;610,8268595;;
04.02.2023;4647,115702;24,83471074;5,231404959;3072,157025;17274,78512;4581;6,446280992;580,7933884;0,280991736;0,041322314;223,1404959;3219,322314;1,537190083;0,231404959;1236,867769;6,52892562;33,36363636;2,603305785;1,710743802;9,090909091;184,2644628;14,38842975;9,454545455;50,20661157;4564,471074;True;4;False;1;False;1;;;;;
05.02.2023;4749,578512;24,75206612;5,247933884;2813,123967;16166,96694;4683,46281;6,52892562;611,0495868;0,570247934;0,099173554;268,5950413;3462,785124;3,223140496;0,553719008;1522,123967;6,94214876;46,32231405;0,504132231;0,73553719;11,15702479;261,5785124;2,826446281;4,157024793;63;4666,933884;True;4;False;1;False;1;;;;;
06.02.2023;4730,487603;24,55371901;5,165289256;2897,115702;16582,79339;4664,371901;6,52892562;652,3966942;0,223140496;0,132231405;309,9173554;3682,057851;1,239669421;0,752066116;1749,140496;6,94214876;47,89256198;0,115702479;0,561983471;7,024793388;268,3884298;0,652892562;3,132231405;39,36363636;4631,31405;True;4;False;1;False;1;;;;;
07.02.2023;4738,380165;24,23140496;5,454545455;2790,586777;15999,67769;4672,264463;6,611570248;617,5289256;0,595041322;0,58677686;371,9008264;3491,140496;3,347107438;3,330578512;2102,520661;7,024793388;42,14049587;0,280991736;0,553719008;7,438016529;236,553719;1,578512397;3,082644628;41,75206612;4639,206612;True;4;False;1;False;1;;;;;
08.02.2023;4765,495868;24,07438017;5,355371901;2716,892562;15666,27273;4699,380165;6,611570248;404,7933884;0,611570248;0,570247934;190,0826446;2301,752066;3,462809917;3,256198347;1080,859504;7,024793388;44,92561983;0,305785124;0,487603306;8,26446281;253,661157;1,710743802;2,768595041;46,66115702;4666,322314;True;4;False;1;False;1;;;;;
09.02.2023;4805,991736;23,95041322;5,247933884;3004,504132;17471,92562;4739,876033;6,611570248;501,0743802;0,32231405;0,454545455;177,6859504;2873,785124;1,851239669;2,628099174;1019,07438;7,024793388;34,54545455;0,223140496;0,752066116;9,504132231;196,0578512;1,272727273;4,26446281;53,94214876;4690,289256;True;4;False;1;False;1;;;;;
10.02.2023;4829,950413;24,21487603;5,231404959;2902,066116;16960,3719;4763,834711;6,52892562;522,3966942;0,512396694;0,380165289;194,214876;3011,22314;2,933884298;2,190082645;1119,504132;7,024793388;44,09090909;0,239669422;0,776859504;9,297520661;251,5041322;1,380165289;4,404958678;53,03305785;4714,247934;True;4;False;1;False;1;;;;;
11.02.2023;4805,867769;24,26446281;5,355371901;2751,330579;15999,27273;4739,752066;6,446280992;551,3471074;1,338842975;0,041322314;202,4793388;3162,033058;7,661157025;0,247933884;1161,239669;6,94214876;38,10743802;0,190082645;0,776859504;9,917355372;216,2644628;1,066115702;4,41322314;56,28099174;4690,165289;True;4;False;1;False;1;;;;;
12.02.2023;4826,31405;24,39669421;5,314049587;2373,702479;13862,02479;4760,198347;6,446280992;517,9421488;1,363636364;0,041322314;235,5371901;2983,239669;7,859504132;0,256198347;1356,661157;6,94214876;36,21487603;0,198347107;0,73553719;9,917355372;206,4214876;1,148760331;4,173553719;56,52892562;4710,61157;True;4;False;1;False;1;;;;1,903305785;
13.02.2023;4801,68595;24,43801653;5,190082645;2331,619835;13546,80992;4735,570248;6,446280992;388,7272727;0,603305785;0,090909091;190,0826446;2227,421488;3,446280992;0,537190083;1089,181818;6,94214876;40,38016529;0,446280992;2;9,090909091;228,9586777;2,545454545;11,33884298;51,54545455;4685,983471;True;4;False;1;False;1;;;;;
14.02.2023;4822,768595;24,50413223;5,190082645;2621,77686;15299,50413;4756,652893;6,446280992;567,6446281;0,148760331;0,090909091;239,6694215;3267,082645;0,859504132;0,545454546;1379,429752;6,94214876;101,2231405;0,107438017;0,628099174;9,090909091;576,5206612;0,611570248;3,570247934;51,7768595;4707,066116;True;4;False;1;False;1;;;;;
15.02.2023;4790,066116;24,91735537;5,41322314;2548,867769;14773,17355;4723,950413;6,52892562;807,3553719;0,438016529;0,801652893;516,5289256;4614,834711;2,495867769;4,578512397;2952,471074;6,94214876;29,66942149;0,231404959;0,338842975;7,851239669;168,107438;1,297520661;1,892561983;44,48760331;4682,628099;True;4;False;1;False;1;;;;;
16.02.2023;4809,280992;24,65289256;5,314049587;2086,595041;12142,34711;4743,165289;6,52892562;579,4214876;0,404958678;0,900826446;351,2396694;3325,429752;2,314049587;5,173553719;2015,842975;6,94214876;29,88429752;0,223140496;0,330578512;7,851239669;170,1652893;1,289256198;1,892561983;44,7107438;4705,975207;True;4;False;1;False;1;;;;;
17.02.2023;4858,07438;24,65289256;5,231404959;2138,545455;12570,93388;4791,958678;6,52892562;444,9173554;0,338842975;0,413223141;185,9504132;2579,752066;1,966942149;2,396694215;1078,190083;7,024793388;32,02479339;0,305785124;0,371900826;6,198347107;184,2479339;1,743801653;2,157024793;35,66115702;4754,768595;True;4;False;1;False;1;;;;;
18.02.2023;4794,190083;24,65289256;5,247933884;2751,479339;15961,23967;4728,07438;6,611570248;410,1652893;0,355371901;0,446280992;159,0909091;2346,545455;2,024793388;2,553719008;910,1570248;6,94214876;36,57024793;0,148760331;0,619834711;5,991735537;207,5702479;0,834710744;3,495867769;34,00826446;4690,884298;True;4;False;1;False;1;;;;;
19.02.2023;4783,876033;24,1322314;5,330578512;2662,297521;15410,65289;4717,760331;6,52892562;417,9917355;0,20661157;0,140495868;177,6859504;2386,07438;1,181818182;0,801652893;1014,322314;6,94214876;33,52066116;0,165289256;0,32231405;7,438016529;189,8429752;0,958677686;1,842975207;42,12396694;4680,570248;True;4;False;1;False;1;;;;;
20.02.2023;4858,272727;24,00826446;5,107438017;2452,471074;14416,86777;4792,157025;6,52892562;409,2231405;0,231404959;0,190082645;181,8181818;2372,859504;1,330578512;1,074380165;1054,272727;6,94214876;33,52066116;0,181818182;0,32231405;6,198347107;192,8595041;1,024793388;1,851239669;35,66115702;4754,966942;True;4;False;1;False;1;;;;;
21.02.2023;4738,38843;24;5,190082645;2572,008264;14746,45455;4672,272727;6,52892562;457,6528926;0,20661157;0,140495868;152,892562;2587,289256;1,148760331;0,801652893;864,3719008;7,024793388;36,76859504;0,165289256;0,32231405;39,25619835;206,214876;0,925619835;1,809917355;220,1652893;4635,082645;True;4;False;1;False;1;;;;;
22.02.2023;4755,950413;24,5785124;5,314049587;2805,561983;16145,1405;4689,834711;6,52892562;438,7520661;0,198347107;0,148760331;161,1570248;2489,760331;1,132231405;0,851239669;914,5206612;7,024793388;30,71900826;0,165289256;0,32231405;7,851239669;172,9421488;0,933884298;1,826446281;44,19834711;4652,644628;True;4;False;1;False;1;;;;;
23.02.2023;4757,991736;24,41322314;5,371900826;2318,396694;13347,42149;4691,876033;6,611570248;387,8512397;0,380165289;0,289256198;144,6280992;2201,900826;2,148760331;1,619834711;821,0826446;7,024793388;30,88429752;0,363636364;0,710743802;6,198347107;174,0991736;2,05785124;3,991735537;34,94214876;4658,818182;True;4;False;1;False;1;;;;;
24.02.2023;4751,14876;24,27272727;5,247933884;2447,421488;14069,92562;4685,033058;6,611570248;372,3966942;0,413223141;0,297520661;161,1570248;2111,07438;2,330578512;1,661157025;913,5785124;7,024793388;29,62809917;0,371900826;0,652892562;6,198347107;166,7768595;2,099173554;3,67768595;34,89256198;4651,975207;True;4;False;1;False;1;;;;;
25.02.2023;4649,421488;24,05785124;5,123966942;2455,487603;13814,06612;4583,305785;6,694214876;333,7603306;0,628099174;0,314049587;175,6198347;1850,966942;3,504132231;1,752066116;973,9504132;7,024793388;41,69421488;0,256198347;0,975206612;6,818181818;229,5619835;1,429752066;5,363636364;37,53719008;4550,247934;True;4;False;1;False;1;;;;;
26.02.2023;4667,041322;23,91735537;5,066115702;2893,876033;16342,05785;4600,92562;6,611570248;332,6446281;0,413223141;0,272727273;185,9504132;1851,876033;2,289256198;1,495867769;1035,206612;7,024793388;34,04958678;0,314049587;0,925619835;8,67768595;188,1983471;1,727272727;5,132231405;47,95867769;4567,867769;True;4;False;1;False;1;;;;;
27.02.2023;4682,413223;24,3553719;5,165289256;2376,512397;13464,63636;4616,297521;6,52892562;375,9504132;0,446280992;0,305785124;185,9504132;2099,950413;2,487603306;1,710743802;1038,669421;7,107438017;26,42975207;0,355371901;0,884297521;10,74380165;146,3057851;1,950413223;4,884297521;59,47107438;4574,975207;True;4;False;1;False;1;;;;;
28.02.2023;4726,347107;24,73553719;5,289256198;2337,545455;13368,12397;4660,231405;6,52892562;457,4214876;0,52892562;0,297520661;181,8181818;2579,322314;2,983471074;1,669421488;1025,247934;7,107438017;26,87603306;0,388429752;0,785123967;11,15702479;150,2066116;2,148760331;4,388429752;62,3553719;4618,909091;True;4;False;1;False;1;;;;;
01.03.2023;4684,561983;25,12396694;5,314049587;2587,008264;14663,95868;4618,446281;6,694214876;545,9917355;0,256198347;0,314049587;208,677686;3051,173554;1,429752066;1,752066116;1166,157025;7,024793388;34,4214876;0,190082645;0,892561984;11,7768595;190,6363636;1,033057851;4,958677686;65,2231405;4577,123967;True;4;False;1;False;1;;;;;
02.03.2023;4757,909091;24,9338843;4,917355372;2905,066116;16724,65289;4691,793388;6,611570248;565,0826446;0,305785124;0,314049587;214,8760331;3208,016529;1,752066116;1,801652893;1219,867769;7,024793388;44,75206612;0,20661157;0,652892562;9,917355372;251,8264463;1,173553719;3,661157025;55,80165289;4650,471074;True;4;False;1;False;1;;;;;
03.03.2023;4747,53719;24,76033058;5,20661157;2595,933884;14912,35537;4681,421488;6,611570248;554,1322314;0,32231405;0,347107438;260,3305785;3138,892562;1,842975207;1,983471074;1474,644628;7,024793388;36,4214876;0,404958678;0,801652893;9,504132231;204,4876033;2,247933884;4,495867769;53,36363636;4640,099174;True;4;False;1;False;1;93,00413223;248,7066116;563,3099174;;
04.03.2023;4802,859504;24,54545455;5,190082645;2389,264463;13885,13223;4736,743802;6,694214876;590,9090909;0,363636364;0,280991736;276,8595041;3386,77686;2,074380165;1,603305785;1586,809917;7,024793388;41,00826446;0,380165289;0,900826446;10,33057851;232,9834711;2,148760331;5,115702479;58,69421488;4695,421488;True;4;False;1;False;1;;;;;
05.03.2023;4867,338843;24,47107438;4,983471074;2554,958678;15047,36364;4801,22314;6,611570248;504,9338843;0,355371901;0,280991736;247,9338843;2933,380165;2,066115702;1,611570248;1440,363636;7,024793388;27,60330579;0,380165289;0,876033058;10,74380165;158,9834711;2,181818182;5,024793388;61,87603306;4759,900826;True;4;False;1;False;1;;;;;
06.03.2023;4867,165289;24,54545455;5;2519,264463;14836,64463;4801,049587;6,694214876;447,0578512;0,355371901;0,280991736;256,1983471;2597,082645;2,066115702;1,636363636;1488,322314;7,107438017;29,43801653;0,388429752;0,917355372;11,15702479;169,5454545;2,214876033;5,280991736;64,25619835;4759,727273;True;4;False;1;False;1;;;;;
07.03.2023;4809,330579;24,48760331;5,20661157;2623,958678;15269,56198;4743,214876;6,52892562;463,2231405;0,347107438;0,140495868;252,0661157;2658,570248;1,991735537;0,801652893;1446,677686;7,024793388;35,05785124;0,413223141;0,355371901;10,74380165;199,4545455;2,363636364;2,024793388;61,12396694;4701,892562;True;4;False;1;False;1;;;;;
08.03.2023;4863,123967;24,75206612;5,685950413;2237,553719;13166,61157;4797,008264;6,694214876;426,6115702;1,933884298;0,148760331;190,0826446;2476,214876;11,2231405;0,851239669;1103,31405;7,024793388;23,62809917;0,297520661;0,52892562;11,57024793;135,9669421;1,702479339;3,049586777;66,5785124;4755,68595;True;4;False;1;False;1;;;;;
09.03.2023;4727,636364;24,55371901;5,520661157;2172,363636;12426,87603;4661,520661;6,694214876;356,1983471;1,355371901;0,165289256;192,1487603;2009,115702;7,652892562;0,933884298;1083,801653;7,024793388;47,19008264;0,181818182;0,702479339;10,33057851;263,8099174;1,008264463;3,925619835;57,75206612;4620,198347;True;4;False;1;False;1;;;;;
10.03.2023;4796,413223;24,46280992;5,537190083;2242,975207;13017,46281;4730,297521;6,52892562;332,6446281;2,975206612;0,140495868;175,6198347;1903,942149;17,02479339;0,801652893;1005,190083;6,859504132;34,79338843;0,421487603;0,752066116;10,33057851;197,4049587;2,380165289;4,289256198;58,61157025;4688,975207;True;4;False;1;False;1;;;;;
11.03.2023;4874,024793;24,4214876;5,454545455;2217,066116;13075,29752;4807,909091;6,611570248;319,4214876;0,702479339;0,280991736;169,4214876;1858,256198;4,107438017;1,628099174;985,6198347;7,024793388;48,7107438;0,305785124;1,099173554;18,59504132;281,4297521;1,768595041;6,338842975;107,4380165;4774,85124;True;4;False;1;False;1;;;;;
12.03.2023;4824,239669;24,1322314;5,20661157;2685,008264;15673,28926;4758,123967;6,611570248;516,5289256;0,628099174;0,355371901;194,214876;2973,826446;3,628099174;2,024793388;1118,157025;7,024793388;46,47933884;0,256198347;0,876033058;10,33057851;265,7355372;1,454545455;5,024793388;59,0661157;4725,066116;True;4;False;1;False;1;;;;;
13.03.2023;4779,123967;23,96694215;5,190082645;2608,289256;15083,03306;4713,008264;6,611570248;457,2809917;0,644628099;0,355371901;190,0826446;2607,752066;3,652892562;2;1083,991736;7,190082645;14,57024793;0,26446281;0,702479339;12,39669421;82,36363636;1,487603306;3,958677686;70,07438017;4671,68595;True;4;False;1;False;1;;;;;
14.03.2023;4809,768595;24,34710744;4,818181818;2745,206612;15976,61157;4743,652893;6,611570248;434,5619835;0,661157025;0,347107438;223,1404959;2494,305785;3,809917355;2,008264463;1280,785124;7,024793388;38,65289256;0,26446281;0,925619835;9,504132231;219,9256198;1,504132231;5,26446281;54,07438017;4702,330579;True;4;False;1;False;1;;;;;
15.03.2023;4764,115702;24,29752066;4,859504132;2314,900826;13344,40496;4698;6,611570248;396,0330579;3,305785124;0,099173554;206,6115702;2251,280992;18,76859504;0,561983471;1174,504132;6,94214876;26,10743802;0,20661157;0,363636364;12,39669421;147,107438;1,157024793;2,033057851;69,85123967;4656,677686;True;4;False;1;False;1;;;;;
16.03.2023;4716,595041;24,33884298;4,958677686;2597,421488;14823,66942;4650,479339;6,52892562;412,9338843;1,694214876;0,115702479;169,4214876;2323,61157;9,537190083;0,636363636;953,3471074;7,024793388;38,02479339;0,198347107;0,363636364;12,39669421;212,0661157;1,099173554;2,024793388;69,14049587;4609,157025;True;4;False;1;False;1;;;;;
17.03.2023;4689,214876;24,4214876;5,024793388;2448,809917;13894,42975;4623,099174;6,611570248;451,6528926;3,363636364;0,074380165;200,4132231;2526,520661;18,80165289;0,421487603;1121,099174;6,94214876;41,03305785;0,553719008;0,05785124;9,297520661;227,4876033;3,074380165;0,338842975;51,54545455;4581,77686;True;4;False;1;False;1;;;;;
18.03.2023;4661,834711;24,88429752;5,231404959;2323,347107;13105,57025;4595,719008;6,611570248;519,0495868;3,859504132;0,123966942;227,2727273;2886,338843;21,47933884;0,67768595;1263,818182;6,94214876;35,70247934;0,214876033;0,190082645;9,504132231;196,7520661;1,165289256;1,024793388;52,37190083;4554,396694;True;4;False;1;False;1;;;;;
19.03.2023;4729,793388;24,65289256;4,983471074;2920,206612;16712,47934;4663,677686;6,52892562;576,0330579;2,446280992;0,231404959;235,5371901;3250,578512;13,81818182;1,297520661;1329,14876;6,859504132;37,75206612;0,363636364;0,090909091;8,67768595;211,1487603;2,016528926;0,495867769;48,53719008;4622,355372;True;4;False;1;False;1;;;;;
20.03.2023;4639,132231;24,0661157;5,41322314;2455,132231;13781,52893;4573,016529;6,52892562;567,3553719;1,760330579;0,32231405;268,5950413;3139,371901;9,719008264;1,801652893;1486,231405;6,94214876;41,98347107;0,404958678;0,107438017;10,33057851;230,2066116;2,198347107;0,578512397;56,6446281;4531,694215;True;4;False;1;False;1;;;;;
21.03.2023;4654,173554;23,90909091;5,289256198;2383,132231;13420,71074;4588,057851;6,611570248;521,1818182;1,834710744;0,20661157;247,9338843;2893,363636;10,17355372;1,148760331;1376,413223;7,024793388;33,57024793;0,371900826;0,041322314;9,917355372;184,6859504;2,049586777;0,239669422;54,56198347;4546,735537;True;4;False;1;False;1;;;;;
22.03.2023;4669;24,05785124;5,165289256;2625,123967;14830,61983;4602,884298;6,446280992;591,6033058;1,818181818;0,214876033;247,9338843;3294,909091;10,11570248;1,190082645;1380,867769;7,024793388;34,88429752;0,380165289;0,049586777;10,74380165;192,5454545;2,090909091;0,280991736;59,29752066;4561,561983;True;4;False;1;False;1;;;;;
23.03.2023;4643,31405;24,33057851;5,066115702;2662,272727;14957,73554;4577,198347;6,52892562;593,0578512;2,099173554;0,107438017;256,1983471;3284,595041;11,61983471;0,570247934;1418,933884;6,859504132;36,12396694;0,363636364;0,041322314;11,57024793;198,2644628;1,975206612;0,223140496;63,50413223;4535,876033;True;4;False;1;False;1;;;;0,42892562;
24.03.2023;4657,38843;24,29752066;5;2582,801653;14555,20661;4591,272727;6,52892562;571,5702479;2,033057851;0,107438017;239,6694215;3175,322314;11,29752066;0,58677686;1331,471074;6,94214876;29,78512397;0,347107438;0,041322314;10,74380165;163,9834711;1,909090909;0,231404959;59,14876033;4549,950413;True;4;False;1;False;1;;;;;
25.03.2023;4639,041322;24,33884298;5,082644628;2200,619835;12352,60331;4572,92562;6,52892562;499,9586777;0,611570248;0,041322314;243,8016529;2766,38843;3,371900826;0,247933884;1349,016529;6,94214876;34,04958678;0,20661157;0,049586777;10,33057851;186,7024793;1,115702479;0,289256198;56,6446281;4531,603306;True;4;False;1;False;1;;;;;
26.03.2023;4653,553719;24,54545455;5,190082645;1834,454545;10329,43802;4587,438017;6,52892562;488,7190083;1,190082645;0,041322314;243,8016529;2712,77686;6,595041322;0,231404959;1353,297521;6,94214876;42,39669421;0,239669422;0,041322314;9,504132231;233,214876;1,330578512;0,231404959;52,28099174;4546,115702;True;4;False;1;False;1;;;;;
27.03.2023;4727,115702;24,66942149;5,190082645;2231,099174;12761,42975;4661;6,446280992;452,0826446;2,727272727;0,190082645;231,4049587;2549,636364;15,3553719;1,074380165;1305,082645;6,859504132;28,60330579;0,380165289;0,05785124;9,917355372;159,8842975;2,140495868;0,305785124;55,43801653;4619,677686;True;4;False;1;False;1;;;;;
28.03.2023;4756,247934;24,88429752;4,900826446;2378,123967;13686,21488;4690,132231;6,52892562;582,3719008;1,553719008;0,190082645;256,1983471;3304,966942;8,760330579;1,066115702;1453,942149;6,859504132;33,92561983;;;8,26446281;190,8347107;;;46,48760331;4648,809917;True;4;False;1;False;1;;;;;
29.03.2023;4754,330579;24,94214876;4,900826446;2337,735537;13448,41322;4688,214876;6,52892562;556,8677686;0,380165289;0,190082645;247,9338843;3158,966942;2,165289256;1,05785124;1406,46281;7,024793388;28,94214876;0,297520661;0,066115702;13,2231405;162,7355372;1,661157025;0,388429752;74,34710744;4646,892562;True;4;False;1;False;1;;;;;
30.03.2023;4723,413223;24,82644628;5,165289256;2171,77686;12412,42149;4657,297521;6,694214876;506,7107438;0,371900826;0,190082645;231,4049587;2855,479339;2,090909091;1,074380165;1304,041322;6,94214876;37,56198347;0,297520661;0,074380165;6,611570248;209,7933884;1,661157025;0,413223141;36,92561983;4615,975207;True;4;False;1;False;1;;;;;
31.03.2023;4634,644628;24,44628099;4,818181818;2218,727273;12442,44628;4568,528926;6,52892562;480,4958678;1,305785124;0,090909091;223,1404959;2656,140496;7,20661157;0,504132231;1233,504132;6,859504132;30,75206612;0,165289256;0,148760331;8,67768595;168,4545455;0,892561984;0,834710744;47,53719008;4527,206612;True;4;False;1;False;1;;;;;
01.04.2023;4635,247934;24,26446281;4,669421488;2253,669421;12640,03306;4569,132231;6,611570248;453,3057851;1,338842975;0,107438017;185,9504132;2506,165289;7,380165289;0,570247934;1028,057851;6,611570248;23,94214876;1,338842975;0,107438017;10,74380165;131,1735537;7,314049587;0,561983471;58,85950413;4527,809917;True;4;False;1;False;1;;;;;
02.04.2023;4708,710744;24,38016529;4,628099174;2569,859504;14641,85124;4642,595041;6,52892562;562,8099174;1,537190083;0,041322314;245,8677686;3161,61157;8,652892562;0,231404959;1381,173554;6,52892562;36,07438017;1,537190083;0,041322314;11,98347107;200,8429752;8,578512397;0,231404959;66,71900826;4601,272727;True;4;False;1;False;1;8,357024793;142;316,0665289;;
03.04.2023;4683,545455;24,76033058;4,900826446;2151,677686;12193,71901;4617,429752;6,52892562;444,9173554;2,611570248;0,041322314;214,8760331;2485,793388;14,5785124;0,231404959;1200,528926;6,52892562;40,16528926;2,611570248;0,041322314;8,67768595;222,3966942;14,45454545;0,231404959;48,04958678;4576,107438;True;4;False;1;False;1;;;;;
04.04.2023;4650,636364;24,66115702;5,041322314;2099,694215;11815,55372;4584,520661;6,52892562;260,8512397;1,611570248;0,239669422;235,5371901;1446,991736;8,917355372;1,32231405;1306,586777;6,52892562;31,29752066;1,611570248;0,239669422;8,26446281;172,0495868;8,834710744;1,314049587;45,42975207;4543,198347;True;4;False;1;False;1;;;;;
05.04.2023;4610,066116;24,53719008;4,983471074;1929,636364;10763,86777;4543,950413;6,446280992;527,2892562;0,570247934;0,231404959;252,0661157;2899,107438;3,123966942;1,26446281;1385,900826;6,446280992;24,21487603;0,570247934;0,231404959;9,090909091;131,9256198;3,099173554;1,256198347;49,52892562;4502,628099;True;4;False;1;False;1;;;;;
06.04.2023;4597,991736;24,31404959;5,041322314;1973,049587;10977,19835;4531,876033;6,446280992;526,5950413;2,818181818;0,280991736;243,8016529;2887,603306;15,44628099;1,52892562;1336,900826;6,446280992;19,52892562;2,818181818;0,280991736;9,504132231;106,1157025;15,30578512;1,520661157;51,6446281;4490,553719;True;4;False;1;False;1;;;;;
07.04.2023;4645,231405;24,2892562;5,024793388;2070,272727;11636,44628;4579,115702;6,611570248;455,8264463;2,785123967;0,280991736;227,2727273;2525,586777;15,44628099;1,578512397;1259,256198;6,611570248;48,68595041;2,785123967;0,280991736;15,70247934;267,322314;15,30578512;1,561983471;86,21487603;4537,793388;True;4;False;1;False;1;;;;;
08.04.2023;4501,090909;24,07438017;4,94214876;2438,206612;13279,26446;4434,975207;6,446280992;578,0909091;1,090909091;0,041322314;231,4049587;3102,198347;5,851239669;0,223140496;1241,793388;6,446280992;32,50413223;1,090909091;0,041322314;8,67768595;172,8016529;5,801652893;0,223140496;46,1322314;4393,652893;True;4;False;1;False;1;;;;;
09.04.2023;4610,31405;23,68595041;5,685950413;2227,842975;12427,95868;4544,198347;6,446280992;543,3057851;1,140495868;0,041322314;214,8760331;2987,330579;6,256198347;0,223140496;1181,487603;6,446280992;37,25619835;1,140495868;0,041322314;7,024793388;202,9917355;6,198347107;0,223140496;38,27272727;4502,876033;True;4;False;1;False;1;;;;;
10.04.2023;4667,487603;24,10743802;5,165289256;2522,859504;14248,26446;4601,371901;6,52892562;519,214876;0,644628099;0,049586777;214,8760331;2890,809917;3,603305785;0,256198347;1196,355372;6,52892562;36,49586777;0,644628099;0,049586777;6,611570248;201,3719008;3,570247934;0,256198347;36,47933884;4560,049587;True;4;False;1;False;1;;;;;
11.04.2023;4651,016529;24,29752066;4,79338843;2942,46281;16559,3719;4584,900826;6,446280992;561,7768595;1,479338843;0,082644628;206,6115702;3116,586777;8,223140496;0,454545455;1146,22314;6,446280992;34,61983471;1,479338843;0,082644628;6,611570248;190,3305785;8,148760331;0,446280992;36,34710744;4543,578512;True;4;False;1;False;1;;;;;
12.04.2023;4569,619835;23,95867769;4,876033058;2516,38843;13913,71074;4503,504132;6,611570248;571,0743802;2,016528926;0,181818182;202,4793388;3111,917355;10,99173554;0,975206612;1103,355372;6,611570248;38,12396694;2,016528926;0,181818182;7,851239669;205,8429752;10,88429752;0,966942149;42,38842975;4462,181818;True;4;False;1;False;1;;;;;
13.04.2023;4620,272727;23,85123967;5,289256198;2442,958678;13657,40496;4554,157025;6,694214876;467,3553719;1,545454545;0,214876033;293,3884298;2575,371901;8,495867769;1,190082645;1616,727273;6,694214876;37,90082645;1,545454545;0,214876033;7,851239669;206,9586777;8,421487603;1,181818182;42,8677686;4512,834711;True;4;False;1;False;1;;;;;
14.04.2023;4616,157025;23,90909091;5,537190083;1828,46281;10212,96694;4550,041322;6,52892562;478,2892562;1,561983471;0,223140496;256,1983471;2633,22314;8,578512397;1,239669421;1410,512397;6,52892562;35,37190083;1,561983471;0,223140496;8,67768595;192,9752066;8,495867769;1,231404959;47,33884298;4508,719008;True;4;False;1;False;1;;;;0,563223141;
15.04.2023;4615,884298;23,52892562;5,247933884;2183,727273;12196,61983;4549,768595;7,024793388;392,7933884;1,504132231;0,214876033;223,1404959;2162,413223;8,280991736;1,157024793;1228,438017;7,024793388;37,14049587;1,504132231;0,214876033;8,67768595;202,6115702;8,20661157;1,148760331;47,33884298;4508,446281;True;4;False;1;False;1;;;;;
16.04.2023;4652,933884;23,76859504;5,247933884;1826,066116;10280,8595;4586,818182;6,611570248;477,8512397;0,983471074;0,223140496;256,1983471;2652,099174;5,438016529;1,214876033;1421,917355;6,611570248;28,60330579;0,983471074;0,223140496;9,090909091;157,322314;5,388429752;1,20661157;50;4545,495868;True;4;False;1;False;1;;;;;
17.04.2023;4684,396694;24,1322314;5,041322314;2361,570248;13385,66116;4618,280992;6,611570248;580,0826446;0,94214876;0,198347107;318,1818182;3241,570248;5,272727273;1,115702479;1778,041322;6,611570248;17,51239669;0,94214876;0,198347107;9,090909091;96,98347107;5,223140496;1,099173554;50,34710744;4576,958678;True;4;False;1;False;1;;;;;
18.04.2023;4662,834711;24,21487603;5,231404959;2384,198347;13451,69421;4596,719008;6,363636364;533,8016529;0,404958678;0,165289256;330,5785124;2969,024793;2,231404959;0,909090909;1838,68595;6,363636364;37,43801653;0,404958678;0,165289256;9,504132231;206,3553719;2,20661157;0,900826446;52,38842975;4555,396694;True;4;False;1;False;1;;;;;
19.04.2023;4674,033058;24,4214876;5,165289256;2176,652893;12310,2314;4607,917355;6,52892562;431,8595041;2,123966942;0,223140496;247,9338843;2407,867769;11,85950413;1,26446281;1382,371901;6,52892562;19,26446281;2,123966942;0,223140496;8,26446281;106,446281;11,75206612;1,247933884;45,66942149;4566,595041;True;4;False;1;False;1;;;;;
20.04.2023;4744,355372;24,66115702;5,123966942;2204,206612;12653,61157;4678,239669;6,611570248;607,8512397;0,438016529;0,190082645;326,446281;3440,842975;2,495867769;1,082644628;1847,909091;6,611570248;31,0661157;0,438016529;0,190082645;7,024793388;174,3057851;2,479338843;1,074380165;39,41322314;4636,917355;True;4;False;1;False;1;;;;;
21.04.2023;4488,636364;24,84297521;5,082644628;2473,305785;13433,13223;4422,520661;6,611570248;558,677686;0,462809917;0,214876033;326,446281;2989,619835;2,479338843;1,148760331;1746,892562;6,611570248;26,47933884;0,462809917;0,214876033;8,67768595;140,3719008;2,454545455;1,140495868;46;4381,198347;True;4;False;1;False;1;;;;;
22.04.2023;4785,322314;25,47933884;4,983471074;2504,900826;14503,95041;4719,206612;6,446280992;540,1652893;0,454545455;0,20661157;268,5950413;3084,471074;2,58677686;1,190082645;1533,743802;6,446280992;31,6446281;0,454545455;0,20661157;10,33057851;179,1157025;2,570247934;1,181818182;58,47107438;4677,884298;True;4;False;1;False;1;;;;;
23.04.2023;4761,652893;25,14876033;4,776859504;2551,785124;14702,36364;4695,53719;6,363636364;260,2809917;0,446280992;0,20661157;169,4214876;1478,809917;2,520661157;1,165289256;962,5867769;6,363636364;52,19834711;0,446280992;0,20661157;8,67768595;293,9586777;2,495867769;1,157024793;48,8677686;4654,214876;True;4;False;1;False;1;;;;;
24.04.2023;4596,066116;25,09917355;4,818181818;2446,371901;13604,83471;4529,950413;6,611570248;559,5041322;0,438016529;0,115702479;272,7272727;3066,77686;2,41322314;0,644628099;1494,884298;6,611570248;24,19008264;0,438016529;0,115702479;9,917355372;131,3801653;2,388429752;0,636363636;53,85950413;4488,628099;True;4;False;1;False;1;;;;;
25.04.2023;4688,190083;25,10743802;4,462809917;2622,983471;14879,43802;4622,07438;6,52892562;522,6859504;0,454545455;0,123966942;334,7107438;2923,231405;2,52892562;0,694214876;1871,942149;6,52892562;30,08264463;0,454545455;0,123966942;9,090909091;166,7355372;2,512396694;0,694214876;50,38842975;4580,752066;True;4;False;1;False;1;;;;;
26.04.2023;4663,826446;25,38016529;4,73553719;2685,024793;15152,19008;4597,710744;6,611570248;563,3471074;0,462809917;0,099173554;400,8264463;3134,033058;2,553719008;0,545454546;2229,892562;6,611570248;34,50413223;0,462809917;0,099173554;9,504132231;190,231405;2,52892562;0,537190083;52,39669421;4556,38843;True;4;False;1;False;1;;;;;
27.04.2023;4652,338843;25,63636364;5,082644628;2435,644628;13711,03306;4586,22314;6,611570248;490,8677686;1,479338843;0,132231405;177,6859504;2723,991736;8,190082645;0,719008265;986,0413223;6,611570248;34,50413223;1,479338843;0,132231405;7,851239669;189,7520661;8,115702479;0,710743802;43,17355372;4544,900826;True;4;False;1;False;1;;;;;
28.04.2023;4640,859504;25,81818182;4,694214876;2552,471074;14333,2314;4574,743802;6,611570248;542,5619835;0,256198347;0,099173554;210,7438017;3003,322314;1,396694215;0,561983471;1166,561983;6,611570248;39,50413223;0,256198347;0,099173554;7,851239669;216,6942149;1,380165289;0,553719008;43,0661157;4533,421488;True;4;False;1;False;1;;;;;
29.04.2023;4558,305785;25,54545455;5,024793388;2639,363636;14557,52893;4492,190083;6,52892562;532,231405;0,305785124;0,123966942;194,214876;2892,975207;1,644628099;0,661157025;1055,661157;6,52892562;33,43801653;0,305785124;0,123966942;7,851239669;180,0826446;1,636363636;0,652892562;42,28099174;4450,867769;True;4;False;1;False;1;;;;;
30.04.2023;4701,760331;25,51239669;4,94214876;2136,966942;12157,45455;4635,644628;6,694214876;553,4297521;0,297520661;0,115702479;169,4214876;3104,231405;1,685950413;0,652892562;950,3057851;6,694214876;16,4214876;0,297520661;0,115702479;8,67768595;91,2892562;1,669421488;0,644628099;48,23966942;4594,322314;True;4;False;1;False;1;;;;;
01.05.2023;4644,280992;25,43801653;4,710743802;2762,570248;15524,46281;4578,165289;6,52892562;530,6942149;0,314049587;0,115702479;166,1157025;2939,826446;1,73553719;0,644628099;920,214876;6,52892562;37,0661157;0,314049587;0,115702479;8,26446281;203,4793388;1,719008264;0,636363636;45,37190083;4536,842975;True;4;False;1;False;1;;;;;
02.05.2023;4642,958678;25,73553719;4,917355372;2717,68595;15267,90083;4576,842975;6,611570248;538,5123967;0,834710744;0,090909091;185,9504132;2982,272727;4,619834711;0,504132231;1029,785124;6,611570248;29,00826446;0,834710744;0,090909091;6,198347107;160,6446281;4,619834711;0,504132231;34,32231405;4576,842975;True;4;False;1;False;1;;;;;
03.05.2023;4607,206612;25,79338843;5,107438017;2472,31405;13782,45455;4541,090909;6,611570248;451,9834711;0,504132231;0,107438017;148,7603306;2483,520661;2,776859504;0,570247934;817,3966942;6,611570248;30,33884298;0,504132231;0,107438017;6,818181818;165,1900826;2,752066116;0,570247934;37,12396694;4499,768595;True;4;False;1;False;1;;;;;
04.05.2023;4648,595041;25,7768595;5,066115702;2342,049587;13173,54545;4582,479339;6,694214876;490,8677686;0,26446281;0,132231405;159,0909091;2721,768595;1,454545455;0,710743802;882,1239669;6,694214876;28,2231405;0,26446281;0,132231405;5,991735537;155,0826446;1,438016529;0,710743802;32,92561983;4541,157025;True;4;False;1;False;1;;;;;
05.05.2023;4701,066116;25,63636364;5,190082645;2358,520661;13415,95041;4634,950413;6,694214876;444,6280992;0,347107438;0,115702479;142,5619835;2493,603306;1,94214876;0,644628099;799,5289256;6,694214876;28,47107438;0,347107438;0,115702479;7,024793388;158,2479339;1,925619835;0,636363636;39,04958678;4593,628099;True;4;False;1;False;1;3,160330579;85,23305785;713,5045455;;
06.05.2023;4701,743802;25,49586777;5,066115702;2188,123967;12448,45455;4635,628099;6,694214876;379,7933884;0,801652893;0,090909091;123,9669421;2130,305785;4,479338843;0,520661157;695,3471074;6,694214876;30,91735537;0,801652893;0,090909091;7,851239669;171,8760331;4,446280992;0,520661157;43,6446281;4594,305785;True;4;False;1;False;1;;;;;
07.05.2023;4649,991736;25,23140496;5,396694215;2472,090909;13909,16529;4649,991736;6,694214876;450;0,909090909;0,099173554;140,4958678;2531,917355;5,090909091;0,570247934;790,4958678;6,694214876;34,96694215;0,909090909;0,099173554;7,438016529;194,9917355;5,049586777;0,570247934;41,47933884;4608,669421;True;4;False;1;False;1;;;;;
08.05.2023;4653,801653;25,02479339;5,231404959;2306,495868;12988,1157;4653,801653;6,694214876;456,214876;1,049586777;0,107438017;114,0495868;2568,966942;5,925619835;0,58677686;642,2231405;6,694214876;32,88429752;1,049586777;0,107438017;7,438016529;183,8595041;5,884297521;0,578512397;41,58677686;4620,743802;True;4;False;1;False;1;;;;;
09.05.2023;4735,520661;24,57024793;5,123966942;2734,661157;15669,55372;4735,520661;6,694214876;520,7438017;1,082644628;0,107438017;122,3140496;2983,826446;6,198347107;0,611570248;700,8595041;6,694214876;38,39669421;1,082644628;0,107438017;3,223140496;220,0082645;6,198347107;0,611570248;18,47107438;4735,520661;True;4;False;1;False;1;;;;;
10.05.2023;4776,46281;24,33057851;5,107438017;3281,272727;18964,17355;4710,347107;6,694214876;555,661157;0,991735537;0,099173554;136,3636364;3167;5,661157025;0,545454546;777,2066116;6,694214876;30,76859504;0,991735537;0,099173554;9,917355372;175,3636364;5,661157025;0,545454546;56,52066116;4710,347107;True;4;False;1;False;1;;;;;
11.05.2023;4807,661157;24,60330579;5,289256198;2942,561983;17117,68595;4741,545455;6,694214876;651,6528926;0,94214876;0,107438017;140,4958678;3738,710744;5,388429752;0,603305785;806,0661157;6,694214876;31,12396694;0,94214876;0,107438017;10,74380165;177,0082645;5,347107438;0,595041322;61,09917355;4700,22314;True;4;False;1;False;1;;;;;
12.05.2023;4759,280992;25;5,396694215;2377,173554;13689,47934;4693,165289;6,694214876;552,6446281;2,066115702;0,157024793;150,8264463;3138,322314;11,75206612;0,892561984;856,5041322;6,694214876;41,81818182;2,066115702;0,157024793;11,15702479;235,3801653;11,6446281;0,884297521;62,80165289;4651,842975;True;4;False;1;False;1;;;;1,939256198;
13.05.2023;4783,85124;25,20661157;5,41322314;2256,818182;13063,50413;4717,735537;6,694214876;575,2066116;1,818181818;0,099173554;142,5619835;3283,545455;10,36363636;0,553719008;813,8099174;6,694214876;34,66942149;1,818181818;0,099173554;10,95041322;196,1735537;10,27272727;0,545454546;61,95867769;4676,413223;True;4;False;1;False;1;;;;;
14.05.2023;4736,404959;25,47107438;5,438016529;2721,570248;15597,46281;4670,289256;6,694214876;490,4545455;1,611570248;0,123966942;128,0991736;2771,586777;9,107438017;0,67768595;723,892562;6,694214876;33,03305785;1,611570248;0,123966942;11,98347107;185,0165289;9,024793388;0,669421488;67,12396694;4628,966942;True;4;False;1;False;1;;;;;
15.05.2023;4719,710744;25,51239669;5,041322314;2681,355372;15312,81818;4653,595041;6,611570248;510,6198347;1,32231405;0,123966942;111,5702479;2875,22314;7,446280992;0,67768595;628,2396694;6,611570248;33,76033058;1,32231405;0,123966942;9,504132231;189,2561983;7,41322314;0,67768595;53,28099174;4632,933884;True;4;False;1;False;1;;;;;
16.05.2023;4703,033058;25,82644628;4,983471074;2719,909091;15478,10744;4636,917355;6,694214876;551,7768595;1,033057851;0,107438017;106,6115702;3095,818182;5,809917355;0,603305785;598,1652893;6,694214876;42,82644628;1,033057851;0,107438017;9,917355372;239,214876;5,785123967;0,603305785;55,39669421;4616,256198;True;4;False;1;False;1;;;;;
17.05.2023;4655,785124;25,90082645;5;2488,347107;14018,10744;4655,785124;6,611570248;511,3140496;1,016528926;0,115702479;114,8760331;2880,487603;5,719008264;0,644628099;647,1570248;6,611570248;39,39669421;1,016528926;0,115702479;9,090909091;219,9752066;5,669421488;0,636363636;50,76033058;4614,46281;True;4;False;1;False;1;;;;;
18.05.2023;4664,694215;25,83471074;5,107438017;2735,31405;15438,84298;4664,694215;6,611570248;493,4710744;0,421487603;0,090909091;132,231405;2785,289256;2,380165289;0,495867769;746,3471074;6,611570248;36,00826446;0,421487603;0,090909091;10,74380165;201,4380165;2,363636364;0,495867769;60,10743802;4623,371901;True;4;False;1;False;1;;;;;
19.05.2023;4739,289256;25,7768595;4,94214876;2679,859504;15367,7438;4739,289256;6,611570248;453,0578512;0,487603306;0,107438017;119,8347107;2598,082645;2,79338843;0,603305785;687,1983471;6,611570248;44,10743802;0,487603306;0,107438017;10,74380165;250,7272727;2,768595041;0,595041322;61,07438017;4697,966942;True;4;False;1;False;1;;;;;
20.05.2023;4742,247934;25,54545455;5,190082645;2417,404959;13871,36364;4742,247934;6,611570248;457,6446281;1,338842975;0,115702479;111,5702479;2626,016529;7,694214876;0,652892562;640,2066116;6,611570248;40,33057851;1,338842975;0,115702479;10,12396694;229,4049587;7,628099174;0,644628099;57,58677686;4700,92562;True;4;False;1;False;1;;;;;
21.05.2023;4763,892562;25,42975207;5,165289256;2316,371901;13352,30579;4763,892562;6,52892562;468,3471074;1,702479339;0,115702479;115,7024793;2699,702479;9,826446281;0,669421488;666,9421488;6,52892562;22,68595041;1,702479339;0,115702479;9,917355372;129,6363636;9,743801653;0,661157025;56,66942149;4722,570248;True;4;False;1;False;1;;;;;
22.05.2023;4780,661157;25,5785124;5,107438017;2560,834711;14813,41322;4714,545455;6,611570248;345,7355372;1,884297521;0,099173554;115,7024793;1972,256198;10,74380165;0,553719008;660,0330579;6,611570248;42,83471074;1,884297521;0,099173554;8,26446281;242,214876;10,6446281;0,545454546;46,73553719;4673,22314;True;4;False;1;False;1;;;;;
23.05.2023;4660,355372;25,95867769;5,371900826;2641,107438;14893,28099;4594,239669;6,52892562;483,6198347;3,26446281;0,082644628;115,7024793;2688,438017;18,14876033;0,438016529;643,1900826;6,52892562;50,11570248;3,26446281;0,082644628;8,26446281;276,0909091;17,99173554;0,438016529;45,52892562;4552,917355;True;4;False;1;False;1;;;;;
24.05.2023;4639,289256;26,24793388;5,231404959;2816,22314;15808,95868;4573,173554;6,611570248;563,5702479;3,049586777;0,115702479;124,7933884;3118,512397;16,89256198;0,628099174;690,5454545;6,611570248;34,02479339;3,049586777;0,115702479;8,67768595;186,5785124;16,73553719;0,628099174;47,58677686;4531,85124;True;4;False;1;False;1;;;;;
25.05.2023;4615,016529;26,0661157;5,479338843;2303,710744;12864,30579;4548,900826;6,611570248;467,0909091;3,024793388;0,115702479;119,8347107;2570,92562;16,65289256;0,636363636;659,5867769;6,611570248;32,76033058;3,024793388;0,115702479;11,15702479;178,677686;16,50413223;0,628099174;60,85123967;4507,578512;True;4;False;1;False;1;;;;;
26.05.2023;4560,413223;25,94214876;5,024793388;2376,239669;13112,32231;4494,297521;6,611570248;429,2561983;2,636363636;0,090909091;119,8347107;2334,338843;14,33057851;0,479338843;651,6694215;6,611570248;25,07438017;2,636363636;0,090909091;9,917355372;135,0991736;14,19834711;0,47107438;53,43801653;4452,975207;True;4;False;1;False;1;;;;;
27.05.2023;4655,958678;25,91735537;4,983471074;2544,991736;14337,73554;4589,842975;6,611570248;396,1157025;2,438016529;0,115702479;111,5702479;2199,909091;13,55371901;0,636363636;619,6280992;6,611570248;34,12396694;2,438016529;0,115702479;9,917355372;187,8099174;13,42975207;0,628099174;54,5785124;4548,520661;True;4;False;1;False;1;;;;;
28.05.2023;4674,694215;26,04132231;5,355371901;2534,826446;14337,93388;4608,578512;6,611570248;468,3471074;5,173553719;0,132231405;119,8347107;2611,677686;28,84297521;0,752066116;668,2479339;6,611570248;28,71900826;5,173553719;0,132231405;12,19008264;158,7107438;28,5785124;0,752066116;67,36363636;4567,256198;True;4;False;1;False;1;;;;;
29.05.2023;4643,305785;26,18181818;5,148760331;2528,190083;14204,39669;4577,190083;6,52892562;431,5289256;5,066115702;0,132231405;107,4380165;2389,983471;28,0661157;0,719008265;595,0330579;6,52892562;38,30578512;5,066115702;0,132231405;10,33057851;210,2396694;27,80991736;0,710743802;56,70247934;4535,867769;True;4;False;1;False;1;;;;;
30.05.2023;4622,809917;26,28099174;5,247933884;2948,793388;16494,35537;4556,694215;6,611570248;534,9504132;6,776859504;0,066115702;107,4380165;2949,504132;37,37190083;0,355371901;592,3719008;6,611570248;28,87603306;6,776859504;0,066115702;9,917355372;157,768595;37,03305785;0,355371901;54,18181818;4515,371901;True;4;False;1;False;1;;;;;
31.05.2023;4748,636364;26,45454545;5,396694215;2875,371901;16521,44628;4682,520661;6,694214876;447,8347107;5,851239669;0,090909091;115,7024793;2537,338843;33,14049587;0,52892562;655,553719;6,694214876;39,01652893;5,851239669;0,090909091;9,917355372;219,107438;32,85123967;0,520661157;55,69421488;4641,198347;True;4;False;1;False;1;;;;;
01.06.2023;4569,247934;26,65289256;5,603305785;2620,793388;14489,81818;4503,132231;6,694214876;645,3305785;5,785123967;0,099173554;113,6363636;3516,247934;31,52066116;0,52892562;619,1818182;6,694214876;33,33057851;5,785123967;0,099173554;11,57024793;179,9421488;31,23140496;0,520661157;62,46280992;4461,809917;True;4;False;1;False;1;4,226859504;68,44441322;438,0256198;;
02.06.2023;4704,123967;26,80991736;5,603305785;2663,801653;15162,33884;4638,008264;6,776859504;649,5454545;5,768595041;0,099173554;111,5702479;3645,239669;32,37190083;0,553719008;626,1322314;6,776859504;32,31404959;5,768595041;0,099173554;11,98347107;179,7272727;32,08264463;0,545454546;66,65289256;4596,68595;True;4;False;1;False;1;;;;;
03.06.2023;4671,578512;26,72727273;5,41322314;2853,099174;16127,46281;4605,46281;6,611570248;493,1900826;3,305785124;0,082644628;114,0495868;2748,330579;18,41322314;0,462809917;635,553719;6,611570248;57,50413223;3,305785124;0,082644628;12,39669421;317,5702479;18,24793388;0,462809917;68,46280992;4564,140496;True;4;False;1;False;1;;;;;
04.06.2023;4817,801653;27,07438017;5,289256198;2618,603306;15265,27273;4751,68595;6,611570248;388,6363636;4,231404959;0,074380165;66,11570248;2234,479339;24,34710744;0,421487603;380,1322314;6,611570248;39,80165289;4,231404959;0,074380165;11,57024793;226,8512397;24,1322314;0,413223141;65,94214876;4710,363636;True;4;False;1;False;1;;;;;
05.06.2023;4721,479339;27,20661157;5,024793388;2341,115702;13374,77686;4655,363636;6,52892562;476,3140496;4,851239669;0,082644628;66,11570248;2683,07438;27,32231405;0,479338843;372,4297521;6,52892562;37,69421488;4,851239669;0,082644628;12,39669421;210,446281;27,08264463;0,479338843;69,20661157;4614,041322;True;4;False;1;False;1;;;;;
06.06.2023;4713,297521;26,76859504;5,082644628;2799;15962,93388;4647,181818;6,694214876;419,5206612;5,198347107;0,099173554;123,9669421;2359;29,20661157;0,553719008;697,0743802;6,694214876;45,42975207;5,198347107;0,099173554;12,39669421;253,1818182;28,95041322;0,545454546;69,09090909;4605,859504;True;4;False;1;False;1;;;;;
07.06.2023;4731,661157;26,43801653;5,190082645;2328,264463;13330,03306;4665,545455;7,107438017;386,1570248;2,090909091;0,214876033;90,90909091;2179,975207;11,79338843;1,231404959;513,2066116;7,107438017;38,55371901;2,090909091;0,214876033;12,80991736;215,7190083;11,68595041;1,223140496;71,67768595;4624,22314;True;4;False;1;False;1;;;;;
08.06.2023;4891,669421;26,1322314;5,247933884;2680,363636;15864,84298;4825,553719;6,611570248;420,8677686;2,925619835;0,280991736;86,7768595;2457,413223;17,05785124;1,652892562;506,6859504;6,611570248;36,19834711;2,925619835;0,280991736;11,98347107;209,5454545;16,90909091;1,636363636;69,37190083;4784,231405;True;4;False;1;False;1;;;;;
09.06.2023;4547,793388;26,09917355;5,231404959;2558,099174;14076,79339;4481,677686;6,694214876;366,7438017;1,363636364;0,041322314;90,90909091;1988,768595;7,41322314;0,223140496;492,9834711;6,694214876;39,62809917;1,363636364;0,041322314;12,39669421;212,9173554;7,347107438;0,223140496;66,60330579;4440,355372;True;4;False;1;False;1;;;;;
10.06.2023;4322,082645;26,04958678;5,272727273;2794,793388;14615,98347;4255,966942;6,694214876;501,3140496;2,421487603;0,157024793;107,4380165;2581,603306;12,45454545;0,818181818;553,2727273;6,694214876;40,0661157;2,421487603;0,157024793;12,39669421;204,322314;12,33057851;0,809917355;63,2231405;4214,644628;True;4;False;1;False;1;;;;;
11.06.2023;4673,190083;25,95867769;5,107438017;2188,661157;12375,89256;4607,07438;6,611570248;392,1157025;0,512396694;0,107438017;109,0909091;2185,876033;2,867768595;0,611570248;608,1322314;6,611570248;31,59504132;0,512396694;0,107438017;11,15702479;174,5454545;2,842975207;0,603305785;61,63636364;4565,752066;True;4;False;1;False;1;;;;;
12.06.2023;4760,677686;25,81818182;5,20661157;2437,942149;14043,59504;4694,561983;6,611570248;301,0495868;0,52892562;0,074380165;86,7768595;1710,090909;3,008264463;0,421487603;492,9256198;6,611570248;42,12396694;0,52892562;0,074380165;11,15702479;237,1735537;2,975206612;0,421487603;62,81818182;4653,239669;True;4;False;1;False;1;;;;;
13.06.2023;4740,396694;25,24793388;4,94214876;2580,396694;14800,80992;4674,280992;6,611570248;406,6115702;5,867768595;0,239669422;88,84297521;2299,743802;33,16528926;1,330578512;502,4876033;6,611570248;42,47933884;5,867768595;0,239669422;10,12396694;238,1322314;32,8677686;1,32231405;56,75206612;4632,958678;True;4;False;1;False;1;;;;;
14.06.2023;4744,31405;25,05785124;5,082644628;2654,702479;15239,6281;4678,198347;6,52892562;394,7107438;4,32231405;0,26446281;66,11570248;2234,305785;24,47933884;1,487603306;374,2561983;6,52892562;34,50413223;4,32231405;0,26446281;11,57024793;193,5867769;24,26446281;1,47107438;64,91735537;4636,876033;True;4;False;1;False;1;;;;13,37231405;
15.06.2023;4843,396694;25,2231405;4,983471074;2152,793388;12616,43802;4777,280992;6,446280992;580,4958678;7,652892562;0,363636364;111,5702479;3355,561983;44,25619835;2,099173554;644,9338843;6,446280992;34,75206612;7,652892562;0,363636364;9,504132231;199,1487603;43,87603306;2,082644628;54,46280992;4735,958678;True;4;False;1;False;1;;;;;
16.06.2023;4859,214876;25,62809917;5;2411,016529;14175,91736;4793,099174;6,446280992;595,9504132;8,297520661;0,404958678;119,8347107;3456,305785;48,12396694;2,330578512;695;6,446280992;40,50413223;8,297520661;0,404958678;8,67768595;232,8842975;47,7107438;2,305785124;49,89256198;4751,77686;True;4;False;1;False;1;;;;;
17.06.2023;4823,46281;25,87603306;5,330578512;2510,289256;14651,03306;4757,347107;6,776859504;649,6363636;8,223140496;0,404958678;101,2396694;3739,561983;47,33884298;2,305785124;582,7768595;6,776859504;31,03305785;8,223140496;0,404958678;8,67768595;177,0909091;46,92561983;2,289256198;49,52066116;4716,024793;True;4;False;1;False;1;;;;;
18.06.2023;4719,991736;26,34710744;4,917355372;2537,694215;14493,26446;4653,876033;6,52892562;205,9917355;8,702479339;0,396694215;98,76033058;1159,958678;48,98347107;2,20661157;556,1404959;6,52892562;25,41322314;8,702479339;0,396694215;8,67768595;143,107438;48,98347107;2,20661157;48,8677686;4653,876033;True;4;False;1;False;1;;;;;
19.06.2023;4720,636364;26,12396694;4,94214876;2532,355372;14464,72727;4654,520661;6,611570248;401,8347107;0,685950413;0,041322314;107,4380165;2263,115702;3,859504132;0,231404959;605,0909091;6,611570248;41,23140496;0,685950413;0,041322314;11,15702479;232,214876;3,859504132;0,231404959;62,83471074;4654,520661;True;4;False;1;False;1;;;;;
20.06.2023;4681,107438;25,65289256;4,876033058;2255,561983;12775,80165;4614,991736;6,52892562;307,4297521;0,727272727;0,041322314;107,4380165;1716,735537;4,049586777;0,231404959;599,9504132;6,52892562;48,91735537;0,727272727;0,041322314;9,917355372;273,1652893;4,049586777;0,231404959;55,38016529;4614,991736;True;4;False;1;False;1;;;;;
21.06.2023;4637,545455;25,29752066;5,066115702;2225,917355;12490,59504;4571,429752;6,611570248;360,2892562;3,305785124;0,214876033;103,3057851;1992,917355;18,2892562;1,181818182;571,4297521;6,611570248;45,95041322;3,305785124;0,214876033;10,12396694;251,8760331;18,12396694;1,165289256;55,49586777;4530,107438;True;4;False;1;False;1;;;;;
22.06.2023;4703,173554;24,97520661;5,330578512;2539,049587;14449,31405;4637,057851;6,611570248;401,8595041;4,305785124;0,214876033;103,3057851;2254,768595;24,15702479;1,181818182;579,6280992;6,611570248;37,14876033;4,305785124;0,214876033;10,33057851;206,5785124;23,94214876;1,173553719;57,44628099;4595,735537;True;4;False;1;False;1;;;;;
23.06.2023;4844,46281;24,9338843;5,272727273;2402,876033;14085,16529;4778,347107;6,694214876;390,8264463;2,661157025;0,289256198;111,5702479;2259,68595;15,36363636;1,661157025;645,0743802;6,694214876;31,75206612;2,661157025;0,289256198;9,917355372;182,7933884;15,29752066;1,652892562;57,09090909;4757,68595;True;4;False;1;False;1;;;;;
24.06.2023;4733,46281;25,14876033;5,082644628;1955,330579;11199,1405;4667,347107;6,694214876;376,8595041;2,851239669;0,305785124;111,5702479;2128,31405;16,09917355;1,719008264;630,0909091;6,694214876;36,16528926;2,851239669;0,305785124;9,504132231;203,338843;16,03305785;1,710743802;53,43801653;4646,68595;True;4;False;1;False;1;;;;;
25.06.2023;4726,53719;25,53719008;4,834710744;2260,322314;12927,00826;4660,421488;6,611570248;374,0909091;2,917355372;0,314049587;107,4380165;2109,53719;16,42975207;1,79338843;605,8512397;6,611570248;31,37190083;2,917355372;0,314049587;9,090909091;176,1239669;16,3553719;1,785123967;51,04132231;4639,760331;True;4;False;1;False;1;;;;;
26.06.2023;4684,586777;25,76859504;4,79338843;2159,578512;12241,24793;4618,471074;6,52892562;392,7768595;2,966942149;0,330578512;115,7024793;2194,950413;16,5785124;1,859504132;646,5867769;6,52892562;18,95867769;2,966942149;0,330578512;12,39669421;105,9504132;16,5785124;1,859504132;69,28099174;4618,471074;True;4;False;1;False;1;;;;;
27.06.2023;4729,280992;25,61983471;4,917355372;2346,181818;13425,82645;4663,165289;6,52892562;380,661157;0,280991736;0,074380165;104,9586777;2147,85124;1,595041322;0,413223141;592,2231405;6,52892562;33,98347107;0,280991736;0,074380165;9,504132231;190,0495868;1,578512397;0,413223141;53,14876033;4621,842975;True;4;False;1;False;1;;;;;
28.06.2023;4675,322314;25,70247934;4,694214876;2363,966942;13373,28926;4609,206612;6,52892562;350,6446281;0,347107438;0,05785124;97,52066116;1955,570248;1,909090909;0,338842975;543,8842975;6,52892562;27,69421488;0,347107438;0,05785124;9,504132231;153,0661157;1,892561983;0,338842975;52,52892562;4567,884298;True;4;False;1;False;1;;;;;
29.06.2023;4667,793388;25,97520661;4,94214876;2217,438017;12524,14876;4601,677686;6,611570248;298,553719;2,851239669;0,041322314;103,3057851;1662,355372;15,87603306;0,231404959;575,2066116;6,611570248;40,70247934;2,851239669;0,041322314;9,917355372;224,5950413;15,73553719;0,231404959;54,72727273;4560,355372;True;4;False;1;False;1;;;;;
30.06.2023;4658,07438;26,19008264;5,289256198;2600,619835;14657,79339;4591,958678;6,611570248;350,785124;3,074380165;0,041322314;95,04132231;1949,057851;17,07438017;0,231404959;528,0743802;6,611570248;38,38842975;3,074380165;0,041322314;10,12396694;211,9504132;16,96694215;0,231404959;55,90082645;4563,033058;True;4;False;1;False;1;;;;;
01.07.2023;4765,256198;26,39669421;5,066115702;2904,132231;16745,10744;4699,140496;6,694214876;475,4958678;1,479338843;0,099173554;115,7024793;2703,652893;8,388429752;0,570247934;657,8760331;6,694214876;29,32231405;1,479338843;0,099173554;10,33057851;165,8429752;8,347107438;0,561983471;58,42975207;4674,347107;True;4;False;1;False;1;;;;;
02.07.2023;4667,818182;26,8677686;5,024793388;2620,107438;14798,5124;4601,702479;6,52892562;452,5206612;1,371900826;0,115702479;119,8347107;2519,661157;7,636363636;0,628099174;667,2479339;6,52892562;35,38842975;1,371900826;0,115702479;8,67768595;195,9834711;7,595041322;0,628099174;48,05785124;4576,909091;True;4;False;1;False;1;7,48553719;102,0950413;479,7520661;;
03.07.2023;4708,347107;26,95867769;5,107438017;2613,834711;14891,27273;4642,231405;6,611570248;457,661157;1,338842975;0,123966942;132,231405;2570,727273;7,512396694;0,669421488;742,7603306;6,611570248;45,16528926;1,338842975;0,123966942;5,785123967;253,6942149;7,512396694;0,669421488;32,49586777;4642,231405;True;4;False;1;False;1;;;;;
04.07.2023;4668,92562;26,88429752;5,041322314;2208,92562;12479,09917;4602,809917;6,611570248;395,7520661;1,123966942;0,123966942;123,9669421;2204,099174;6,247933884;0,685950413;690,4214876;6,611570248;37,04958678;1,123966942;0,123966942;6,611570248;206,3471074;6,247933884;0,685950413;36,82644628;4602,809917;True;4;False;1;False;1;;;;;
05.07.2023;4677,107438;26,99173554;4,834710744;2156,31405;12203,22314;4610,991736;6,52892562;367,6859504;0,925619835;0,066115702;128,0991736;2051,429752;5,181818182;0,363636364;714,7024793;6,52892562;32,89256198;0,925619835;0,066115702;6,818181818;183,5206612;5,181818182;0,363636364;38,04132231;4610,991736;True;4;False;1;False;1;;;;;
06.07.2023;4636,289256;27,20661157;4,818181818;2428,165289;13621,76033;4570,173554;6,611570248;413,3057851;0,909090909;0,066115702;128,0991736;2285,545455;5,016528926;0,380165289;708,3801653;6,611570248;26,52892562;0,909090909;0,066115702;6,818181818;146,1735537;5;0,380165289;37,57024793;4553,644628;True;4;False;1;False;1;;;;;
07.07.2023;4664,752066;27,14049587;4,818181818;2466,677686;13922,76033;4598,636364;6,694214876;382,8347107;5,561983471;0,066115702;132,231405;2130,22314;30,94214876;0,363636364;735,785124;6,694214876;29,10743802;5,561983471;0,066115702;7,438016529;161,3801653;30,83471074;0,363636364;41,23966942;4582,107438;True;4;False;1;False;1;;;;;
08.07.2023;4669,115702;27,04958678;5,107438017;2185,132231;12345,19008;4603;6,694214876;433,2975207;0,719008265;0,041322314;123,9669421;2413,305785;4,008264463;0,231404959;690,446281;6,694214876;31,39669421;0,719008265;0,041322314;8,26446281;174,2396694;3,991735537;0,231404959;45,8677686;4586,471074;True;4;False;1;False;1;;;;;
09.07.2023;4725,661157;26,91735537;5,066115702;2370,991736;13557,43802;4659,545455;6,611570248;423,1404959;4,090909091;0,099173554;65,70247934;2385,68595;23,0661157;0,537190083;370,4297521;6,611570248;31,67768595;4,090909091;0,099173554;7,851239669;177,9669421;22,98347107;0,537190083;44,10743802;4643,016529;True;4;False;1;False;1;;;;;
10.07.2023;4756;26,82644628;4,834710744;2911,264463;16753,60331;4689,884298;6,776859504;367,768595;2,826446281;0,082644628;126,0330579;2087;16,04958678;0,479338843;715,2066116;6,776859504;30,51239669;2,826446281;0,082644628;7,851239669;172,5371901;16;0,479338843;44,39669421;4673,355372;True;4;False;1;False;1;;;;;
11.07.2023;4792,38843;27,09090909;4,834710744;2598,495868;15068,09917;4726,272727;6,694214876;458,8181818;2,752066116;0,090909091;160,3305785;2623,884298;15,72727273;0,504132231;916,892562;6,694214876;41,68595041;2,752066116;0,090909091;6,611570248;237,5619835;15,67768595;0,495867769;37,67768595;4709,743802;True;4;False;1;False;1;;;;;
12.07.2023;4810,876033;26,70247934;4,876033058;2567,859504;14947,91736;4744,760331;6,694214876;438,9586777;1,049586777;0,090909091;130,5785124;2520,107438;6,041322314;0,520661157;749,6694215;6,694214876;37,19008264;1,049586777;0,090909091;8,181818182;212,768595;6,016528926;0,512396694;46,80991736;4728,231405;True;4;False;1;False;1;;;;;
13.07.2023;4707,347107;27,17355372;5,165289256;2292,190083;13056,05785;4641,231405;6,694214876;545,4132231;2,479338843;0,082644628;165,2892562;3062,975207;13,90082645;0,47107438;928,2479339;6,694214876;28,92561983;2,479338843;0,082644628;9,917355372;161,8677686;13,85123967;0,47107438;55,49586777;4624,702479;True;4;False;1;False;1;;;;;
14.07.2023;4780,165289;24,97520661;5;2599,082645;15033,09091;4714,049587;6,611570248;713,553719;2,272727273;0,074380165;190,0826446;4070,115702;12,94214876;0,446280992;1084,231405;6,611570248;40,52892562;2,272727273;0,074380165;10,74380165;230,3636364;12,89256198;0,438016529;61,0661157;4697,520661;True;4;False;1;False;1;;;;;
15.07.2023;4773,214876;24,24793388;4,94214876;2545,280992;14700,4876;4707,099174;6,52892562;736,5123967;3,380165289;0,041322314;165,2892562;4194,867769;19,23966942;0,231404959;941,4214876;6,52892562;20,76859504;3,380165289;0,041322314;8,26446281;117,8760331;19,17355372;0,231404959;46,90909091;4690,570248;True;4;False;1;False;1;;;;;
16.07.2023;4760,553719;23,14049587;5,123966942;2616,140496;15069,64463;4694,438017;6,446280992;754,7933884;4,545454545;0,256198347;198,3471074;4287,404959;25,81818182;1,47107438;1126,661157;6,446280992;34,7768595;4,545454545;0,256198347;9,090909091;196,8429752;25,72727273;1,47107438;51,45454545;4677,909091;True;4;False;1;False;1;;;;;
17.07.2023;4801,743802;22,7107438;5,355371901;2380,950413;13833,57851;4735,628099;6,52892562;785,1239669;5,289256198;0,107438017;185,9504132;4498,842975;30,32231405;0,611570248;1065,512397;6,52892562;42,23140496;5,289256198;0,107438017;11,15702479;241,1487603;30,21487603;0,611570248;63,7107438;4719,099174;True;4;False;1;False;1;;;;;
18.07.2023;4840,77686;22,94214876;5,024793388;2624,983471;15375,40496;4774,661157;6,611570248;811,5702479;4,636363636;0,099173554;136,3636364;4688,719008;26,7768595;0,570247934;787,8181818;6,611570248;44,33884298;4,636363636;0,099173554;9,504132231;255,0495868;26,66115702;0,561983471;54,66942149;4754;True;4;False;1;False;1;;;;;
19.07.2023;4835,669421;17,51239669;4,94214876;2405,371901;14074,21488;4769,553719;6,52892562;796,3140496;3,661157025;0,231404959;66,11570248;4595,628099;21,14049587;1,314049587;381,5619835;6,52892562;34,8677686;3,661157025;0,231404959;8,26446281;200,3553719;21,04958678;1,314049587;47,48760331;4748,892562;True;4;False;1;False;1;;;;;
20.07.2023;4787,917355;13,65289256;4,876033058;2597,190083;15046,50413;4721,801653;6,611570248;625,1487603;1,049586777;0,090909091;66,11570248;3571,68595;6,008264463;0,512396694;377,7438017;6,611570248;30,80165289;1,049586777;0,090909091;8,67768595;175,0578512;5,975206612;0,504132231;49,32231405;4697,008264;True;4;False;1;False;1;;;;;
21.07.2023;4846,743802;13,87603306;4,958677686;2023,454545;11866,64463;4780,628099;6,611570248;580,7438017;0,487603306;0,140495868;107,4380165;3359,347107;2,834710744;0,785123967;621,4793388;6,611570248;36,16528926;0,487603306;0,140495868;10,74380165;208,1157025;2,818181818;0,785123967;61,82644628;4755,834711;True;4;False;1;False;1;;;;;
22.07.2023;4879,669421;13,74380165;4,752066116;2349,239669;13870,83471;4813,553719;6,611570248;595,3719008;0,355371901;0,148760331;132,231405;3467,68595;2,066115702;0,867768595;770,1652893;6,611570248;35,70247934;0,355371901;0,148760331;9,090909091;206,8760331;2,05785124;0,859504132;52,67768595;4788,760331;True;4;False;1;False;1;;;;;
23.07.2023;4712,115702;13,89256198;5,123966942;2373,884298;13535,09091;4646;6,52892562;487,3801653;1,074380165;0,123966942;107,4380165;2739,884298;6,024793388;0,702479339;603,9834711;6,52892562;42,99173554;1,074380165;0,123966942;12,39669421;240,3966942;5,991735537;0,702479339;69,31404959;4621,206612;True;4;False;1;False;1;;;;;
24.07.2023;4730,859504;13,79338843;5,024793388;2487,132231;14237,17355;4664,743802;6,52892562;542,9586777;1,181818182;0,132231405;107,4380165;3064,619835;6,644628099;0,752066116;606,4132231;6,52892562;35,53719008;1,181818182;0,132231405;8,26446281;199,5206612;6,611570248;0,743801653;46,39669421;4639,950413;True;4;False;1;False;1;;;;;
25.07.2023;4758;19,85123967;5,20661157;2565,033058;14767,33884;4691,884298;6,611570248;642,5619835;0,239669422;0,165289256;202,4793388;3647,933884;1,338842975;0,933884298;1149,512397;6,611570248;34,00826446;0,239669422;0,165289256;10,33057851;192,3884298;1,330578512;0,933884298;58,43801653;4675,355372;True;4;False;1;False;1;;;;;
26.07.2023;4954,818182;26,09090909;5,123966942;2851,413223;17095,16529;4888,702479;6,611570248;732,231405;0,223140496;0,140495868;202,4793388;4331,38843;1,297520661;0,826446281;1197,727273;6,611570248;39,04958678;0,223140496;0,140495868;9,504132231;230,2066116;1,297520661;0,826446281;56,03305785;4872,173554;True;4;False;1;False;1;;;;;
27.07.2023;4977,247934;26,03305785;4,876033058;2577,719008;15524,22314;4911,132231;6,52892562;719,1818182;1,173553719;0,413223141;165,2892562;4273,719008;6,950413223;2,462809917;982,2231405;6,52892562;34,53719008;1,173553719;0,413223141;9,504132231;204,5454545;6,933884298;2,454545455;56,2892562;4894,603306;True;4;False;1;False;1;;;;;
28.07.2023;4895,53719;26,33884298;4,818181818;2621,289256;15527,46281;4829,421488;6,52892562;601,3801653;1,016528926;0,355371901;147,9338843;3514,198347;5,917355372;2,099173554;864,4628099;6,52892562;40,56198347;1,016528926;0,355371901;8,67768595;236,214876;5,892561983;2,090909091;50,53719008;4812,892562;True;4;False;1;False;1;;;;;
29.07.2023;4969,702479;26,7768595;5;2393,785124;14394,61983;4903,586777;6,611570248;627,3553719;0,884297521;0,140495868;181,8181818;3722,31405;5,26446281;0,842975207;1078,785124;6,611570248;37,2892562;0,884297521;0,140495868;9,090909091;220,1322314;5,231404959;0,842975207;53,66942149;4878,793388;True;4;False;1;False;1;;;;;
30.07.2023;5002,305785;26,84297521;5,330578512;2397,842975;14513,6281;4936,190083;6,611570248;626,3636364;0,479338843;0,148760331;152,892562;3741,140496;2,859504132;0,892561984;913,1983471;6,611570248;35,52066116;0,479338843;0,148760331;7,644628099;211,0909091;2,851239669;0,892561984;45,42975207;4911,396694;True;4;False;1;False;1;;;;;
31.07.2023;4909,85124;26,84297521;5,148760331;2614,256198;15531,09091;4843,735537;6,611570248;635,785124;1,578512397;0,041322314;159,0909091;3726,289256;9,26446281;0,239669422;932,4214876;6,611570248;33,34710744;1,578512397;0,041322314;7,644628099;194,446281;9,214876033;0,239669422;44,5785124;4818,942149;True;4;False;1;False;1;;;;;
01.08.2023;4982,826446;27,03305785;4,900826446;2543,181818;15333,41322;4916,710744;6,52892562;626,9008264;1,32231405;0,041322314;152,892562;3729,570248;7,859504132;0,26446281;909,5950413;6,52892562;37,80991736;1,32231405;0,041322314;7,644628099;223,0495868;7,79338843;0,256198347;45,09917355;4875,38843;True;4;False;1;False;1;96,81818182;255,0123967;474,1157025;;
02.08.2023;5060,438017;26,84297521;5,123966942;2761,595041;16909,60331;4994,322314;6,611570248;700,4132231;1,074380165;0,421487603;150,8264463;4232,68595;6,479338843;2,553719008;911,4628099;6,611570248;30,10743802;1,074380165;0,421487603;7,851239669;180,4380165;6,429752066;2,537190083;47,04958678;4953;True;4;False;1;False;1;;;;;
03.08.2023;5007,818182;26,8677686;5,165289256;2193,190083;13289,53719;4941,702479;6,694214876;573,553719;1,297520661;0,504132231;183,8842975;3429,545455;7,73553719;3,033057851;1099,528926;6,694214876;37,50413223;1,297520661;0,504132231;7,851239669;222,9421488;7,694214876;3,016528926;46,66942149;4912,77686;True;4;False;1;False;1;;;;;
04.08.2023;4779,561983;26,94214876;4,900826446;2684,371901;15524,42975;4713,446281;6,52892562;561,8016529;1,247933884;0,454545455;214,8760331;3204,082645;7,115702479;2,58677686;1225,495868;6,52892562;39,85950413;1,247933884;0,454545455;6,611570248;225,9338843;7,074380165;2,570247934;37,47933884;4684,520661;True;4;False;1;False;1;;;;;
05.08.2023;4953,173554;27,38842975;5;2569,545455;15400,16529;4887,057851;6,52892562;567,8429752;1,363636364;0,512396694;260,3305785;3357,85124;8,066115702;3,041322314;1539,421488;6,52892562;36,47933884;1,363636364;0,512396694;4,958677686;214,4380165;8,016528926;3,024793388;29,14876033;4858,132231;True;4;False;1;False;1;;;;;
06.08.2023;4829,008264;27,51239669;5,20661157;2104,743802;12298,22314;4762,892562;6,611570248;597,1570248;0,380165289;0,190082645;297,5206612;3441,454545;2,165289256;1,074380165;1714,644628;6,611570248;32,61983471;0,380165289;0,190082645;7,851239669;186,8512397;2,157024793;1,066115702;44,97520661;4733,966942;True;4;False;1;False;1;;;;;
07.08.2023;4933;27,45454545;5,231404959;2236,31405;13348,38017;4866,884298;6,52892562;545,8099174;0,404958678;0,181818182;272,7272727;3214,206612;2,388429752;1,05785124;1606,07438;6,52892562;34,82644628;0,404958678;0,181818182;7,438016529;203,8677686;2,371900826;1,049586777;43,54545455;4837,958678;True;4;False;1;False;1;;;;;
08.08.2023;4885,46281;27,24793388;4,876033058;2687,239669;15885,38017;4819,347107;6,446280992;643,5950413;0,52892562;0,181818182;318,1818182;3753,066116;3,082644628;1,066115702;1855,446281;6,446280992;33,84297521;0,52892562;0,181818182;7,851239669;196,1652893;3,066115702;1,066115702;45,51239669;4790,421488;True;4;False;1;False;1;;;;;
09.08.2023;4971,421488;27,16528926;4,73553719;2669,140496;16056,00826;4905,305785;6,446280992;692,5619835;0,578512397;0,082644628;315,6033058;4110,644628;3,454545455;0,504132231;1873,214876;;36,85950413;;;7,851239669;217,4876033;;;46,32231405;4876,380165;True;3;False;1;False;1;;;;;
10.08.2023;5003,578512;26,94214876;4,545454545;2219,404959;13436,99174;4937,46281;6,446280992;692,5619835;0,578512397;0,082644628;313,0165289;4137,595041;3,479338843;0,504132231;1870,066116;6,94214876;39,8677686;0,272727273;1,239669421;7,851239669;236,785124;1,636363636;7,363636364;46,62809917;4908,53719;True;2;False;1;False;1;;;;;
11.08.2023;4926,801653;26,8677686;4,834710744;1344,280992;8013,809917;4860,68595;6,52892562;683,8842975;0,363636364;0,157024793;310,4380165;4022,214876;2,115702479;0,909090909;1825,793388;6,859504132;36,23966942;0,380165289;1,702479339;7,851239669;211,8760331;2,20661157;9,933884298;45,90082645;4831,760331;True;2;False;1;False;1;;;;;
12.08.2023;4591,190083;26,78512397;4,752066116;3526,595041;19591,40496;4525,07438;6,446280992;780,1652893;0,404958678;0,173553719;307,8512397;4271,669421;2,20661157;0,925619835;1685,586777;6,94214876;14,82644628;0,429752066;1,512396694;7,851239669;80,66115702;2,330578512;8,247933884;42,7107438;4496,14876;True;2;False;1;False;1;;;;;
13.08.2023;4858,338843;26,47107438;4,958677686;3423,165289;20123,40496;4792,22314;6,52892562;568,3471074;1,396694215;0,165289256;305,2727273;3295,61157;8,099173554;0,933884298;1770,123967;6,776859504;41,47107438;0,504132231;0,289256198;7,851239669;239,0247934;2,900826446;1,669421488;45,24793388;4763,297521;True;3;False;1;False;1;;;;;
14.08.2023;4929,31405;26,10743802;5,041322314;3479,214876;20751,66942;4863,198347;6,52892562;342,0247934;0,396694215;0,157024793;302,6859504;2012,636364;2,347107438;0,900826446;1781,14876;6,94214876;41,44628099;0,429752066;1,512396694;7,851239669;242,4380165;2,504132231;8,826446281;45,92561983;4834,272727;True;3;False;1;False;1;;;;;
15.08.2023;4979,280992;26,05785124;4,851239669;2995,099174;18045,2562;4913,165289;6,446280992;948,892562;0,413223141;0,148760331;300,107438;5641,107438;2,446280992;0,867768595;1784,090909;6,94214876;23,67768595;0,214876033;0,58677686;7,851239669;139,9338843;1,280991736;3,487603306;46,39669421;4884,239669;True;3;False;1;False;1;;;;;
16.08.2023;4871,264463;26,17355372;4,851239669;2774,504132;16353,57851;4805,14876;6,446280992;828,9256198;0,446280992;0,140495868;297,5206612;4819,570248;2,58677686;0,801652893;1729,85124;6,94214876;39,46280992;0,223140496;0,603305785;6,611570248;228,2644628;1,26446281;3,487603306;38,23966942;4780,355372;True;3;False;1;False;1;;;;;
17.08.2023;4880,347107;25,9338843;4,958677686;2350,966942;13882,95868;4814,231405;6,611570248;937,1900826;0,561983471;0,223140496;566,1157025;5459,338843;3,289256198;1,289256198;3297,752066;6,94214876;35,12396694;0,421487603;0,330578512;8,26446281;203,553719;2,446280992;1,900826446;47,89256198;4789,438017;True;3;False;1;False;1;;;;;
18.08.2023;4874,768595;25,80165289;4,876033058;2467,644628;14555,33058;4808,652893;6,52892562;937,1900826;0,305785124;0,239669422;586,7768595;5453,016529;1,768595041;1,404958678;3414,140496;6,776859504;53,09090909;0,52892562;0,190082645;7,438016529;307,3140496;3,049586777;1,082644628;43,05785124;4783,859504;True;3;False;1;False;1;;;;;
19.08.2023;4919,876033;26,11570248;4,652892562;2955,371901;17593,47107;4853,760331;6,52892562;1041,322314;0,223140496;0,314049587;623,9669421;6115,735537;1,314049587;1,842975207;3664,586777;6,859504132;41,81818182;0,198347107;0,289256198;7,851239669;244,3471074;1,181818182;1,694214876;45,87603306;4828,966942;True;3;False;1;False;1;;;;;
20.08.2023;4985,801653;26,42975207;4,851239669;2928,867769;17669,34711;4919,68595;6,52892562;1024,793388;0,181818182;0,289256198;481,8181818;6100,413223;1,066115702;1,710743802;2868,173554;6,859504132;70,85950413;0,190082645;0,305785124;8,26446281;419,6859504;1,123966942;1,834710744;48,95041322;4894,892562;True;3;False;1;False;1;;;;;
21.08.2023;4944,826446;26,07438017;5,016528926;2683,595041;16056,57851;4878,710744;6,446280992;357,0247934;0,404958678;0,173553719;404,9586777;2107,603306;2,380165289;1,016528926;2390,570248;6,776859504;70,04958678;0,421487603;1,595041322;7,851239669;411,4214876;2,495867769;9,347107438;46,11570248;4853,917355;True;3;False;1;False;1;;;;;
22.08.2023;4879,280992;25,90909091;5,123966942;2518,289256;14867,81818;4813,165289;6,52892562;798,3471074;0,429752066;0,173553719;388,4297521;4649,520661;2,504132231;1;2262,190083;6,859504132;40,16528926;0,413223141;1,537190083;10,33057851;232,7107438;2,388429752;8,909090909;59,85123967;4788,371901;True;3;False;1;False;1;;;;;
23.08.2023;4772,165289;25,9338843;4,933884298;2631,884298;15197,3719;4706,049587;6,446280992;458,677686;0,305785124;0,082644628;347,107438;2611,859504;1,719008264;0,462809917;1976,545455;6,776859504;37,03305785;0,355371901;0,256198347;8,884297521;209,768595;1,991735537;1,462809917;50,32231405;4681,256198;True;3;False;1;False;1;;;;;
24.08.2023;4750,619835;25,84297521;4,652892562;3129,504132;17989,18182;4684,504132;6,446280992;728,0991736;0,314049587;0,082644628;289,2561983;4127,049587;1,776859504;0,47107438;1639,578512;6,859504132;38,38842975;0,355371901;0,26446281;10,74380165;216,446281;2;1,487603306;60,5785124;4659,710744;True;3;False;1;False;1;;;;;
25.08.2023;4893,884298;25,48760331;4,876033058;2917,561983;17276,6281;4827,768595;6,52892562;690,0826446;0,297520661;0,140495868;293,3884298;4031,181818;1,73553719;0,842975207;1713,859504;6,859504132;42,47933884;0,330578512;0,520661157;7,024793388;246,8760331;1,917355372;3,024793388;40,82644628;4802,975207;True;3;False;1;False;1;;;;;
26.08.2023;4874,958678;24,81818182;5,512396694;3394,520661;20023,24793;4808,842975;6,611570248;1057,85124;0,256198347;0,214876033;628,0991736;6155,322314;1,487603306;1,272727273;3654,719008;6,94214876;43,47933884;0,512396694;0,619834711;8,67768595;252,9917355;2,983471074;3,619834711;50,49586777;4808,842975;True;3;False;1;False;1;;;;;
27.08.2023;4308,454545;24,75206612;5,785123967;4331,057851;22578,7686;4242,338843;6,776859504;770,2479339;0,462809917;0,123966942;184,2975207;3953,859504;2,355371901;0,628099174;946,0413223;7,024793388;48,47933884;0,479338843;1,371900826;10,33057851;248,8595041;2,446280992;7,024793388;53,03305785;4242,338843;True;3;False;1;False;1;;;;;
28.08.2023;4318,727273;25,03305785;5,595041322;2976,553719;15554,46281;4252,61157;6,859504132;1012,396694;0,446280992;0,115702479;349,5867769;5209,446281;2,280991736;0,578512397;1798,85124;7,024793388;29;0,512396694;1,256198347;10,95041322;149,2231405;2,628099174;6,454545455;56,34710744;4252,61157;True;3;False;1;False;1;;;;;
29.08.2023;4329;25,61983471;5,702479339;1909,644628;10002,86777;4262,884298;6,859504132;612,3966942;0,438016529;0,115702479;289,2561983;3158,793388;2,247933884;0,578512397;1492,008264;7,024793388;75,3553719;0,495867769;1,289256198;10,95041322;388,6859504;2,553719008;6,652892562;56,47933884;4262,884298;True;3;False;1;False;1;;;;;
30.08.2023;4339,272727;25,41322314;5,396694215;1467,173554;7703,438017;4273,157025;6,94214876;190,0826446;0,438016529;0,495867769;231,4049587;982,8264463;2,272727273;2,561983471;1196,479339;7,107438017;44,90909091;0,479338843;1,314049587;7,851239669;232,2066116;2,479338843;6,776859504;40,59504132;4273,157025;True;3;False;1;False;1;;;;;
31.08.2023;4349,545455;25,18181818;5,842975207;2101,694215;11061,10744;4283,429752;6,94214876;336,3636364;0,52892562;0,454545455;198,3471074;1743,355372;2,73553719;2,355371901;1028,024793;7,024793388;33,58677686;0,454545455;1,305785124;9,504132231;174,0743802;2,347107438;6,760330579;49,25619835;4283,429752;True;3;False;1;False;1;;;;;
01.09.2023;4359,818182;25,83471074;5,785123967;2686,942149;14174,63636;4293,702479;6,859504132;340,4958678;0,487603306;0,429752066;169,4214876;1769,008264;2,512396694;2,223140496;880,2066116;7,107438017;45,12396694;0,421487603;1,32231405;9,917355372;234,4380165;2,173553719;6,851239669;51,52066116;4293,702479;True;3;False;1;False;1;;;;;
02.09.2023;4370,090909;25,87603306;5,760330579;2178,033058;11517;4303,975207;6,94214876;371,0743802;2,785123967;0,041322314;173,553719;1932,487603;14,50413223;0,214876033;903,8347107;7,107438017;44,87603306;0,537190083;8,123966942;6,611570248;233,7024793;2,785123967;42,32231405;34,42975207;4303,975207;True;3;False;1;False;1;;;;;
03.09.2023;4380,363636;25,95867769;5,809917355;2507,041322;13287,90083;4314,247934;6,859504132;393,3884298;6,297520661;0,041322314;185,9504132;2053,578512;32,8677686;0,214876033;970,7024793;7,190082645;37,8677686;0,479338843;10,39669421;9,917355372;197,677686;2,479338843;54,2892562;51,76859504;4314,247934;True;3;False;1;False;1;;;;;
04.09.2023;4390,636364;26,68595041;5,760330579;2334,404959;12401,90083;4324,520661;7,024793388;389,2561983;7,743801653;0,20661157;235,5371901;2036,85124;40,49586777;1,066115702;1232,487603;7,190082645;40,08264463;0,487603306;5,826446281;12,80991736;209,7355372;2,561983471;30,48760331;67,03305785;4324,520661;True;3;False;1;False;1;;;;;
05.09.2023;4409,173554;26,01652893;6,305785124;2237,520661;11937,38843;4343,057851;6,94214876;452,892562;4,32231405;0,223140496;330,5785124;2379,991736;22,7107438;1,165289256;1737,22314;7,190082645;45,2892562;0,504132231;4,049586777;12,39669421;237,5454545;2,628099174;21,23966942;65,02479339;4334,793388;True;3;False;1;False;1;8,883471074;20,66942149;507,3140496;;
06.09.2023;4419,446281;25,36363636;6,363636364;1726,363636;9231,77686;4353,330579;7,190082645;456,1983471;0,371900826;0,173553719;314,0495868;2403,033058;1,958677686;0,892561984;1654,264463;7,355371901;44,47933884;0,421487603;1,570247934;11,98347107;233,8512397;2,223140496;8,231404959;63;4345,066116;True;3;False;1;False;1;;;;;
07.09.2023;4429,719008;25,19008264;5,785123967;3056,446281;16382,42149;4363,603306;7,190082645;785,1239669;0,388429752;0,173553719;289,2561983;4145,421488;2,041322314;0,892561984;1527,256198;7,190082645;46,83471074;0,421487603;1,545454545;11,57024793;246,8181818;2,214876033;8,123966942;60,97520661;4355,338843;True;3;False;1;False;1;;;;;
08.09.2023;4439,991736;25,16528926;6,446280992;4083,016529;21935,54545;4373,876033;7,024793388;469,4214876;0,537190083;0,454545455;355,3719008;2484,363636;2,826446281;2,41322314;1880,768595;7,272727273;38,68595041;0,421487603;1,280991736;11,98347107;204,3553719;2,223140496;6,768595041;63,29752066;4365,61157;True;1;False;1;False;1;;;;;
09.09.2023;4425,471074;25,19008264;6,008264463;2505,429752;13416,09917;4384,14876;7,024793388;456,1983471;0,504132231;0,396694215;347,107438;2420,049587;2,67768595;2,107438017;1841,338843;7,190082645;46,90082645;0,438016529;1,074380165;10,74380165;248,3305785;2,305785124;5,694214876;56,88429752;4375,884298;True;3;False;1;False;1;;;;;
10.09.2023;4435,743802;24,83471074;5,892561983;2054,545455;11027,2562;4394,421488;7,107438017;356,1983471;11,33057851;0,289256198;243,8016529;1893,991736;60,2231405;1,537190083;1296,355372;7,190082645;53,67768595;0,58677686;7,115702479;8,26446281;284,8842975;3,115702479;37,78512397;43,85950413;4386,157025;True;3;False;1;False;1;;;;;
11.09.2023;4446,016529;24,88429752;5,867768595;1977,380165;10637,65289;4404,694215;7,107438017;317,3553719;12,76859504;0,041322314;217,3553719;1691,404959;68,0661157;0,223140496;1158,438017;7,272727273;50,57024793;0,520661157;10,46280992;14,04958678;269,0165289;2,760330579;55,66942149;74,73553719;4396,429752;True;3;False;1;False;1;;;;;
12.09.2023;4456,289256;25,26446281;5,561983471;2832;15270,42975;4414,966942;7,107438017;352,892562;14,66942149;0,231404959;227,2727273;1885,190083;78,36363636;1,214876033;1214,115702;7,190082645;57,83471074;0,487603306;11,0661157;14,04958678;308,3801653;2,611570248;58,98347107;74,91735537;4406,702479;True;3;False;1;False;1;;;;;
13.09.2023;4491,355372;25,90082645;5,702479339;1687,190083;9169,099174;4425,239669;7,024793388;362,8099174;11,52066116;0,239669422;198,3471074;1942,677686;61,67768595;1,272727273;1062,057851;7,272727273;45,10743802;0,553719008;8,140495868;14,87603306;241,0743802;2,958677686;43,50413223;79,50413223;4416,975207;True;3;False;1;False;1;;;;;
14.09.2023;4501,628099;26,08264463;5,892561983;1604,942149;8742,082645;4435,512397;7,107438017;204,9586777;14,33884298;0,223140496;115,7024793;1100,008264;76,9338843;1,214876033;620,9752066;7,272727273;37,68595041;0,487603306;11,04132231;16,94214876;201,8842975;2,619834711;59,12396694;90,76033058;4427,247934;True;3;False;1;False;1;;;;;
15.09.2023;4495,371901;26,32231405;5,479338843;2057,603306;11192,12397;4445,785124;7,107438017;261,9834711;14,03305785;0,181818182;90,90909091;1409,31405;75,47107438;0,975206612;489,0330579;7,272727273;48,62809917;0,404958678;10,85950413;19,4214876;261,107438;2,181818182;58,30578512;104,2809917;4437,520661;True;3;False;1;False;1;;;;;
16.09.2023;4505,644628;26,63636364;5,842975207;3202,958678;17461,99174;4456,057851;6,94214876;283,4710744;31,23966942;0,066115702;115,7024793;1528,429752;168,4380165;0,363636364;623,8512397;7,107438017;56,80991736;0,644628099;3,785123967;20,66115702;305,7438017;3,487603306;20,36363636;111,1983471;4447,793388;True;3;False;1;False;1;;;;;
17.09.2023;4552,330579;27,1322314;5,371900826;3101,793388;17085,64463;4486,214876;6,859504132;593,3884298;17,48760331;0,363636364;173,553719;3221,099174;94,94214876;1,991735537;942,107438;7,190082645;49,62809917;0,347107438;3,082644628;16,52892562;267,7107438;1,884297521;16,6446281;89,16528926;4458,115702;True;3;False;1;False;1;;;;;
18.09.2023;4845,785124;26,6446281;5,26446281;3321,214876;19473,59504;4779,669421;6,776859504;513,2231405;2,52892562;0,041322314;181,8181818;2968,173554;14,61157025;0,239669422;1051,528926;7,190082645;57,43801653;0,553719008;2,223140496;20,66115702;331,0413223;3,190082645;12,80991736;119,0743802;4763,140496;True;3;False;1;False;1;;;;;
19.09.2023;4883,785124;26,34710744;5,371900826;2456,198347;14514,61157;4817,669421;6,859504132;573,553719;0,595041322;0,041322314;200,8264463;3343,46281;3,446280992;0,239669422;1170,694215;7,190082645;45,54545455;0,752066116;1,479338843;22,72727273;265,5041322;4,380165289;8,628099174;132,4876033;4817,669421;True;3;False;1;False;1;;;;;
20.09.2023;4806,033058;26,14876033;5,595041322;2885,760331;16781,53719;4739,917355;6,859504132;576,8595041;0,280991736;0,107438017;247,9338843;3308,46281;1,595041322;0,636363636;1421,975207;7,190082645;43,99173554;0,553719008;0,702479339;18,59504132;251,4297521;3,173553719;4,016528926;106,2727273;4723,38843;True;3;False;1;False;1;;;;;
21.09.2023;4961,016529;25,78512397;5,619834711;2981,132231;17895,21488;4894,900826;6,776859504;552,0661157;0,396694215;0,115702479;231,4049587;3269,793388;2,371900826;0,702479339;1370,570248;7,107438017;49,14049587;0,289256198;0,694214876;24,79338843;290,0661157;1,719008264;4,099173554;146,3471074;4878,371901;True;3;False;1;False;1;;;;;
22.09.2023;4863,165289;25,7768595;5,619834711;3767,190083;22167,76033;4797,049587;6,694214876;233,8842975;0,404958678;0,115702479;247,9338843;1357,561983;2,330578512;0,67768595;1439,115702;7,107438017;30,07438017;0,289256198;0,685950413;24,79338843;173,9669421;1,685950413;3,983471074;143,4132231;4780,520661;True;3;False;1;False;1;;;;;
23.09.2023;4919,14876;26,07438017;5,512396694;2762,123967;16440,61157;4853,033058;6,776859504;241,322314;0,404958678;0,123966942;264,4628099;1417,082645;2,355371901;0,719008265;1552,966942;7,024793388;36,11570248;0,297520661;0,752066116;14,46280992;211,214876;1,743801653;4,41322314;84,5785124;4833,198347;True;3;False;1;False;1;;;;;
24.09.2023;4933,008264;26,49586777;5,347107438;2581,198347;15407,01653;4866,892562;6,776859504;681,8181818;0,347107438;0,148760331;243,8016529;4015,190083;2,016528926;0,867768595;1435,735537;7,024793388;24,98347107;0,446280992;0,438016529;16,52892562;146,5289256;2,619834711;2,561983471;96,94214876;4847,057851;True;3;False;1;False;1;;;;;
25.09.2023;4903,190083;26,60330579;5,479338843;2886,504132;17125,22314;4837,07438;6,694214876;649,5867769;0,355371901;0,157024793;223,1404959;3801,942149;2,082644628;0,917355372;1306,008264;7,024793388;51,44628099;0,462809917;0,421487603;13,2231405;299,8760331;2,67768595;2,479338843;77,07438017;4817,239669;True;3;False;1;False;1;;;;;
26.09.2023;4913,545455;26,53719008;5,371900826;2532,917355;15059,20661;4847,429752;6,611570248;647,107438;0,47107438;0,115702479;192,5619835;3795,53719;2,743801653;0,67768595;1129,454545;7,024793388;46,40495868;0,388429752;0,396694215;13,2231405;271,0661157;2,256198347;2,314049587;77,23966942;4827,595041;True;3;False;1;False;1;;;;2,671487603;
27.09.2023;4913,793388;26,34710744;5,454545455;2298,289256;13664,93388;4847,677686;6,694214876;657,0247934;0,413223141;0,289256198;173,553719;3853,900826;2,404958678;1,702479339;1018,008264;6,94214876;40,95867769;0,578512397;0,272727273;13,2231405;239,2644628;3,363636364;1,58677686;77,24793388;4827,842975;True;3;False;1;False;1;;;;;
28.09.2023;5011,636364;26,05785124;5,26446281;3477,561983;21088,19835;4945,520661;6,611570248;654,5454545;0,371900826;0,099173554;165,2892562;3916,85124;2,214876033;0,570247934;989,107438;6,94214876;33,73553719;0,429752066;0,289256198;12,39669421;201;2,570247934;1,727272727;73,85950413;4924,033058;True;3;False;1;False;1;;;;;
29.09.2023;4890,140496;25,85123967;5,289256198;2619,280992;15498,4876;4824,024793;6,694214876;605,785124;0,801652893;0,231404959;181,8181818;3536,008264;4,652892562;1,338842975;1061,289256;6,94214876;34,66115702;0,454545455;0,380165289;11,7768595;201,4214876;2,636363636;2,20661157;68,43801653;4802,53719;True;3;False;1;False;1;;;;;
30.09.2023;4739,264463;25,72727273;5,479338843;2292,173554;13144,52066;4673,14876;6,611570248;762,8099174;0,801652893;0,231404959;181,8181818;4313,322314;4,512396694;1,305785124;1028,090909;6,94214876;47,56198347;0,454545455;0,380165289;12,80991736;267,7024793;2,561983471;2,140495868;72,09917355;4651,661157;True;3;False;1;False;1;;;;;
01.10.2023;4941,652893;25,7107438;5,429752066;2568,652893;15358,99174;4875,53719;6,611570248;264,4628099;0,826446281;0,223140496;148,7603306;1560,173554;4,876033058;1,338842975;877,5950413;6,859504132;42,08264463;0,446280992;0,363636364;12,80991736;247,2561983;2,636363636;2,157024793;75,26446281;4855,702479;True;3;False;1;False;1;;;;;
02.10.2023;4874,404959;25,61983471;5,454545455;2521,338843;14870,91736;4808,289256;6,611570248;670,2479339;0,396694215;0,090909091;144,6280992;3899,520661;2,297520661;0,520661157;841,4545455;6,94214876;31,87603306;0,090909091;0,090909091;11,98347107;184,6942149;0,512396694;0,504132231;69,42975207;4788,454545;True;3;False;1;False;1;;;;;
03.10.2023;4835,132231;25,61157025;5,26446281;2845,454545;16647,3719;4769,016529;6,611570248;650,4132231;0,429752066;0,099173554;157,0247934;3753,214876;2,487603306;0,561983471;906,1157025;6,859504132;175,553719;0,446280992;0,107438017;49,58677686;1008,818182;2,570247934;0,619834711;284,9504132;4749,181818;True;3;False;1;False;1;;;;;
04.10.2023;4934,710744;25,87603306;5,396694215;2626,22314;15681,19008;4868,595041;6,52892562;759,5041322;0,47107438;0,074380165;148,7603306;4474,239669;2,752066116;0,438016529;876,3471074;6,859504132;46,90909091;0,809917355;0,438016529;10,74380165;274,8429752;4,73553719;2,561983471;62,95041322;4842,14876;True;3;False;1;False;1;129,5041322;268,6735537;481,2975207;;
05.10.2023;4833,355372;26,25619835;5,702479339;2696,669421;15771,08264;4767,239669;6,52892562;803,3057851;0,595041322;0,107438017;157,0247934;4633,760331;3,421487603;0,603305785;905,7768595;6,859504132;50,96694215;0,561983471;0,082644628;6,198347107;291,9586777;3,231404959;0,47107438;35,50413223;4734,181818;True;3;False;1;False;1;;;;;
06.10.2023;4776;26,78512397;5,512396694;2675,603306;15462,2314;4709,884298;6,694214876;785,1239669;0,710743802;0,140495868;167,768595;4474,396694;4,066115702;0,785123967;956,107438;6,94214876;72,50413223;0,570247934;0,066115702;148,7603306;411,4545455;3,247933884;0,380165289;844,2066116;4690,049587;True;3;False;1;False;1;;;;;
07.10.2023;4752,38843;26,81818182;5,785123967;3299,520661;18973,5124;4686,272727;6,694214876;965,2892562;0,611570248;0,115702479;184,2975207;5473,561983;3,487603306;0,67768595;1045,041322;6,94214876;90,04958678;0,545454546;0,074380165;79,54545455;508,4545455;3,082644628;0,421487603;449,1404959;4666,438017;True;3;False;1;False;1;;;;;
08.10.2023;4761,826446;27,24793388;5,347107438;3119,818182;17975,80165;4695,710744;6,611570248;841,322314;1,181818182;0,099173554;198,3471074;4780,231405;6,702479339;0,578512397;1126,966942;6,859504132;104,9008264;0,818181818;0,165289256;10,33057851;594,768595;4,661157025;0,925619835;58,57024793;4685,793388;True;3;False;1;False;1;;;;;
09.10.2023;4971,578512;29,01652893;5,20661157;3080,22314;18529,40496;4905,46281;6,52892562;967,768595;1,066115702;0,107438017;181,8181818;5744,297521;6,338842975;0,636363636;1079,198347;6,859504132;50,56198347;0,809917355;0,157024793;16,11570248;299,3553719;4,785123967;0,925619835;95,41322314;4893,066116;True;3;False;1;False;1;;;;;
10.10.2023;4893,983471;28,61983471;5,148760331;2533,157025;15000,6281;4827,867769;6,52892562;978,5123967;1,123966942;0,099173554;190,0826446;5716,190083;6,553719008;0,58677686;1110,413223;6,859504132;57,25619835;0,809917355;0,165289256;16,11570248;333,3305785;4,719008264;0,975206612;93,81818182;4811,338843;True;3;False;1;False;1;;;;;
11.10.2023;4816,380165;25,26446281;4,851239669;2296,61157;13384,24793;4750,264463;6,52892562;754,5454545;0,628099174;0,066115702;115,7024793;4336,991736;3,603305785;0,371900826;665,0413223;6,859504132;191,446281;0,404958678;0,05785124;24,79338843;1095,61157;2,338842975;0,347107438;141,8842975;4729,603306;True;3;False;1;False;1;;;;;
12.10.2023;4677,363636;24,37190083;5,429752066;2632,520661;14899,03306;4611,247934;6,52892562;702,4793388;0,487603306;0,066115702;82,6446281;3919,561983;2,710743802;0,371900826;461,1239669;6,859504132;43,4214876;0,495867769;0,148760331;123,9669421;240,9752066;2,743801653;0,842975207;687,9669421;4586,454545;True;3;False;1;False;1;;;;;
13.10.2023;4636,396694;24,41322314;5,396694215;2188,826446;12279,41322;4570,280992;6,52892562;547,107438;0,545454546;0,074380165;74,38016529;3025,520661;3,033057851;0,404958678;411,322314;6,859504132;55,88429752;0,545454546;0,082644628;20,24793388;307,9256198;3,024793388;0,438016529;111,5702479;4553,752066;True;3;False;1;False;1;;;;;
14.10.2023;4718,694215;24,12396694;5,148760331;2985,396694;17045,5124;4652,578512;6,611570248;551,2396694;0,429752066;0,041322314;167,768595;3103,272727;2,396694215;0,231404959;944,4710744;6,859504132;57,12396694;0,520661157;0,049586777;40,49586777;320,446281;2,900826446;0,297520661;227,1652893;4636,049587;True;3;False;1;False;1;;;;;
15.10.2023;4813,239669;25,00826446;5,561983471;2556,595041;14889,66942;4747,123967;6,52892562;652,892562;0,347107438;0,041322314;167,768595;3750,22314;2,016528926;0,239669422;963,6694215;6,859504132;63,68595041;0,446280992;0,049586777;74,38016529;364,5371901;2,570247934;0,272727273;425,7520661;4730,595041;True;3;False;1;False;1;;;;;
16.10.2023;4808,553719;25,61983471;5,347107438;2422,504132;14095;4742,438017;6,611570248;607,4380165;0,768595041;0,082644628;66,11570248;3485,694215;4,429752066;0,495867769;379,3966942;6,859504132;45,49586777;0,603305785;0,074380165;11,98347107;260,1652893;3,429752066;0,413223141;68,52892562;4725,909091;True;3;False;1;False;1;;;;;
17.10.2023;4747,404959;25,78512397;5,314049587;2697,090909;15493,08264;4681,289256;6,611570248;663,6363636;0,752066116;0,090909091;108,2644628;3759,07438;4,256198347;0,512396694;613,2479339;6,859504132;29,8677686;0,595041322;0,066115702;28,51239669;168,5867769;3,380165289;0,388429752;160,9338843;4664,760331;True;3;False;1;False;1;;;;;
18.10.2023;4775,826446;25,98347107;6,198347107;2547,661157;14722,28926;4709,710744;6,52892562;672,7272727;0,380165289;0,074380165;115,7024793;3833,710744;2,165289256;0,404958678;659,3636364;6,776859504;22,91735537;0,280991736;0,082644628;24,38016529;130,1404959;1,611570248;0,47107438;138,446281;4693,181818;True;3;False;1;False;1;;;;;
19.10.2023;4680,38843;25,39669421;5,314049587;2986,033058;16910,70248;4614,272727;6,446280992;654,5454545;0,371900826;0,066115702;115,7024793;3654,504132;2,074380165;0,380165289;646;6,859504132;56,79338843;0,280991736;0,090909091;14,87603306;315,9586777;1,561983471;0,479338843;82,76033058;4597,743802;True;3;False;1;False;1;;;;;
20.10.2023;4733,859504;25,14876033;5,314049587;2983,413223;17088,92562;4667,743802;6,52892562;743,8016529;0,603305785;0,090909091;115,7024793;4200,975207;3,41322314;0,495867769;653,4876033;6,859504132;66,88429752;0,58677686;0,20661157;11,15702479;376,4214876;3,314049587;1,140495868;62,79338843;4651,214876;True;3;False;1;False;1;;;;;
21.10.2023;4703,165289;24,38842975;5,371900826;2635,355372;14997,36364;4637,049587;6,52892562;772,7272727;0,371900826;0,123966942;123,9669421;4335,636364;2,099173554;0,67768595;695,553719;6,94214876;98,34710744;0,363636364;0,148760331;11,15702479;548,5619835;2,041322314;0,842975207;62,23140496;4609,77686;True;3;False;1;False;1;;;;;
22.10.2023;4858,53719;25,36363636;5,396694215;2912,809917;17123,92562;4792,421488;6,694214876;752,892562;0,438016529;0,066115702;184,2975207;4365,900826;2,545454545;0,355371901;1068,710744;6,94214876;77,23966942;0,305785124;0,099173554;8,26446281;445,1983471;1,768595041;0,561983471;47,63636364;4763,495868;True;3;False;1;False;1;;;;0,082644628;
23.10.2023;5012,842975;25,29752066;5,041322314;2660,330579;16136,33884;4946,727273;6,694214876;700,8264463;0,404958678;0,05785124;101,6528926;4194,826446;2,404958678;0,32231405;608,446281;6,94214876;39,90909091;0,26446281;0,074380165;39,25619835;237,4793388;1,561983471;0,462809917;233,5950413;4917,801653;True;3;False;1;False;1;;;;;
24.10.2023;4801,471074;24,85123967;5,181818182;2888,099174;16779,20661;4735,355372;6,611570248;704,9586777;1,702479339;0,066115702;97,52066116;4039,256198;9,760330579;0,355371901;558,768595;6,859504132;46,23140496;0,495867769;0,148760331;61,98347107;263,2809917;2,834710744;0,826446281;352,9834711;4706,429752;True;3;False;1;False;1;;;;;
25.10.2023;4983,22314;25,36363636;5,429752066;3051,297521;18398,40496;4917,107438;6,52892562;721,4876033;1,661157025;0,066115702;66,11570248;4292,636364;9,900826446;0,404958678;393,3719008;6,859504132;45,56198347;0,462809917;0,140495868;49,58677686;269,4876033;2,752066116;0,834710744;293,2892562;4888,181818;True;3;False;1;False;1;;;;;
26.10.2023;4928,371901;26,16528926;5,26446281;2781,132231;16584,79339;4862,256198;6,611570248;776,8595041;2,305785124;0,26446281;115,7024793;4570,520661;13,56198347;1,545454545;680,7190083;6,776859504;72,54545455;0,20661157;0,198347107;28,84297521;424,2727273;1,214876033;1,148760331;168,6859504;4833,330579;True;3;False;1;False;1;;;;;
27.10.2023;4925,363636;26,26446281;5,123966942;2710,471074;16153,56198;4859,247934;6,52892562;688,4297521;1,041322314;0,338842975;103,3057851;4047,760331;6,099173554;1,991735537;607,4049587;6,859504132;48,18181818;0,223140496;0,231404959;8,099173554;281,3636364;1,289256198;1,355371901;47,29752066;4826,190083;True;3;False;1;False;1;;;;;
28.10.2023;4882,140496;26,08264463;5,67768595;2658,743802;15706,2562;4816,024793;6,611570248;775,2066116;0,644628099;0,066115702;66,11570248;4517,429752;3,760330579;0,371900826;385,2809917;6,859504132;35,32231405;0,214876033;0,20661157;9,090909091;204,4214876;1,239669421;1,198347107;52,61157025;4782,966942;True;3;False;1;False;1;;;;;
29.10.2023;4902,628099;25,79338843;5,371900826;2785,107438;16521,76033;4836,512397;6,52892562;823,1404959;1,347107438;0,115702479;90,90909091;4817,165289;7,867768595;0,685950413;532,0165289;7,107438017;57,5785124;0,520661157;0,297520661;7,644628099;334,4876033;3,008264463;1,702479339;44,40495868;4800,975207;True;3;False;1;False;1;;;;;
30.10.2023;4881,14876;25,95041322;5,26446281;2683,652893;15850,13223;4815,033058;6,611570248;863,6363636;0,768595041;0,099173554;126,446281;5031,702479;4,47107438;0,570247934;736,7024793;6,859504132;49,00826446;0,58677686;0,363636364;6,818181818;283,322314;3,404958678;2,107438017;39,41322314;4777,842975;True;3;False;1;False;1;;;;;
31.10.2023;4939,214876;25,9338843;5,123966942;2596,694215;15519,01653;4873,099174;6,611570248;798,3471074;1,983471074;0,074380165;134,7107438;4707,413223;11,70247934;0,429752066;794,3140496;6,859504132;41,73553719;0,487603306;0,066115702;8,26446281;244,214876;2,826446281;0,380165289;48,3553719;4835,909091;True;3;False;1;False;1;;;;;
01.11.2023;4899,793388;25,79338843;5,371900826;2583,77686;15318,55372;4833,677686;6,52892562;793,3884298;2,859504132;0,917355372;140,4958678;4640,330579;16,7107438;5,371900826;821,7272727;6,859504132;47,23140496;0,338842975;0,041322314;8,26446281;275,9586777;1,975206612;0,239669422;48,2892562;4828,719008;True;3;False;1;False;1;;;;;
02.11.2023;4797,487603;26,30578512;5,20661157;2733,454545;15867,61157;4731,371901;6,446280992;776,8595041;2,743801653;0,834710744;132,231405;4447,487603;15,7107438;4,776859504;757,0165289;6,859504132;40,61157025;0,330578512;0,041322314;6,198347107;230,4710744;1,867768595;0,231404959;35,17355372;4690,049587;True;3;False;1;False;1;;;;;
03.11.2023;4780,22314;26,92561983;5,148760331;2734,504132;15816,56198;4714,107438;6,52892562;885,9504132;2,190082645;0,082644628;140,4958678;5053,520661;12,49586777;0,479338843;801,3966942;6,776859504;53,48760331;0,280991736;0,082644628;5,371900826;302,4214876;1,58677686;0,479338843;30,37190083;4672,785124;True;3;False;1;False;1;;;;;
04.11.2023;4897,157025;27,23966942;5,26446281;2954,818182;17508,97521;4831,041322;6,52892562;954,5454545;2,099173554;0,107438017;115,7024793;5579,85124;12,2892562;0,619834711;676,3471074;6,859504132;80,99173554;0,272727273;0,099173554;5,785123967;468,9917355;1,561983471;0,553719008;33,49586777;4785,586777;True;3;False;1;False;1;;;;;
05.11.2023;4840,636364;26,80991736;5,26446281;3013,570248;17650,98347;4774,520661;6,611570248;1045,454545;2,123966942;0,041322314;118,1818182;6039,768595;12,24793388;0,239669422;682,7603306;6,859504132;104,214876;0,479338843;0,041322314;7,438016529;595,2892562;2,73553719;0,239669422;42,48760331;4720,801653;True;3;False;1;False;1;;;;;
06.11.2023;4887,057851;26,16528926;5,479338843;2596,917355;15356,44628;4820,942149;6,52892562;974,3801653;2,123966942;0,041322314;119,8347107;5683,892562;12,37190083;0,239669422;699,0330579;6,859504132;57,31404959;0,438016529;0,082644628;9,090909091;330,6033058;2,504132231;0,454545455;52,43801653;4767,22314;True;3;False;1;False;1;;;;0,109504132;
07.11.2023;4903,859504;26,05785124;5,289256198;3287,68595;19508,04959;4837,743802;6,611570248;859,5041322;0,561983471;0,140495868;118,1818182;5031,256198;3,280991736;0,809917355;691,7933884;6,859504132;50,33057851;0,462809917;0,148760331;9,917355372;291,0991736;2,669421488;0,859504132;57,3553719;4779,892562;True;3;False;1;False;1;;;;;
08.11.2023;4848,38843;26,15702479;5,479338843;2921,198347;17137,36364;4782,272727;6,611570248;811,5702479;0,520661157;0,115702479;109,9173554;4696,190083;3;0,652892562;636,0413223;6,859504132;80,33057851;0,446280992;0,140495868;33,05785124;459,214876;2,52892562;0,785123967;188,9752066;4724,421488;True;3;False;1;False;1;;;;;
09.11.2023;4864,330579;25,85123967;5,396694215;2375,966942;13984,53719;4798,214876;6,446280992;808,2644628;0,520661157;0,115702479;123,9669421;4692,652893;3,016528926;0,644628099;719,7355372;6,859504132;38,00826446;0,438016529;0,140495868;51,65289256;217,6280992;2,504132231;0,79338843;295,7520661;4732,099174;True;3;False;1;False;1;;;;;
10.11.2023;4885,991736;25,90082645;5,123966942;3028;17901,70248;4819,876033;6,52892562;798,3471074;0,512396694;0,115702479;95,04132231;4656;3;0,661157025;554,2892562;6,859504132;69,53719008;0,429752066;0,140495868;11,15702479;399,9834711;2,479338843;0,79338843;64,17355372;4753,760331;True;3;False;1;False;1;;;;;
11.11.2023;4943,231405;26,03305785;5,314049587;2845,330579;17018,79339;4877,115702;6,446280992;1076,033058;0,545454546;0,041322314;111,5702479;6350;3,239669421;0,247933884;658,4132231;6,859504132;61,87603306;0,314049587;0,041322314;9,504132231;360,1983471;1,809917355;0,239669422;55,33057851;4811;True;3;False;1;False;1;;;;;
12.11.2023;4799,438017;26,04958678;5,314049587;2771,884298;16097,23967;4733,322314;6,52892562;976,0330579;0,479338843;0,041322314;107,4380165;5590,057851;2,743801653;0,239669422;615,3305785;6,859504132;57,9338843;0,330578512;0,041322314;115,7024793;327,1735537;1,867768595;0,231404959;653,4049587;4667,206612;True;3;False;1;False;1;;;;;
13.11.2023;5042,966942;25,95041322;5,595041322;2452,752066;14966,69421;4976,85124;6,611570248;861,9834711;1,479338843;0,041322314;95,04132231;5190,859504;8,917355372;0,247933884;572,338843;6,859504132;57,6446281;0,545454546;0,041322314;57,85123967;342,5206612;3,231404959;0,247933884;343,7520661;4910,735537;True;3;False;1;False;1;;;;;
14.11.2023;5032,198347;25,7768595;5,512396694;2845,743802;17327,6281;4966,082645;6,611570248;771,0743802;1,396694215;0,041322314;86,7768595;4633,355372;8,388429752;0,247933884;521,4380165;6,859504132;62,0661157;0,462809917;0,049586777;11,57024793;367,9917355;2,727272727;0,280991736;68,60330579;4899,966942;True;3;False;1;False;1;;;;;
15.11.2023;4953,099174;25,46280992;5,479338843;2017,768595;12092,98347;4886,983471;6,611570248;722,3140496;0,388429752;0,049586777;90,90909091;4271,22314;2,289256198;0,305785124;537,5702479;6,94214876;53,53719008;0,487603306;0,049586777;13,2231405;312,2975207;2,826446281;0,26446281;77,1322314;4820,867769;True;3;False;1;False;1;;;;;
16.11.2023;5030,181818;25,37190083;5,123966942;2406,545455;14647,46281;4964,066116;6,611570248;677,6859504;0,404958678;0,049586777;121,4876033;4070,528926;2,421487603;0,305785124;729,7190083;6,859504132;59,04132231;0,504132231;0,049586777;12,80991736;349,9090909;2,991735537;0,289256198;75,91735537;4897,950413;True;3;False;1;False;1;;;;;
17.11.2023;5053,115702;25,62809917;4,900826446;2135,884298;13059,35537;4987;6,52892562;284,2975207;0,404958678;0,05785124;90,90909091;1715,528926;2,462809917;0,330578512;548,5702479;6,859504132;58,27272727;0,504132231;0,049586777;12,80991736;346,9752066;3,016528926;0,297520661;76,27272727;4920,884298;True;3;False;1;False;1;;;;;
18.11.2023;4804,322314;25,90082645;4,933884298;2493,859504;14497,36364;4738,206612;6,446280992;290,9090909;0,413223141;0,05785124;86,7768595;1667,85124;2,371900826;0,338842975;497,5123967;6,859504132;53,84297521;0,512396694;0,05785124;16,11570248;304,3884298;2,892561983;0,314049587;91,10743802;4672,090909;True;3;False;1;False;1;;;;;
19.11.2023;4968,14876;25,9338843;5,041322314;2755,801653;16566,3719;4902,033058;6,446280992;802,4793388;0,446280992;0,05785124;31,40495868;4759,876033;2,636363636;0,363636364;186,2809917;6,859504132;51,48760331;0,52892562;0,05785124;16,11570248;301,2809917;3,074380165;0,330578512;94,29752066;4835,917355;True;3;False;1;False;1;;;;;
20.11.2023;4941,983471;25,80165289;5,181818182;2636,917355;15768,20661;4875,867769;6,52892562;743,8016529;0,479338843;0,066115702;95,04132231;4388,280992;2,809917355;0,388429752;560,7272727;6,859504132;62,52066116;0,512396694;0,049586777;16,52892562;364,4793388;2,966942149;0,305785124;96,36363636;4818,016529;True;3;False;1;False;1;;;;;
21.11.2023;4942,859504;25,79338843;5,20661157;3280,785124;19621,92562;4876,743802;6,52892562;738,0165289;3,173553719;0,05785124;101,6528926;4354,933884;18,72727273;0,330578512;599,8429752;6,859504132;57,43801653;0,512396694;0,041322314;15,70247934;334,9090909;2,966942149;0,239669422;91,56198347;4818,892562;True;3;False;1;False;1;;;;;
22.11.2023;4983,68595;26,39669421;5,314049587;2768,082645;16692,26446;4917,570248;6,52892562;970,2479339;4,842975207;0,157024793;95,04132231;5773,22314;28,82644628;0,917355372;565,5206612;6,776859504;64,99173554;0,479338843;0,041322314;19,83471074;381,6446281;2,801652893;0,239669422;116,4710744;4853,107438;True;3;False;1;False;1;;;;;
23.11.2023;4968,173554;26,85950413;5,148760331;2842,545455;17087,95041;4902,057851;6,52892562;976,8595041;3,47107438;0,041322314;101,6528926;5794,231405;20,59504132;0,247933884;602,9504132;6,859504132;111,5702479;0,58677686;0,041322314;19,83471074;653,0743802;3,454545455;0,239669422;116,0991736;4837,595041;True;3;False;1;False;1;;;;;
24.11.2023;4898,264463;26,39669421;4,851239669;2941,421488;17433,4876;4832,14876;6,52892562;881,8181818;3,768595041;0,041322314;93,38842975;5155,900826;22,05785124;0,239669422;546,0330579;6,859504132;151,6942149;0,652892562;0,041322314;20,24793388;876,0165289;3,752066116;0,239669422;116,9256198;4772,644628;True;3;False;1;False;1;;;;;
25.11.2023;4891,85124;25,47107438;5,20661157;2526,016529;14951,85124;4825,735537;6,611570248;990,0826446;5,198347107;0,041322314;90,90909091;5781,22314;30,33884298;0,247933884;530,8264463;6,776859504;72,54545455;0,644628099;0,066115702;29,33884298;417,8016529;3,694214876;0,388429752;168,9669421;4759,619835;True;3;False;1;False;1;;;;;
26.11.2023;4831,512397;25,3553719;5,512396694;2566,38843;15003,45455;4765,396694;6,611570248;815,7024793;5,090909091;0,066115702;97,52066116;4703,446281;29,34710744;0,363636364;562,3140496;6,859504132;48,72727273;0,652892562;0,049586777;44,4214876;277,0661157;3,719008264;0,26446281;252,5867769;4699,280992;True;3;False;1;False;1;;;;;
27.11.2023;4868,38843;25,60330579;5,347107438;2654,933884;15639,54545;4802,272727;6,52892562;738,0165289;4,876033058;0,066115702;111,5702479;4288,429752;28,32231405;0,388429752;648,3057851;6,859504132;57,14049587;0,644628099;0,049586777;59,50413223;327,4545455;3,702479339;0,305785124;341;4736,157025;True;3;False;1;False;1;;;;;
28.11.2023;4982,22314;26,05785124;5,148760331;2395,867769;14443,47107;4916,107438;6,446280992;329,7520661;4,966942149;0,05785124;111,5702479;1961,528926;29,56198347;0,355371901;663,677686;6,859504132;57,80991736;0,628099174;0,049586777;90,90909091;339,2561983;3,669421488;0,297520661;533,4958678;4849,991736;True;3;False;1;False;1;;;;;
29.11.2023;4981,818182;26,2231405;5,231404959;2845,595041;17153,2314;4915,702479;6,52892562;776,0330579;4,272727273;0,041322314;180,1652893;4615,842975;25,4214876;0,26446281;1071,619835;6,859504132;51,81818182;0,413223141;0,041322314;20,66115702;304,0661157;2,421487603;0,239669422;121,2396694;4849,586777;True;3;False;1;False;1;;;;;
30.11.2023;4974,380165;26,12396694;5,347107438;2340,884298;14089,7686;4908,264463;6,446280992;732,231405;5,900826446;0,107438017;132,231405;4348,719008;35,04132231;0,611570248;785,322314;6,94214876;54,56198347;0,247933884;0,066115702;15,70247934;321,5867769;1,47107438;0,371900826;92,55371901;4871,07438;True;3;False;1;False;1;;;;;
01.12.2023;4995,867769;25,61157025;5,181818182;2450,479339;14813,16529;4929,752066;6,611570248;662,8099174;4,628099174;0,05785124;109,9173554;3953,661157;27,5785124;0,338842975;655,6528926;6,94214876;52,92561983;0,909090909;0,090909091;15,70247934;313,322314;5,380165289;0,537190083;92,95867769;4892,561983;True;3;False;1;False;1;;;;;
02.12.2023;5017,033058;25,28099174;5,20661157;2758,818182;16747,67769;4950,917355;6,52892562;714,8760331;4,363636364;0,05785124;109,9173554;4282,53719;26,11570248;0,363636364;658,4710744;6,859504132;49,03305785;0,909090909;0,082644628;17,76859504;291,5289256;5,41322314;0,487603306;105,6446281;4913,727273;True;3;False;1;False;1;;;;;
03.12.2023;4935,107438;25,91735537;5,148760331;2757,272727;16464,99174;4868,991736;6,446280992;808,2644628;2,925619835;0,066115702;161,1570248;4761,876033;17,23966942;0,404958678;949,4545455;6,859504132;47,19834711;0,537190083;0,20661157;16,52892562;275,9421488;3,148760331;1,20661157;96,63636364;4831,801653;True;3;False;1;False;1;;;;;
04.12.2023;4898,892562;26,20661157;5,396694215;2552,826446;15132,28099;4832,77686;6,363636364;918,1818182;2,851239669;0,066115702;202,4793388;5369,22314;16,67768595;0,363636364;1184,033058;6,776859504;52,65289256;0,545454546;0,214876033;11,98347107;304,7355372;3,165289256;1,256198347;69,3553719;4783,190083;True;3;False;1;False;1;;;;;
05.12.2023;4996,479339;26,47933884;5,181818182;2587,53719;15643,57025;4930,363636;6,52892562;958,677686;1,47107438;0,314049587;219,0082645;5719,22314;8,752066116;1,876033058;1306,545455;6,776859504;53,20661157;0,181818182;0,115702479;9,504132231;314,2231405;1,066115702;0,669421488;56,1322314;4880,77686;True;3;False;1;False;1;;;;;
06.12.2023;4951,801653;26,52066116;5,371900826;2522,867769;15116,19835;4885,68595;6,446280992;822,3140496;1,41322314;0,338842975;136,3636364;4861,256198;8,347107438;2;806,1404959;6,776859504;51,44628099;0,26446281;0,123966942;10;301,0495868;1,553719008;0,710743802;58,52066116;4836,099174;True;3;False;1;False;1;;;;;
07.12.2023;4842,661157;26,19008264;5,479338843;2556,61157;14980,78512;4776,545455;6,446280992;763,8429752;3,553719008;0,099173554;134,7107438;4414,727273;20,56198347;0,58677686;778,5785124;6,859504132;52,3553719;0,421487603;0,107438017;10,33057851;299,4545455;2,396694215;0,619834711;59,09090909;4726,958678;True;3;False;1;False;1;;;;;
08.12.2023;4908,752066;26,11570248;5,347107438;2796,363636;16609,26446;4842,636364;6,611570248;754,7933884;4,884297521;0,26446281;134,2975207;4422,785124;28,63636364;1,553719008;786,9256198;6,859504132;50,96694215;0,892561984;0,099173554;11,57024793;295,5867769;5,157024793;0,561983471;67,09917355;4793,049587;True;3;False;1;False;1;;;;;
09.12.2023;4885,066116;25,97520661;5,479338843;2846,033058;16822,69421;4818,950413;6,611570248;817,8512397;3,198347107;0,115702479;152,892562;4768,834711;18,62809917;0,67768595;891,5041322;6,859504132;56,23140496;1,32231405;0,115702479;13,2231405;324,5041322;7,644628099;0,644628099;76,30578512;4769,363636;True;3;False;1;False;1;;;;;
10.12.2023;4925,553719;25,5785124;5,429752066;2568,181818;15306,15702;4859,438017;6,611570248;760,9917355;3,297520661;0,140495868;132,231405;4474,570248;19,36363636;0,818181818;777,5123967;6,94214876;49,61983471;1,173553719;0,115702479;14,25619835;288,5371901;6,818181818;0,685950413;82,90082645;4805,719008;True;3;False;1;False;1;;;;;
11.12.2023;4931,446281;25,90082645;5,396694215;2619,31405;15629,57025;4865,330579;6,611570248;741,4958678;4,123966942;0,148760331;122,3140496;4365,22314;24,28099174;0,867768595;720,0661157;6,94214876;44,47933884;1,991735537;0,132231405;12,60330579;258,9586777;11,59504132;0,768595041;73,38016529;4811,61157;True;3;False;1;False;1;;;;;
12.12.2023;4984,479339;25,8677686;5,429752066;2736,735537;16505,85124;4918,363636;6,611570248;785,2231405;3,917355372;0,157024793;119,0082645;4673,033058;23,33057851;0,933884298;708,2479339;6,859504132;49,48760331;1,851239669;0,123966942;12,39669421;291,2975207;10,90909091;0,727272727;72,96694215;4864,644628;True;3;False;1;False;1;;;;;
13.12.2023;4924,338843;25,83471074;5,314049587;2287,644628;13630,80992;4858,22314;6,611570248;699,8347107;1,388429752;0,173553719;136,3636364;4113,942149;8,140495868;1,033057851;801,6033058;6,859504132;44,89256198;0,743801653;0,256198347;17,3553719;261,4297521;4,314049587;1,495867769;101,0661157;4812,768595;True;3;False;1;False;1;;;;;
14.12.2023;4971,123967;26,01652893;5,314049587;2811,429752;16910,93388;4905,008264;6,52892562;676,1157025;0,710743802;0,20661157;128,0991736;4012,785124;4,190082645;1,214876033;760,2727273;6,859504132;45,42975207;0,694214876;0,330578512;11,40495868;267,1322314;4,099173554;1,966942149;67,05785124;4859,553719;True;3;False;1;False;1;;;;;
15.12.2023;4903,107438;26,3553719;5,371900826;2778,528926;16484,31405;4836,991736;6,52892562;801,7024793;2,314049587;0,041322314;123,9669421;4692,165289;13,54545455;0,247933884;725,5454545;6,859504132;89,57024793;0,801652893;0,380165289;10,16528926;519,3057851;4,661157025;2,198347107;58,9338843;4791,53719;True;3;False;1;False;1;;;;;
16.12.2023;4874,231405;26,38016529;5,26446281;2770,247934;16338,42975;4808,115702;6,52892562;808,5206612;3,173553719;0,049586777;115,7024793;4703,826446;18,46280992;0,289256198;673,1404959;7,024793388;54,33057851;0,809917355;0,388429752;13,2231405;313,0991736;4,644628099;2,231404959;76,20661157;4762,661157;True;3;False;1;False;1;;;;;
17.12.2023;4887,322314;26,45454545;5,429752066;2436,22314;14407,01653;4821,206612;6,446280992;1058,92562;3,289256198;0,05785124;413,2231405;6177,413223;19,16528926;0,338842975;2410,603306;6,859504132;53,36363636;0,842975207;0,371900826;12,39669421;308,3719008;4,892561983;2,140495868;71,63636364;4775,752066;True;3;False;1;False;1;;;;;
18.12.2023;4875,950413;26,23140496;5,181818182;2902,991736;17127,35537;4809,834711;6,611570248;859,2809917;3,26446281;0,239669422;246,2809917;5000,933884;18,97520661;1,371900826;1433,330579;6,94214876;60,47933884;0,256198347;0,041322314;11,98347107;348,661157;1,479338843;0,239669422;69,08264463;4764,380165;True;3;False;1;False;1;;;;;
19.12.2023;4953,53719;26,19834711;5,231404959;2628,61157;15755,31405;4887,421488;6,694214876;803,3471074;3,082644628;0,239669422;105,785124;4750,818182;18,23140496;1,421487603;625,5867769;6,859504132;50,84297521;0,247933884;0,049586777;10,33057851;297,8760331;1,454545455;0,280991736;60,52066116;4841,966942;True;3;False;1;False;1;;;;;
20.12.2023;4984,826446;26,09090909;5,148760331;2825,190083;17040,54545;4918,710744;6,52892562;961,9338843;3,016528926;0,223140496;132,231405;5725,082645;17,92561983;1,338842975;786,9917355;6,94214876;56,90082645;0,247933884;0,041322314;13,2231405;334,9586777;1,438016529;0,256198347;77,84297521;4864,991736;True;3;False;1;False;1;;;;;
21.12.2023;5034,297521;26,04132231;5,099173554;2293,181818;13968,91736;4968,181818;6,52892562;739,5702479;3;0,231404959;132,231405;4445,92562;18,00826446;1,404958678;794,9090909;6,859504132;57,21487603;0,247933884;0,049586777;16,52892562;340,8016529;1,47107438;0,272727273;98,45454545;4922,727273;True;3;False;1;False;1;;;;;
22.12.2023;4996,603306;25,95867769;5,314049587;4159,570248;25148,32231;4930,487603;6,52892562;792,5454545;1,082644628;0,041322314;132,231405;4728,239669;6,438016529;0,247933884;788,8760331;6,94214876;57,5785124;0,454545455;1,26446281;10,33057851;340,338843;2,685950413;7,462809917;61,0661157;4885,033058;True;3;False;1;False;1;;;;;
23.12.2023;5023,380165;26,47933884;5,314049587;2635,454545;16019,06612;4957,264463;6,611570248;718,9917355;0,966942149;0,041322314;132,231405;4312,727273;5,801652893;0,247933884;793,1652893;6,859504132;59,15702479;0,454545455;1,107438017;11,48760331;351,5867769;2,719008264;6,570247934;68,27272727;4911,809917;True;3;False;1;False;1;;;;;
24.12.2023;5018,123967;27,0661157;5,396694215;2672,826446;16229,20661;4952,008264;6,611570248;781,1157025;0,280991736;0,165289256;181,8181818;4680,396694;1,661157025;1;1089,446281;6,94214876;46,83471074;0,479338843;1,94214876;12,39669421;278,0578512;2,826446281;11,52892562;73,59504132;4906,553719;True;3;False;1;False;1;;;;;
25.12.2023;5014,305785;27,00826446;5,760330579;2570,479339;15595,90083;4948,190083;6,859504132;716,7355372;0,355371901;0,198347107;82,6446281;4291,31405;2,140495868;1,165289256;494,8181818;7,024793388;49,82644628;0,487603306;1,58677686;12,39669421;295,5867769;2,876033058;9,404958678;73,53719008;4902,735537;True;3;False;1;False;1;;;;;
26.12.2023;4850,157025;26,68595041;5,842975207;2560,471074;15026,58678;4784,041322;6,694214876;701,2479339;0,355371901;0,198347107;140,4958678;4059,305785;2,074380165;1,140495868;813,2892562;7,024793388;49,07438017;0,487603306;1,537190083;12,80991736;281,3801653;2,809917355;8,809917355;73,44628099;4738,586777;True;3;False;1;False;1;;;;;
27.12.2023;5051,876033;26,49586777;5,809917355;3012,867769;18416,94215;4985,760331;6,859504132;538,214876;0,355371901;0,198347107;140,4958678;3246,92562;2,165289256;1,181818182;847,5785124;7,024793388;50,54545455;0,487603306;1,52892562;13,2231405;302,6528926;2,933884298;9,157024793;79,17355372;4948,570248;True;3;False;1;False;1;;;;;
28.12.2023;5012,760331;26,62809917;5,67768595;2940,702479;17836,64463;4946,644628;6,776859504;965,2892562;0,578512397;0,214876033;210,7438017;5777,677686;3,479338843;1,289256198;1261,396694;7,024793388;47,24793388;0,495867769;1,32231405;11,98347107;280,6694215;2,958677686;7,842975207;71,19008264;4909,454545;True;3;False;1;False;1;;;;;
29.12.2023;5010,743802;26,85950413;5,644628099;3035,636364;18405,04132;4944,628099;6,694214876;1306,115702;0,595041322;0,297520661;504,1322314;7814,487603;3,561983471;1,768595041;3016,22314;7,107438017;64,76033058;0,512396694;1,20661157;11,15702479;384,5454545;3,024793388;7,181818182;66,24793388;4907,438017;True;3;False;1;False;1;;;;;
30.12.2023;4978,619835;26,79338843;5,479338843;2768,181818;16675,90083;4912,504132;6,694214876;990,5867769;1,603305785;0,074380165;165,2892562;5888,181818;9,545454545;0,454545455;982,5041322;7,024793388;57,83471074;1,099173554;0,611570248;14,87603306;341,1735537;6,487603306;3,619834711;87,75206612;4875,31405;True;3;False;1;False;1;;;;;
31.12.2023;4924,190083;26,23140496;5,347107438;2841,46281;16930,19008;4858,07438;6,694214876;825,5619835;1,280991736;0,090909091;134,2975207;4852,876033;7,52892562;0,537190083;789,4380165;7,024793388;70,33057851;0,876033058;0,52892562;11,57024793;410,2561983;5,115702479;3,082644628;67,49586777;4820,884298;True;3;False;1;False;1;;;;;
01.01.2024;5054,157025;26,68595041;5,454545455;2769,669421;16938;4988,041322;6,694214876;1021,570248;0,429752066;0,140495868;264,4628099;6165,719008;2,595041322;0,859504132;1596,173554;7,107438017;57,32231405;0,330578512;0,280991736;14,04958678;342,8181818;1,975206612;1,669421488;84,02479339;4942,586777;True;3;False;1;False;1;;;;;
02.01.2024;4931,92562;26,87603306;5,537190083;3074,297521;18346,2562;4865,809917;6,694214876;1105,371901;0,553719008;0,165289256;537,1900826;6508,016529;3,256198347;0,966942149;3162,77686;7,024793388;55,49586777;0,413223141;0,380165289;12,39669421;323,6859504;2,396694215;2,20661157;72,30578512;4820,355372;True;3;False;1;False;1;;;;;
03.01.2024;4950,057851;26,21487603;5,454545455;2675,305785;16023,92562;4883,942149;6,652892562;917,9173554;0,454545455;0,181818182;330,5785124;5463,859504;2,710743802;1,074380165;1956,429752;6,94214876;55,63636364;2;0,396694215;12,60330579;325,7272727;11,70247934;2,305785124;73,78512397;4838,487603;True;3;False;1;False;1;;;;;
04.01.2024;5066,628099;25,99173554;5,26446281;2942,289256;18038,04959;5000,512397;6,611570248;730,4545455;0,355371901;0,198347107;123,9669421;4419,702479;2,157024793;1,181818182;750,0743802;7,024793388;68,0661157;0,479338843;0,388429752;11,98347107;408,0991736;2,867768595;2,32231405;71,85123967;4955,057851;True;3;False;1;False;1;;;;;
05.01.2024;4926,520661;26,27272727;5,347107438;2912,53719;17361,8843;4860,404959;6,694214876;1052,297521;0,429752066;0,074380165;133,8842975;6188,661157;2,52892562;0,454545455;787,3884298;6,94214876;57,66942149;0,371900826;0,041322314;12,39669421;335,9834711;2,173553719;0,239669422;72,2231405;4814,950413;True;3;False;1;False;1;;;;;
06.01.2024;4953,206612;25,74380165;5,396694215;2837,132231;17004,01653;4887,090909;6,611570248;897,3966942;0,446280992;0,082644628;107,4380165;5306,644628;2,644628099;0,487603306;635,322314;6,94214876;54,50413223;0,388429752;0,041322314;12,39669421;319,3057851;2,26446281;0,239669422;72,62809917;4841,636364;True;3;False;1;False;1;;;;;
07.01.2024;4951,884298;25,51239669;5,479338843;2066,033058;12379,22314;4885,768595;6,776859504;816,1570248;0,958677686;0,214876033;109,5041322;4824,942149;5,669421488;1,247933884;647,3636364;7,024793388;55,5785124;0,644628099;0,066115702;11,57024793;325,785124;3,760330579;0,363636364;67,81818182;4844,446281;True;3;False;1;False;1;;;;;
08.01.2024;4973,247934;25,59504132;5,537190083;2504,752066;15072,66116;4907,132231;6,694214876;769,0909091;0,462809917;1,388429752;92,97520661;4566,578512;2,727272727;8,223140496;552,0495868;6,94214876;57,37190083;0,892561984;0,041322314;11,98347107;337,785124;5,272727273;0,239669422;70,55371901;4865,809917;True;3;False;1;False;1;;;;;
09.01.2024;4873,834711;25,53719008;5,231404959;2310,504132;13625,82645;4807,719008;6,694214876;800,8264463;0,330578512;0,090909091;101,2396694;4658,677686;1,94214876;0,537190083;588,9421488;7,024793388;66,85123967;0,421487603;0,05785124;12,39669421;385,553719;2,446280992;0,330578512;71,49586777;4766,396694;True;3;False;1;False;1;;;;;
10.01.2024;4990,619835;26,17355372;5,429752066;2714,545455;16392,19835;4924,504132;6,694214876;933,8842975;0,479338843;0,082644628;101,2396694;5564,694215;2,842975207;0,479338843;603,2479339;7,024793388;41,36363636;0,429752066;0,198347107;11,98347107;244,1983471;2,520661157;1,173553719;70,74380165;4879,049587;True;3;False;1;False;1;;;;;
11.01.2024;5015,057851;26,41322314;5,396694215;2577,958678;15643,6281;4948,942149;6,611570248;658,8760331;0,47107438;0,082644628;107,4380165;3945,495868;2,834710744;0,479338843;643,3636364;6,94214876;66,32231405;0,47107438;0,198347107;11,98347107;393,5041322;2,801652893;1,190082645;71,09917355;4903,487603;True;3;False;1;False;1;;;;;
12.01.2024;4808,801653;26,82644628;5,26446281;2175,809917;12660,29752;4742,68595;6,611570248;728;0,479338843;0,082644628;107,4380165;4177,735537;2,760330579;0,487603306;616,5454545;7,024793388;52,30578512;0,438016529;0,20661157;11,98347107;297,2892562;2,479338843;1,190082645;68,10743802;4697,231405;True;3;False;1;False;1;;;;;
13.01.2024;4873,735537;27,05785124;5,148760331;2461,07438;14513,50413;4807,619835;6,776859504;720,5785124;0,47107438;0,090909091;119,8347107;4191,768595;2,727272727;0,52892562;697,107438;7,024793388;46,58677686;0,421487603;0,198347107;12,80991736;268,446281;2,429752066;1,148760331;73,80991736;4762,165289;True;3;False;1;False;1;;;;;
14.01.2024;4815,768595;26,96694215;5,231404959;2625;15296,08264;4749,652893;6,776859504;744,8347107;0,909090909;0,173553719;109,5041322;4280,628099;5,223140496;1;629,3305785;7,024793388;49,79338843;0,644628099;0,041322314;14,04958678;283,4297521;3,644628099;0,231404959;79,97520661;4704,198347;True;3;False;1;False;1;;;;;
15.01.2024;4812,247934;26,19834711;5,26446281;2494,487603;14524,96694;4746,132231;6,694214876;713,3057851;0,545454546;0,140495868;111,5702479;4096,38843;3,148760331;0,785123967;640,7272727;7,024793388;51,23966942;0,603305785;0,041322314;148,7603306;291,4380165;3,446280992;0,231404959;846,1239669;4700,677686;True;3;False;1;False;1;;;;;
16.01.2024;4834,785124;26;5,231404959;2414,396694;14124,42149;4768,669421;6,694214876;668,2644628;0,636363636;0,173553719;134,2975207;3855,942149;3,669421488;1,008264463;774,9090909;7,024793388;48,48760331;0,446280992;0,041322314;11,57024793;277,107438;2,561983471;0,239669422;66,12396694;4723,214876;True;3;False;1;False;1;;;;;
17.01.2024;4781,933884;26,09917355;5,041322314;2618,570248;15151,41322;4715,818182;6,694214876;717,768595;0,47107438;0,107438017;134,2975207;4095,694215;2,694214876;0,595041322;766,322314;7,107438017;69,8677686;0,380165289;0,041322314;11,57024793;394,8347107;2,140495868;0,231404959;65,38842975;4670,363636;True;3;False;1;False;1;;;;;
18.01.2024;4765,082645;26,68595041;5,016528926;2382,809917;13738,68595;4698,966942;6,694214876;640,9090909;0,404958678;0,099173554;117,768595;3644,049587;2,280991736;0,553719008;669,6033058;7,024793388;47,5785124;0,305785124;0,041322314;10,33057851;267,9008264;1,719008264;0,231404959;58,16528926;4653,512397;True;3;False;1;False;1;;;;;
19.01.2024;4912,008264;26,94214876;5,123966942;2520,801653;14982,45455;4845,892562;6,776859504;681,677686;0,388429752;0,099173554;115,7024793;3997,041322;2,289256198;0,561983471;678,4214876;7,024793388;51,58677686;0,297520661;0,041322314;11,15702479;299,6446281;1,73553719;0,239669422;64,80991736;4800,438017;True;3;False;1;False;1;;;;;
20.01.2024;4918,22314;26,94214876;5,148760331;2441,214876;14527,7686;4852,107438;6,611570248;715,6280992;0,396694215;0,099173554;140,4958678;4201,487603;2,314049587;0,595041322;824,8595041;7,024793388;47,89256198;0,297520661;0,041322314;11,98347107;278,5454545;1,727272727;0,239669422;69,69421488;4806,652893;True;3;False;1;False;1;;;;;
21.01.2024;4871,239669;27,27272727;5,231404959;2691,049587;15861,56198;4805,123967;6,694214876;781,1570248;0,809917355;0,247933884;338,8429752;4541,801653;4,719008264;1,438016529;1970,099174;7,107438017;114,8760331;0,438016529;0,041322314;10,33057851;661,5950413;2,520661157;0,239669422;59,49586777;4759,669421;True;3;False;1;False;1;;;;;
22.01.2024;4977,173554;27,07438017;5,099173554;2826,512397;17022,35537;4911,057851;6,694214876;840,2479339;0,462809917;0,132231405;260,3305785;4993,07438;2,752066116;0,776859504;1546,983471;7,107438017;55,70247934;0,537190083;0,173553719;11,57024793;328,2231405;3,157024793;1,016528926;68,17355372;4869,735537;True;3;False;1;False;1;;;;;
23.01.2024;4846,892562;27,25619835;5,041322314;2406,057851;14110,92562;4780,77686;6,776859504;711,0743802;0,388429752;0,132231405;119,8347107;4113,380165;2,231404959;0,743801653;693,214876;7,107438017;55,20661157;0,47107438;0,148760331;16,52892562;317,1487603;2,727272727;0,867768595;94,95041322;4747,719008;True;3;False;1;False;1;;;;;
24.01.2024;4853,719008;26,87603306;5,347107438;2656,099174;15599,29752;4787,603306;6,776859504;660,3719008;0,438016529;0,140495868;142,5619835;3825,53719;2,520661157;0,801652893;825,8595041;7,107438017;44,52066116;0,52892562;0,479338843;11,57024793;256,9256198;3,049586777;2,776859504;66,76859504;4769,421488;True;3;False;1;False;1;;;;;
25.01.2024;4879,68595;26,78512397;5,20661157;2482,834711;14659,71901;4813,570248;6,611570248;723,4545455;0,429752066;0,140495868;330,5785124;4213,702479;2,504132231;0,809917355;1925,429752;7,024793388;44,70247934;0,520661157;0,049586777;80,5785124;259,3801653;3,024793388;0,289256198;467,553719;4795,38843;True;3;False;1;False;1;;;;;
26.01.2024;4919,438017;26,65289256;5,20661157;2633,842975;15678,01653;4853,322314;6,611570248;685,2644628;0,429752066;0,148760331;247,9338843;4024,231405;2,52892562;0,867768595;1456;7,024793388;61,09917355;0,520661157;0,049586777;13,42975207;357,4628099;3,05785124;0,305785124;78,57024793;4835,140496;True;3;False;1;False;1;;;;;
27.01.2024;4879,396694;26,71900826;5,181818182;2191,487603;12938,70248;4813,280992;6,611570248;685,3553719;0,429752066;0,148760331;661,1570248;3991,561983;2,520661157;0,859504132;3850,628099;7,024793388;56,73553719;0,520661157;0,05785124;13,42975207;329,1818182;3,041322314;0,338842975;77,91735537;4795,099174;True;3;False;1;False;1;;;;;
28.01.2024;4844,446281;26,91735537;5,20661157;2468,652893;14470,69421;4778,330579;6,694214876;811,4710744;0,429752066;0,148760331;355,3719008;4691,752066;2,504132231;0,859504132;2054,68595;7,107438017;57,4214876;0,512396694;0,049586777;16,52892562;331,0247934;2,975206612;0,305785124;95,2892562;4764,280992;True;3;False;1;False;1;;;;;
29.01.2024;4768,165289;27,03305785;5,314049587;2621,07438;15122,22314;4702,049587;6,694214876;689,5785124;0,413223141;0,041322314;322,3140496;3923,338843;2,363636364;0,231404959;1833,801653;7,024793388;47,81818182;0,421487603;0,975206612;16,52892562;271,2479339;2,363636364;5,512396694;93,76033058;4688;True;3;False;1;False;1;;;;;
30.01.2024;4852,396694;26,97520661;5,396694215;2321,504132;13630,47107;4786,280992;6,611570248;699,7603306;0,396694215;0,041322314;322,3140496;4052,595041;2,272727273;0,239669422;1866,652893;7,024793388;49,54545455;0,438016529;0,917355372;10,74380165;286,0991736;2,512396694;5,297520661;62,04132231;4772,231405;True;3;False;1;False;1;;;;;
31.01.2024;4903,669421;26,69421488;5,429752066;2513,206612;14911,98347;4837,553719;6,694214876;917,6859504;0,619834711;0,247933884;495,8677686;5371,619835;3,619834711;1,47107438;2902,53719;7,024793388;55,95041322;0,462809917;2,231404959;11,57024793;326,553719;2,694214876;13,02479339;67,52892562;4823,504132;True;3;False;1;False;1;;;;;
01.02.2024;4868,933884;26,94214876;5,347107438;2320,057851;13668,39669;4802,818182;6,776859504;688,0165289;0,429752066;0,20661157;301,6528926;3998,347107;2,504132231;1,190082645;1753,024793;7,107438017;56,37190083;0,628099174;1,256198347;14,87603306;326,8099174;3,628099174;7,280991736;86,23966942;4791,247934;True;3;False;1;False;1;;;;;
02.02.2024;4921,289256;27,04132231;5,347107438;2366,446281;14091,61983;4855,173554;6,694214876;328,4297521;0,421487603;2,983471074;351,2396694;1929,446281;2,47107438;17,54545455;2063,446281;7,024793388;51,28099174;0,280991736;0,239669422;19,83471074;300,5454545;1,636363636;1,404958678;116,2479339;4843,603306;True;3;False;1;False;1;;;;;
03.02.2024;4781,77686;26,53719008;5,512396694;2716,834711;15719,46281;4715,661157;6,694214876;814,7520661;0,396694215;0,272727273;380,1652893;4648,933884;2,247933884;1,545454545;2169,206612;7,024793388;44,2231405;0,446280992;2,710743802;13,42975207;251,7190083;2,52892562;15,40495868;76,43801653;4704,090909;True;3;False;1;False;1;;;;;
04.02.2024;4782,024793;26,11570248;5,429752066;2577,958678;14916,72727;4715,909091;6,694214876;890,6198347;0,719008265;0,157024793;330,5785124;5082,099174;4,099173554;0,917355372;1886,363636;7,024793388;50,79338843;0,504132231;1,066115702;16,11570248;289,1322314;2,859504132;6,066115702;91,73553719;4704,338843;True;3;False;1;False;1;;;;;
05.02.2024;4842,495868;25,90909091;5,289256198;2761,115702;16178,52893;4776,380165;6,694214876;926,7520661;0,694214876;0,165289256;297,5206612;5356,090909;4,024793388;0,958677686;1719,495868;7,024793388;46,69421488;0,504132231;1,272727273;15,70247934;269,214876;2,917355372;7,355371901;90,52892562;4764,809917;True;3;False;1;False;1;;;;;
06.02.2024;4825,438017;26,1322314;5,148760331;2830,140496;16524,54545;4759,322314;6,776859504;748,5950413;0,561983471;0,090909091;185,9504132;4310,991736;3,214876033;0,512396694;1070,842975;7,024793388;54,04958678;0,446280992;1,082644628;15,2892562;310,5041322;2,545454545;6,198347107;87,83471074;4747,752066;True;3;False;1;False;1;;;;;
07.02.2024;4854,892562;26,75206612;4,876033058;2757,661157;16199,65289;4788,77686;6,776859504;840,1652893;0,578512397;0,082644628;169,4214876;4868,272727;3,347107438;0,495867769;981,7024793;7,107438017;57,84297521;0,429752066;0,958677686;20,66115702;334,3553719;2,504132231;5,545454545;119,4297521;4777,206612;True;3;False;1;False;1;;;;;
08.02.2024;4891,578512;27,23966942;5,454545455;2803,578512;16593,85124;4825,46281;6,776859504;949,1322314;1,537190083;0,107438017;181,8181818;5541,801653;8,975206612;0,628099174;1061,603306;7,107438017;78,04132231;0,479338843;0,950413223;12,80991736;454,5785124;2,809917355;5,512396694;74,61157025;4813,892562;True;3;False;1;False;1;;;;;
09.02.2024;4787,917355;26,85123967;5,479338843;2696,801653;15623,61157;4721,801653;7,190082645;1096,198347;1,074380165;0,099173554;181,8181818;6263;6,132231405;0,578512397;1038,793388;7,024793388;71,94214876;0,537190083;0,743801653;18,18181818;410,0247934;3,074380165;4,223140496;103,6280992;4710,231405;True;3;False;1;False;1;;;;;
10.02.2024;4798,322314;26,49586777;5,479338843;3400,066116;19740,70248;4732,206612;6,859504132;1188,760331;0,421487603;0,082644628;181,8181818;6806,809917;2,404958678;0,47107438;1041,082645;7,107438017;69,19834711;0,314049587;0,099173554;12,39669421;395,0495868;1,768595041;0,553719008;70,76859504;4718,157025;True;3;False;1;False;1;;;;;
11.02.2024;4841,140496;25,94214876;5,67768595;3128,53719;18326,31405;4775,024793;6,859504132;1051,404959;0,454545455;0,099173554;190,0826446;6074,793388;2,603305785;0,578512397;1098,256198;7,107438017;59,54545455;0,305785124;0,479338843;12,39669421;342,8512397;1,752066116;2,752066116;71,38016529;4758,495868;True;3;False;1;False;1;;;;;
12.02.2024;4858,099174;25,7768595;5,785123967;2697,933884;15859,2562;4791,983471;6,859504132;1070,85124;0,438016529;0,438016529;180,1652893;6209,115702;2,545454545;2,537190083;1044,652893;7,024793388;81,87603306;0,314049587;0,107438017;12,39669421;473,8429752;1,809917355;0,628099174;71,74380165;4782,892562;True;3;False;1;False;1;;;;;
13.02.2024;4854,595041;26,34710744;5,619834711;2674,090909;15707,7686;4788,479339;6,859504132;1052,264463;0,446280992;0,115702479;198,3471074;6096,884298;2,578512397;0,652892562;1149,231405;7,107438017;48,60330579;0,305785124;0,388429752;18,59504132;281,0247934;1,743801653;2,256198347;107,5206612;4778,561983;True;3;False;1;False;1;;;;;
14.02.2024;4821,636364;26,17355372;5,20661157;3016,528926;17598,97521;4755,520661;6,776859504;990,2479339;0,479338843;0,099173554;190,0826446;5698,066116;2,760330579;0,58677686;1093,768595;7,107438017;74;0,289256198;0,32231405;19,83471074;425,8099174;1,652892562;1,867768595;114,1322314;4755,520661;True;3;False;1;False;1;;;;;
15.02.2024;4856,07438;26,20661157;5,371900826;2725,760331;16016,1405;4789,958678;6,611570248;973,8842975;0,47107438;0,099173554;198,3471074;5644,487603;2,702479339;0,553719008;1149,586777;6,94214876;129,9752066;0,305785124;0,330578512;18,18181818;753,3140496;1,752066116;1,909090909;105,3801653;4789,958678;True;3;False;1;False;1;;;;;
16.02.2024;4959,528926;26,19008264;5,26446281;2681,876033;16093,99174;4893,413223;6,776859504;1097,173554;0,776859504;0,066115702;181,8181818;6496,396694;4,578512397;0,380165289;1076,553719;7,107438017;80,7107438;0,396694215;0,107438017;24,79338843;477,892562;2,347107438;0,611570248;146,8016529;4893,413223;True;3;False;1;False;1;;;;;
17.02.2024;4863,396694;26,21487603;5,809917355;2678,909091;15764,61157;4863,396694;6,776859504;1083,975207;0,768595041;0,082644628;214,8760331;6378,876033;4,537190083;0,479338843;1264,479339;7,107438017;79,00826446;0,429752066;0,140495868;26,44628099;464,9421488;2,545454545;0,801652893;155,6280992;4863,396694;True;3;False;1;False;1;;;;;
18.02.2024;4919,867769;26,04132231;5,702479339;2689,818182;16012,60331;4919,867769;7,024793388;879,9173554;0,595041322;0,107438017;210,7438017;5238,181818;3,52892562;0,652892562;1254,561983;7,190082645;100,7190083;0,487603306;0,082644628;21,48760331;599,5867769;2,884297521;0,47107438;127,9173554;4919,867769;True;3;False;1;False;1;;;;;
19.02.2024;4840,727273;25,41322314;5,809917355;3416,446281;20011,08264;4840,727273;7,107438017;982,6446281;0,67768595;0,123966942;260,3305785;5755,628099;3,958677686;0,727272727;1524,826446;7,272727273;80,0661157;0,512396694;0,090909091;19,83471074;468,9669421;2,983471074;0,512396694;116,1735537;4840,727273;True;3;False;1;False;1;;;;;
20.02.2024;4769,198347;25,00826446;5,842975207;3402,793388;19636,61983;4769,198347;6,94214876;1079,669421;3,363636364;0,181818182;293,3884298;6230,479339;19,39669421;1,05785124;1693,066116;7,107438017;70,74380165;0,595041322;0,05785124;16,52892562;408,2396694;3,41322314;0,32231405;95,38016529;4769,198347;True;3;False;1;False;1;;;;;
21.02.2024;4856,950413;25,33057851;5,892561983;2946,710744;17317,52893;4832,157025;7,107438017;1040,991736;3,396694215;0,173553719;293,3884298;6086,578512;19,85123967;1,033057851;1715,413223;7,190082645;82,31404959;0,611570248;0,066115702;22,72727273;481,2809917;3,553719008;0,380165289;132,8842975;4832,157025;True;3;False;1;False;1;;;;;
22.02.2024;4850,991736;25,19008264;5,67768595;2940,92562;17262,34711;4809,669421;7,107438017;1070,520661;3,561983471;0,190082645;272,7272727;6230,115702;20,70247934;1,115702479;1587,190083;7,272727273;93,61983471;0,661157025;0,066115702;23,76033058;544,8429752;3,826446281;0,388429752;138,2809917;4809,669421;True;3;False;1;False;1;;;;;
23.02.2024;4785,619835;24,95867769;5,429752066;3138,38843;18173,1405;4785,619835;7,024793388;1091,917355;3,140495868;0,181818182;280,9917355;6322,85124;18,18181818;1,033057851;1627,107438;7,272727273;97,50413223;0,694214876;0,05785124;24,79338843;564,6033058;4,016528926;0,330578512;143,5702479;4785,619835;True;3;False;1;False;1;;;;;
24.02.2024;4877,066116;25,31404959;5,429752066;2969,363636;17522,96694;4810,950413;6,859504132;1076,07438;1,537190083;0,190082645;330,5785124;6264,099174;8,925619835;1,090909091;1924,380165;7,024793388;72,76033058;0,413223141;0,247933884;31,40495868;422,8264463;2,404958678;1,429752066;182,5041322;4802,68595;True;3;False;1;False;1;;;;;
25.02.2024;4777,719008;25,90082645;5,537190083;2675,636364;15467,95041;4761,190083;6,694214876;1042,669421;1,140495868;0,190082645;330,5785124;6006,859504;6,58677686;1,107438017;1904,479339;6,94214876;95,78512397;0,578512397;0,05785124;32,23140496;550,8677686;3,330578512;0,330578512;185,3636364;4752,92562;True;3;False;1;False;1;;;;;
26.02.2024;4768,661157;26,14049587;5,479338843;2911,22314;16797,99174;4743,867769;6,94214876;975,3719008;0,314049587;0,140495868;338,8429752;5598,710744;1,79338843;0,79338843;1944,983471;7,272727273;77,52066116;0,628099174;0,132231405;33,05785124;444,5867769;3,58677686;0,743801653;189,5867769;4739,735537;True;3;False;1;False;1;;;;;
27.02.2024;4764,884298;26,44628099;5,479338843;2805,661157;16176,07438;4707,033058;6,94214876;1042,809917;0,380165289;0,20661157;376,0330579;5939,338843;2,165289256;1,157024793;2141,702479;7,272727273;156,7107438;0,652892562;0,140495868;37,19008264;891,7603306;3,702479339;0,801652893;211,6280992;4702,900826;True;3;False;1;False;1;;;;;
28.02.2024;4798,809917;26,50413223;5,595041322;3136,016529;18209,47107;4732,694215;6,776859504;1040,371901;0,925619835;0,256198347;334,7107438;5957,752066;5,297520661;1,479338843;1916,743802;7,107438017;306,0247934;0,983471074;0,214876033;33,05785124;1750,322314;5,619834711;1,231404959;189,0743802;4726,909091;True;3;False;1;False;1;;;;;
29.02.2024;4825,338843;26,47933884;5,454545455;3208,371901;18732,60331;4825,338843;6,776859504;1315,289256;1,165289256;0,289256198;334,7107438;7679,520661;6,785123967;1,661157025;1954,264463;7,107438017;114,1983471;2,768595041;0,231404959;30,99173554;666,768595;16,14876033;1,371900826;180,9504132;4825,338843;True;3;False;1;False;1;;;;;
01.03.2024;4785,958678;26,55371901;5,289256198;2820,016529;16330,71901;4719,842975;6,694214876;1239,661157;0,495867769;0,082644628;314,0495868;7079,710744;2,809917355;0,454545455;1793,53719;7,107438017;128,8595041;0,256198347;0,074380165;30,99173554;734,1157025;1,462809917;0,404958678;176,5619835;4708,272727;True;3;False;1;False;1;;;;;
02.03.2024;4270,479339;26,46280992;5,099173554;3184,85124;16457,01653;4204,363636;6,694214876;1269,92562;0,52892562;0,082644628;322,3140496;6460,471074;2,710743802;0,413223141;1639,702479;7,190082645;125,9917355;0,272727273;0,074380165;167,3553719;639,1900826;1,363636364;0,380165289;849,0413223;4192,793388;True;3;False;1;False;1;;;;;
03.03.2024;4712,636364;26,53719008;5,066115702;3112,727273;17749,66116;4646,520661;6,776859504;1248,677686;1,685950413;0,05785124;309,9173554;7020,421488;9,479338843;0,314049587;1742,446281;7,190082645;116,6942149;0,727272727;0,074380165;148,7603306;654,4545455;4,05785124;0,438016529;834,2892562;4634,950413;True;3;False;1;False;1;;;;;
04.03.2024;4697,206612;26,63636364;5,181818182;2777;15783,38843;4631,090909;6,859504132;1142,975207;2,462809917;0,115702479;309,9173554;6404,793388;13,80165289;0,636363636;1736,661157;7,190082645;75,10743802;0,801652893;0,05785124;28,09917355;419,8181818;4,487603306;0,330578512;157,0661157;4619,520661;True;3;False;1;False;1;;;;;
05.03.2024;4668,157025;26,7107438;5,537190083;2464,793388;13922,32231;4602,041322;6,859504132;953,8016529;1,446280992;0,05785124;334,7107438;5311,22314;8,041322314;0,297520661;1863,826446;7,190082645;81,40495868;0,421487603;0,074380165;27,27272727;452,1652893;2,338842975;0,396694215;151,4876033;4590,471074;True;3;False;1;False;1;;;;;
06.03.2024;4606,338843;26,20661157;5,537190083;2359,710744;13152,2562;4540,22314;6,859504132;926,1157025;1,396694215;0,256198347;334,7107438;5087,77686;7,661157025;1,429752066;1838,793388;7,190082645;82,58677686;1,041322314;0,314049587;28,92561983;452,5454545;5,702479339;1,719008264;158,5041322;4528,652893;True;3;False;1;False;1;;;;;
07.03.2024;4699,826446;26,27272727;5,537190083;2699,727273;15352,77686;4633,710744;6,776859504;917,9752066;1,41322314;0,256198347;314,0495868;5146,900826;7,925619835;1,454545455;1760,809917;7,107438017;72,75206612;1,024793388;0,314049587;14,46280992;406,8842975;5,752066116;1,743801653;80,88429752;4622,140496;True;3;False;1;False;1;;;;;
08.03.2024;4736,454545;26,49586777;5,619834711;2627,785124;15060,10744;4670,338843;6,776859504;927,6198347;1,429752066;0,26446281;330,5785124;5242,082645;8,05785124;1,487603306;1868,132231;7,190082645;147,9173554;1,033057851;0,305785124;26,85950413;833,8264463;5,826446281;1,710743802;151,4132231;4658,768595;True;3;False;1;False;1;;;;;
09.03.2024;4651,033058;26,8677686;5,537190083;2823,909091;15892,27273;4584,917355;6,859504132;1004,975207;1,214876033;0,347107438;305,785124;5575,355372;6,727272727;1,925619835;1696,421488;7,190082645;113,0413223;4,090909091;0,074380165;19,00826446;625,5454545;22,61157025;0,388429752;105,1900826;4573,347107;True;3;False;1;False;1;;;;;
10.03.2024;4604,628099;26,91735537;5,537190083;2623,413223;14616,61157;4538,512397;6,859504132;970,8595041;1,297520661;0,371900826;285,1239669;5331,570248;7,140495868;2,024793388;1565,785124;7,272727273;69,62809917;2,884297521;0,066115702;37,19008264;381,1818182;15,79338843;0,355371901;203,6033058;4524,46281;True;3;False;1;False;1;;;;;
11.03.2024;4563,206612;27,08264463;5,454545455;2671,966942;14753,2314;4497,090909;6,94214876;870,4958678;2,512396694;0,066115702;285,1239669;4736,785124;13,66942149;0,338842975;1551,495868;7,272727273;67,39669421;0,694214876;0,066115702;29,75206612;365,3884298;3,760330579;0,355371901;161,2975207;4480,561983;True;3;False;1;False;1;;;;;
12.03.2024;4591,123967;27,16528926;5,644628099;2967,768595;16486,7438;4525,008264;6,94214876;865,8677686;5,371900826;0,198347107;270,661157;4740,859504;29,40495868;1,099173554;1481,942149;7,190082645;67,43801653;2,26446281;0,049586777;86,7768595;368,4958678;12,38842975;0,280991736;474,1735537;4515,917355;True;3;False;1;False;1;;;;;
13.03.2024;4777,016529;27,09090909;5,26446281;2912,421488;16834,3719;4710,900826;6,776859504;894,8760331;1,958677686;0,743801653;276,8595041;5100,966942;11,14049587;4,231404959;1578,14876;7,190082645;69,2231405;4,214876033;0,371900826;17,3553719;393,7520661;23,96694215;2,132231405;98,71900826;4700,983471;True;3;False;1;False;1;;;;;
14.03.2024;4822,049587;27,00826446;5,231404959;3169,528926;18493,19835;4755,933884;6,859504132;1069,421488;4,214876033;0,413223141;268,5950413;6154,173554;24,25619835;2,388429752;1545,677686;7,272727273;61,71900826;1,438016529;0,438016529;19,4214876;355,1735537;8,26446281;2,537190083;111,7603306;4755,933884;True;3;False;1;False;1;;;;;
15.03.2024;4796;27,09090909;5,561983471;2815,512397;16338,84298;4729,884298;6,859504132;919,9173554;4,20661157;0,421487603;272,7272727;5264,826446;24,04958678;2,404958678;1560,859504;7,190082645;77,46280992;1,396694215;0,429752066;21,90082645;443,3305785;7,966942149;2,438016529;125,338843;4729,884298;True;3;False;1;False;1;;;;;
16.03.2024;4448,429752;26,6446281;5,26446281;2705,165289;14560,83471;4382,31405;6,776859504;1136,140496;4,198347107;0,421487603;247,9338843;6024,504132;22,26446281;2,239669421;1314,694215;7,190082645;116,4958678;1,371900826;0,421487603;18,18181818;617,7355372;7,256198347;2,239669421;96,41322314;4382,31405;True;3;False;1;False;1;;;;;
17.03.2024;4752,809917;26,37190083;5,561983471;2500,479339;14380,01653;4752,809917;6,776859504;875,3884298;0,73553719;0,371900826;305,785124;5034,264463;4,247933884;2,157024793;1758,53719;7,190082645;96,39669421;0,818181818;0,115702479;15,70247934;554,3636364;4,67768595;0,685950413;90,30578512;4752,809917;True;3;False;1;False;1;;;;;
18.03.2024;4861,884298;26,43801653;5,371900826;2545,595041;14975,41322;4861,884298;6,363636364;971,677686;0,73553719;0,380165289;479,338843;5716,264463;4,338842975;2,223140496;2819,892562;6,859504132;51,11570248;0,809917355;0,123966942;15,70247934;300,7107438;4,768595041;0,727272727;92,37190083;4861,884298;True;3;False;1;False;1;;;;;
19.03.2024;4857,305785;26,29752066;5,26446281;2355,024793;13841,28926;4857,305785;6,363636364;985,2892562;0,611570248;0,041322314;495,8677686;5790,876033;3,611570248;0,239669422;2914,380165;6,776859504;44,91735537;0,247933884;0,123966942;15,70247934;263,9917355;1,462809917;0,702479339;92,2892562;4857,305785;True;3;False;1;False;1;;;;;
20.03.2024;4843,942149;25,90909091;5,26446281;2772,247934;16248,60331;4843,942149;6,52892562;985,2892562;0,421487603;0,256198347;508,2644628;5774,950413;2,47107438;1,504132231;2979,024793;6,94214876;66,92561983;0,702479339;0,115702479;89,25619835;392,2644628;4,140495868;0,685950413;523,1487603;4843,942149;True;3;False;1;False;1;;;;;
21.03.2024;4896,173554;26;5,371900826;2924,768595;17327,39669;4871,380165;6,611570248;865,4545455;6,289256198;0,20661157;293,3884298;5101,305785;37,07438017;1,214876033;1729,338843;6,94214876;51,9338843;0,454545455;0,123966942;59,50413223;306,1157025;2,661157025;0,727272727;350,7355372;4871,380165;True;3;False;1;False;1;;;;;
22.03.2024;4598,966942;26,12396694;5,289256198;2419,14876;13461,93388;4557,644628;6,611570248;832,5619835;3,049586777;0,280991736;190,0826446;4591,363636;16,79338843;1,561983471;1048,256198;6,859504132;46,36363636;0,561983471;0,115702479;10,23140496;255,6859504;3,107438017;0,619834711;56,39669421;4557,644628;True;3;False;1;False;1;;;;;
23.03.2024;4756,198347;26,19834711;5,123966942;2831,421488;16294,80165;4756,198347;6,52892562;357,4876033;3;0,272727273;247,9338843;2057,338843;17,23966942;1,561983471;1426,859504;6,859504132;59,5785124;0,561983471;0,107438017;43,38842975;342,8760331;3,239669421;0,619834711;249,7024793;4756,198347;True;3;False;1;False;1;;;;;
24.03.2024;4764,421488;25,7768595;5,123966942;2448,264463;14114,13223;4698,305785;6,52892562;798,9834711;2,958677686;0,272727273;256,1983471;4542,181818;16,79338843;1,537190083;1456,479339;6,859504132;45,65289256;0,561983471;0,107438017;11,57024793;259,0743802;3,181818182;0,628099174;65,66115702;4690,041322;True;3;False;1;False;1;;;;;
25.03.2024;4623,487603;25,67768595;5,099173554;2413,859504;13504,12397;4606,958678;6,611570248;732,5950413;1,94214876;0,099173554;247,9338843;4083,793388;10,83471074;0,537190083;1382,090909;6,94214876;212,3636364;2,404958678;0,049586777;12,39669421;1181,677686;13,36363636;0,26446281;68,98347107;4598,694215;True;3;False;1;False;1;;;;;
26.03.2024;4696,842975;25,66115702;5,123966942;2585,347107;14692,98347;4672,049587;6,446280992;705,677686;2,008264463;0,099173554;264,4628099;3989,322314;11,37190083;0,561983471;1495,057851;6,94214876;142,4793388;2,330578512;0,049586777;13,2231405;804,7520661;13,15702479;0,272727273;74,68595041;4667,917355;True;3;False;1;False;1;;;;;
27.03.2024;4781,942149;25,75206612;5,099173554;2319,504132;13420,99174;4724,090909;6,611570248;829,9173554;5,41322314;0,223140496;330,5785124;4743,933884;30,91735537;1,272727273;1889,636364;6,859504132;50,82644628;4,016528926;0,041322314;11,57024793;290,2809917;22,91735537;0,239669422;66,08264463;4719,958678;True;3;False;1;False;1;;;;;
28.03.2024;4843,892562;26,33884298;5,371900826;2461,090909;14424,71074;4777,77686;6,611570248;731,3636364;2,140495868;0,272727273;233,4710744;4228,090909;12,38842975;1,578512397;1349,719008;6,94214876;49,98347107;3,710743802;0,049586777;10,74380165;288,6115702;21,40495868;0,272727273;62,03305785;4771,991736;True;3;False;1;False;1;;;;;
29.03.2024;4872,099174;26,37190083;5,314049587;3078,347107;18147,59504;4872,099174;6,363636364;925,4545455;2,785123967;0,123966942;338,8429752;5455,77686;16,4214876;0,719008265;1997,561983;6,94214876;57,85123967;2,016528926;0,05785124;198,3471074;341,0495868;11,85950413;0,338842975;1169,305785;4872,099174;True;3;False;1;False;1;;;;;
30.03.2024;4741,132231;26;5,314049587;3228,22314;18519,57851;4741,132231;6,611570248;1042,14876;0,859504132;0,140495868;500;5978,570248;4,94214876;0,818181818;2868,38843;6,94214876;53,09917355;0,214876033;0,074380165;111,5702479;304,6198347;1,239669421;0,429752066;640,0495868;4741,132231;True;3;False;1;False;1;;;;;
31.03.2024;4753,966942;25,83471074;5,347107438;2974,545455;17110,4876;4753,966942;6,52892562;714,4380165;0,834710744;0,132231405;256,1983471;4109,661157;4,776859504;0,776859504;1473,727273;6,859504132;70,47107438;0,214876033;0,074380165;10,95041322;405,3719008;1,247933884;0,429752066;62,99173554;4753,966942;True;3;False;1;False;1;;;;;
01.04.2024;4853,859504;26,0661157;5,26446281;2339,46281;13740,05785;4787,743802;6,52892562;789,785124;0,842975207;0,140495868;396,6942149;4575,355372;4,900826446;0,801652893;2298,115702;6,94214876;63,49586777;0,214876033;0,066115702;10,74380165;366,5702479;1,256198347;0,396694215;62,02479339;4771,214876;True;3;False;1;False;1;;;;;
02.04.2024;4775,256198;26,4214876;5,231404959;2627,049587;15179,2562;4709,140496;6,611570248;627,9338843;1,661157025;0,115702479;185,9504132;3578;9,454545455;0,669421488;1059,553719;6,94214876;66,45454545;0,413223141;0,041322314;9,917355372;377,3305785;2,338842975;0,231404959;56,31404959;4692,61157;True;3;False;1;False;1;;;;;
03.04.2024;4750,479339;26,7768595;5,20661157;2337,752066;13437,59504;4684,363636;6,611570248;675,7024793;1,760330579;0,165289256;185,9504132;3829,933884;9,991735537;0,933884298;1053,983471;6,94214876;47,66115702;0,421487603;0,049586777;11,57024793;269,1900826;2,371900826;0,280991736;65,34710744;4667,834711;True;3;False;1;False;1;;;;;
04.04.2024;4681,016529;27,39669421;5,347107438;2739,942149;15519,1157;4614,900826;6,52892562;711,0413223;0,454545455;0,148760331;206,6115702;3970,471074;2,537190083;0,826446281;1153,727273;6,94214876;54,87603306;0,58677686;0,041322314;9,090909091;305,0578512;3,239669421;0,231404959;50,53719008;4594,239669;True;3;False;1;False;1;;;;;
05.04.2024;4718,793388;27,52892562;5,454545455;2232,438017;12746,63636;4652,677686;6,115702479;632,4876033;1,859504132;0,115702479;157,0247934;3560,735537;10,46280992;0,636363636;884,0082645;6,611570248;57,59504132;0,371900826;0,041322314;9,090909091;322,8016529;2,099173554;0,231404959;50,95041322;4632,016529;True;3;False;1;False;1;;;;;
06.04.2024;4699,206612;27,44628099;5,26446281;2566,595041;14593,78512;4633,090909;6,611570248;705,785124;1,446280992;0,115702479;142,5619835;3956,661157;8,099173554;0,636363636;799,2066116;6,94214876;56,99173554;0,223140496;0,099173554;9,917355372;318,0743802;1,239669421;0,553719008;55,34710744;4612,429752;True;3;False;1;False;1;;;;;
07.04.2024;4558,355372;27,29752066;5,289256198;2349,933884;12961,29752;4492,239669;6,611570248;635,9504132;1,58677686;0,140495868;142,5619835;3456,77686;8,628099174;0,752066116;774,9090909;7,024793388;43,02479339;0,214876033;0,090909091;10,74380165;233,2231405;1,148760331;0,479338843;58,23966942;4479,842975;True;3;False;1;False;1;;;;;
08.04.2024;4656;27;5,371900826;2848,487603;16047,68595;4589,884298;6,611570248;832,1322314;0,694214876;0,173553719;330,5785124;4621,46281;3,834710744;0,966942149;1835,958678;6,94214876;55,33057851;0,198347107;0,041322314;9,917355372;306,4628099;1,082644628;0,231404959;54,9338843;4577,487603;True;3;False;1;False;1;;;;;
09.04.2024;4780,636364;26,75206612;5,371900826;2984,768595;17265,58678;4714,520661;6,694214876;764,3057851;0,611570248;0,165289256;140,4958678;4360,033058;3,504132231;0,94214876;801,4710744;7,024793388;42,37190083;0,214876033;0,041322314;9,504132231;241,0743802;1,20661157;0,231404959;54,07438017;4702,123967;True;3;False;1;False;1;;;;;
10.04.2024;4727,834711;26,57024793;5,123966942;2810,206612;16076,28926;4661,719008;6,611570248;794,214876;0,553719008;0,413223141;252,0661157;4479,909091;3,107438017;2,338842975;1421,826446;6,94214876;38,61157025;0,198347107;0,198347107;7,851239669;217,214876;1,115702479;1,123966942;44,16528926;4649,322314;True;3;False;1;False;1;;;;;
11.04.2024;4718,495868;26,76033058;5,314049587;3708,570248;21173,6281;4652,380165;6,694214876;1024,793388;0,570247934;0,181818182;252,0661157;5768,950413;3,190082645;1,008264463;1418,975207;7,024793388;57,42975207;0,20661157;0,066115702;6,611570248;322,7190083;1,157024793;0,371900826;37,15702479;4644,115702;True;3;False;1;False;1;;;;;
12.04.2024;4721,958678;26,61157025;5,20661157;4147,107438;23694,80992;4655,842975;6,52892562;630,5867769;0,58677686;0,198347107;413,2231405;3552,454545;3,305785124;1,132231405;2327,92562;6,859504132;81,36363636;0,223140496;0,05785124;6,611570248;457,553719;1,247933884;0,32231405;37,18181818;4647,578512;True;3;False;1;False;1;;;;;
13.04.2024;4745,446281;26,48760331;5,148760331;3589,396694;20610,2562;4679,330579;6,694214876;1463,305785;0,644628099;0,049586777;268,5950413;8285,214876;3,652892562;0,297520661;1520,785124;6,859504132;170,2479339;0,363636364;0,049586777;5,991735537;962,2396694;2,041322314;0,289256198;33,8677686;4671,066116;True;3;False;1;False;1;;;;;
14.04.2024;4946,264463;26,6446281;5,314049587;3695,247934;22115,99174;4880,14876;6,694214876;1403,305785;0,768595041;0,074380165;276,8595041;8286,495868;4,520661157;0,438016529;1634,85124;6,94214876;149,4297521;0,438016529;0,05785124;5,991735537;880,8842975;2,570247934;0,355371901;35,32231405;4871,884298;True;3;False;1;False;1;;;;;
15.04.2024;4870,07438;26,49586777;5,231404959;3540;20860,47107;4803,958678;6,694214876;1538,016529;0,454545455;0,05785124;398,7603306;8940,165289;2,636363636;0,314049587;2317,909091;7,024793388;113,5950413;0,272727273;0,041322314;9,917355372;656,3305785;1,553719008;0,239669422;57,29752066;4775,033058;True;3;False;1;False;1;;;;;
16.04.2024;4779,768595;25,99173554;5,26446281;2934,710744;16972,95041;4713,652893;6,694214876;1146,950413;0,256198347;0,223140496;247,9338843;6541,652893;1,438016529;1,256198347;1414,099174;6,94214876;93,01652893;0,396694215;0,041322314;16,11570248;527,7272727;2,247933884;0,231404959;91,42975207;4688,859504;True;3;False;1;False;1;;;;;
17.04.2024;4633,024793;25,71900826;5,347107438;3056,553719;17134,94215;4633,024793;6,694214876;958,9752066;0,26446281;0,20661157;132,231405;5375,983471;1,47107438;1,165289256;741,2809917;7,024793388;48,14049587;0,371900826;0,041322314;11,98347107;268,4297521;2,066115702;0,231404959;66,81818182;4608,231405;True;3;False;1;False;1;;;;;
18.04.2024;4611,710744;25,7107438;4,900826446;2919,917355;16293,64463;4611,710744;6,611570248;737,6859504;2,099173554;0,173553719;136,3636364;4116,413223;11,7107438;0,966942149;760,9338843;7,024793388;89,75206612;0,20661157;0,041322314;8,67768595;498,5867769;1,140495868;0,231404959;48,20661157;4591,049587;True;3;False;1;False;1;;;;;
19.04.2024;4684,785124;26,02479339;4,73553719;2574,933884;14596,22314;4643,46281;6,611570248;812,5619835;1,024793388;0,165289256;152,892562;4565,446281;5,768595041;0,94214876;859,0413223;6,94214876;57,3553719;0,223140496;0,049586777;10,74380165;320,8181818;1,239669421;0,26446281;60,09917355;4622,801653;True;3;False;1;False;1;;;;;
20.04.2024;4737,190083;26,81818182;5,396694215;3677,132231;21077,33884;4695,867769;6,694214876;720,1652893;0,338842975;0,190082645;247,9338843;4091,975207;1,933884298;1,05785124;1408,760331;7,024793388;138,2644628;0,20661157;0,041322314;10,74380165;778,7024793;1,173553719;0,231404959;60,51239669;4654,545455;True;3;False;1;False;1;;;;;
21.04.2024;4682,14876;27,3553719;5,537190083;3136,983471;17772,27273;4640,826446;6,694214876;1208,842975;0,280991736;0,140495868;192,1487603;6788,140496;1,570247934;0,785123967;1078,991736;7,024793388;138,0165289;0,47107438;0,05785124;9,090909091;768,8099174;2,636363636;0,338842975;50,63636364;4603,636364;True;3;False;1;False;1;;;;;
22.04.2024;4697,280992;27,61983471;5,561983471;2937,206612;16694,20661;4655,958678;6,611570248;1309,917355;0,330578512;0,157024793;407,0247934;7379,694215;1,851239669;0,892561984;2293,057851;6,94214876;49,58677686;0,537190083;0,049586777;23,14049587;277,1239669;2,991735537;0,280991736;129,322314;4618,768595;True;3;False;1;False;1;;;;;
23.04.2024;4727,181818;27,70247934;5,561983471;2611,917355;14939,86777;4669,330579;6,694214876;854,5454545;0,388429752;0,132231405;109,5041322;4828,090909;2,181818182;0,760330579;618,6859504;7,024793388;136,0247934;0,487603306;0,041322314;84,7107438;763,0826446;2,719008264;0,239669422;475,214876;4636,272727;True;3;False;1;False;1;;;;;
24.04.2024;4563,239669;27,55371901;5,512396694;2416,801653;13344,42975;4497,123967;6,694214876;700,6942149;0,388429752;0,140495868;148,7603306;3812,842975;2,123966942;0,768595041;809,4793388;7,024793388;85,90082645;0,504132231;0,041322314;84,7107438;463,1322314;2,702479339;0,231404959;456,7190083;4455,801653;True;3;False;1;False;1;;;;;
25.04.2024;4710,68595;27,44628099;5,479338843;2487,338843;14177,66116;4644,570248;6,694214876;1080,479339;0,371900826;0,148760331;578,5123967;6072,214876;2,082644628;0,842975207;3251,198347;7,024793388;104,9586777;0,520661157;0,041322314;51,44628099;585,1404959;2,892561983;0,231404959;286,8099174;4607,380165;True;3;False;1;False;1;;;;;
26.04.2024;4611,057851;26,43801653;5,041322314;2406,173554;13424,94215;4544,942149;6,776859504;1104,793388;0,785123967;0,123966942;681,8181818;6075,677686;4,314049587;0,67768595;3749,578512;7,024793388;223,8016529;1,900826446;0,049586777;18,18181818;1212,867769;10,2892562;0,26446281;98,53719008;4478,826446;True;3;False;1;False;1;;;;;
27.04.2024;4666,793388;25,32231405;4,79338843;3023,487603;17073,06612;4600,677686;6,776859504;978,8429752;12,42975207;0,20661157;433,8842975;5449,041322;69,19008264;1,148760331;2415,355372;7,024793388;71,52892562;2,338842975;0,05785124;231,4049587;392,4628099;12,83471074;0,305785124;1269,677686;4534,561983;True;3;False;1;False;1;;;;;
28.04.2024;4734,214876;25,00826446;5,644628099;3099,173554;17753,30579;4668,099174;6,859504132;1105,206612;0,165289256;0,181818182;256,1983471;6242,652893;0,94214876;1,041322314;1447,107438;7,107438017;67,6446281;2,066115702;0,049586777;20,66115702;376,6694215;11,50413223;0,289256198;115,0495868;4601,983471;True;3;False;1;False;1;;;;8,545867769;
29.04.2024;4755,801653;25,91735537;5,396694215;3800,272727;21868,75207;4689,68595;6,94214876;1233,553719;0,380165289;0,157024793;270,661157;6999,818182;2,173553719;0,909090909;1535,867769;7,107438017;53,18181818;0,280991736;0,049586777;72,31404959;297,5289256;1,545454545;0,256198347;404,5619835;4623,570248;True;3;False;1;False;1;;;;;
30.04.2024;4756,008264;26,28099174;5,347107438;3762,727273;21653,64463;4689,892562;6,859504132;1202,479339;0,190082645;0,280991736;299,5867769;6823,801653;1,082644628;1,611570248;1700,090909;7,107438017;78,14876033;0,388429752;0,041322314;351,2396694;437,2231405;2,165289256;0,231404959;1965,107438;4623,77686;True;3;False;1;False;1;;;;;
01.05.2024;4793,785124;26,30578512;5,512396694;3552,206612;20604,47107;4727,669421;6,859504132;1338,842975;0,256198347;0,247933884;233,4710744;7658,818182;1,47107438;1,404958678;1335,561983;7,107438017;66,85950413;0,347107438;0,041322314;26,85950413;377,1157025;1,933884298;0,239669422;151,5041322;4661,553719;True;3;False;1;False;1;;;;;
02.05.2024;4791,487603;26,58677686;5,512396694;3317,661157;19234,77686;4725,371901;6,776859504;816,1983471;0,256198347;0,256198347;114,8760331;4666,77686;1,462809917;1,462809917;656,8264463;7,107438017;74,19834711;0,347107438;0,049586777;11,98347107;418,3057851;1,94214876;0,272727273;67,56198347;4659,256198;True;3;False;1;False;1;;;;;
03.05.2024;4787,68595;26,14876033;5,619834711;3046,033058;17645,96694;4721,570248;6,776859504;1141,636364;0,239669422;0,223140496;314,0495868;6522,280992;1,380165289;1,26446281;1794,198347;7,190082645;44,95867769;0,429752066;0,041322314;16,52892562;253,2561983;2,438016529;0,231404959;93,10743802;4655,454545;True;3;False;1;False;1;;;;;
04.05.2024;4792,504132;25,59504132;5,809917355;3242,603306;18803,63636;4726,38843;6,694214876;1200,297521;0,487603306;0,20661157;289,2561983;6864,421488;2,801652893;1,173553719;1654,239669;7,107438017;64,27272727;0,173553719;0,049586777;14,46280992;362,4297521;0,966942149;0,280991736;81,55371901;4660,272727;True;3;False;1;False;1;;;;;
05.05.2024;4780,661157;25,08264463;5,314049587;3346,669421;19359,1405;4714,545455;6,694214876;1220,644628;0,479338843;0,198347107;404,9586777;6963,297521;2,73553719;1,132231405;2310,132231;7,024793388;80,5785124;0,181818182;0,049586777;14,04958678;453,2231405;1,016528926;0,272727273;79,02479339;4648,429752;True;3;False;1;False;1;;;;;
06.05.2024;4831,652893;25,01652893;5,396694215;3290,68595;19238,36364;4765,53719;6,694214876;1303,38843;0,214876033;0,190082645;338,8429752;7515,735537;1,231404959;1,090909091;1953,867769;7,024793388;78,80165289;0,165289256;0,041322314;14,1322314;448,0909091;0,917355372;0,231404959;80,36363636;4699,421488;True;3;False;1;False;1;;;;;
07.05.2024;4851,636364;25,16528926;5,429752066;3149,652893;18489,98347;4785,520661;6,776859504;1078,264463;0,297520661;0,074380165;200,4132231;6243,669421;1,719008264;0,438016529;1160,487603;7,107438017;57,14049587;0,388429752;0,041322314;16,52892562;326,2975207;2,223140496;0,256198347;94,38842975;4719,404959;True;3;False;1;False;1;;;;;
08.05.2024;4915,652893;25,50413223;5,371900826;2911,595041;17318;4849,53719;6,776859504;1104,958678;0,404958678;0,082644628;208,677686;6483,826446;2,355371901;0,462809917;1224,504132;7,107438017;51,52066116;0,305785124;0,041322314;15,70247934;298,9752066;1,752066116;0,239669422;91,12396694;4795,818182;True;3;False;1;False;1;;;;;
09.05.2024;4889,809917;25,20661157;5,702479339;2617,991736;15489,78512;4823,694215;6,776859504;1460,330579;0,330578512;0,090909091;621,9008264;8523,471074;1,925619835;0,512396694;3629,834711;7,107438017;54,46280992;0,363636364;0,041322314;14,25619835;314,338843;2,082644628;0,239669422;82,28099174;4769,975207;True;3;False;1;False;1;;;;;
10.05.2024;4858,165289;24,47933884;5,26446281;2392,867769;14066,15702;4792,049587;6,776859504;1222,809917;0,32231405;0,090909091;578,5123967;7090,31405;1,867768595;0,545454546;3354,429752;7,024793388;56,34710744;0,380165289;0,041322314;15,90909091;323,0578512;2,181818182;0,247933884;91,21487603;4738,330579;True;3;False;1;False;1;;;;;
11.05.2024;4803,008264;24,19834711;5,148760331;2915,247934;16942,35537;4736,892562;6,611570248;1166,628099;0,32231405;0,090909091;247,9338843;6686,68595;1,851239669;0,537190083;1421,066116;7,024793388;81,41322314;0,330578512;0,041322314;14,46280992;461,338843;1,884297521;0,239669422;81,95867769;4683,173554;True;3;False;1;False;1;;;;;
12.05.2024;4810,487603;25,10743802;5,347107438;3011,049587;17526,38017;4744,371901;6,694214876;978,677686;1,719008264;0,214876033;181,8181818;5618,289256;9,884297521;1,239669421;1043,760331;7,107438017;57,84297521;0,388429752;0,049586777;12,80991736;328,0082645;2,20661157;0,272727273;72,6446281;4686,520661;True;3;False;1;False;1;;;;;
13.05.2024;4865,008264;25,7107438;5,066115702;2836,239669;16695,98347;4798,892562;6,611570248;954,2066116;1,685950413;0,231404959;140,4958678;5540,752066;9,776859504;1,32231405;815,8099174;6,94214876;389,3801653;0,396694215;0,041322314;479,338843;2233,743802;2,297520661;0,256198347;2749,801653;4741,041322;True;3;False;1;False;1;;;;;
14.05.2024;4765,545455;25,16528926;5,099173554;3987,46281;22992,97521;4699,429752;6,52892562;1483,553719;2,892561983;0,173553719;409,0909091;8435,950413;16,44628099;0,983471074;2326,214876;6,94214876;330,785124;0,537190083;0,214876033;173,553719;1854,487603;3;1,198347107;973;4633,31405;True;3;False;1;False;1;;;;;
15.05.2024;4826,85124;25,00826446;5,123966942;3096,694215;18086,22314;4760,735537;6,52892562;1447,520661;1,603305785;0,198347107;413,2231405;8338,429752;9,239669421;1,157024793;2380,371901;6,859504132;84,29752066;0,479338843;0,181818182;42,97520661;478,8512397;2,719008264;1,049586777;244,1239669;4694,619835;True;3;False;1;False;1;;;;;
16.05.2024;4836,520661;24,88429752;4,900826446;2665,809917;15600,84298;4770,404959;6,446280992;1114,049587;1,462809917;0,165289256;373,9669421;6430,504132;8,438016529;0,94214876;2158,61157;6,776859504;59,72727273;0,438016529;0,173553719;14,46280992;339,9752066;2,479338843;1;82,32231405;4704,289256;True;3;False;1;False;1;;;;;
17.05.2024;4854,561983;24,98347107;4,876033058;2676,917355;15724,26446;4788,446281;6,611570248;938,8429752;1,115702479;0,148760331;126,0330579;5439,677686;6,47107438;0,876033058;730,2396694;6,859504132;73,59504132;0,363636364;0,115702479;330,5785124;420,5206612;2,05785124;0,652892562;1888,933884;4722,330579;True;3;False;1;False;1;;;;;
18.05.2024;4807,181818;25,52892562;5,20661157;2868,22314;16683,57025;4741,066116;6,611570248;989,7107438;0,652892562;0,066115702;117,768595;5677,669421;3,760330579;0,380165289;675,6033058;6,859504132;55,21487603;0,79338843;0,049586777;314,0495868;312,3305785;4,495867769;0,297520661;1776,479339;4674,950413;True;3;False;1;False;1;;;;;
19.05.2024;4873,545455;25,75206612;4,900826446;2892,173554;17055,14876;4807,429752;6,52892562;966,0578512;0,876033058;0,132231405;102,4793388;5619,553719;5,099173554;0,760330579;596,1239669;6,859504132;58,95867769;0,851239669;0,05785124;150,8264463;338,2479339;4,900826446;0,314049587;865,2892562;4741,31405;True;3;False;1;False;1;;;;;
20.05.2024;4789,628099;25,19008264;5,148760331;2420,107438;14025,6281;4723,512397;6,446280992;780,1570248;0,950413223;0,132231405;105,785124;4458,950413;5,41322314;0,760330579;604,6115702;6,859504132;74,7107438;0,768595041;0,05785124;14,46280992;421,0247934;4,305785124;0,32231405;81,50413223;4657,396694;True;3;False;1;False;1;;;;;
21.05.2024;4887,396694;25,14876033;5,066115702;2644,545455;15639,19008;4821,280992;6,446280992;863,322314;0,909090909;0,148760331;86,7768595;5036,413223;5,297520661;0,884297521;506,231405;6,859504132;81,23966942;0,768595041;0,066115702;16,11570248;467,4297521;4,438016529;0,363636364;92,72727273;4755,165289;True;3;False;1;False;1;;;;;
22.05.2024;4857,206612;25,40495868;5,123966942;3284,61157;19304,38843;4791,090909;6,52892562;1168,347107;7,272727273;0,099173554;101,2396694;6773,157025;42,17355372;0,58677686;586,9090909;6,859504132;82,56198347;0,79338843;0,20661157;17,27272727;472,0247934;4,553719008;1,157024793;98,75206612;4724,975207;True;3;False;1;False;1;;;;;
23.05.2024;4752,661157;25,40495868;5,429752066;3127,958678;17988,02479;4686,545455;6,611570248;1058,016529;4,487603306;0,123966942;101,2396694;5999,710744;25,46280992;0,702479339;574,0991736;6,859504132;45,74380165;0,495867769;0,041322314;56,19834711;255,7438017;2,785123967;0,231404959;314,1900826;4620,429752;True;3;False;1;False;1;;;;;
24.05.2024;4809,413223;25,12396694;5,396694215;2869,190083;16696,90909;4743,297521;6,52892562;1057,85124;3,628099174;0,107438017;183,8842975;6071,421488;20,83471074;0,611570248;1055,380165;6,859504132;71,1322314;0,47107438;0,041322314;26,85950413;402,5619835;2,652892562;0,231404959;152,0082645;4677,181818;True;3;False;1;False;1;;;;;
25.05.2024;4820,628099;24,62809917;5,231404959;2640,247934;15400,47107;4754,512397;6,52892562;984,2975207;1,73553719;0,082644628;92,97520661;5662,628099;9,966942149;0,462809917;534,8842975;6,859504132;66,20661157;0,404958678;0,041322314;29,95867769;375,5867769;2,297520661;0,231404959;169,9504132;4688,396694;True;3;False;1;False;1;;;;;
26.05.2024;4882,487603;25,04958678;5,123966942;2715,661157;16043,61983;4816,371901;6,611570248;973,7190083;3,719008264;0,20661157;82,23140496;5674,652893;21,66115702;1,20661157;479,231405;6,859504132;57,12396694;0,512396694;0,090909091;33,05785124;328,338843;2,950413223;0,512396694;190,0082645;4750,256198;True;3;False;1;False;1;;;;;
27.05.2024;4707,016529;25,47107438;5,347107438;2839,31405;16171,28099;4640,900826;6,611570248;1294,958678;1,752066116;0,181818182;127,2727273;7271,834711;9,826446281;1,016528926;714,7024793;6,859504132;70,05785124;0,446280992;0,082644628;24,79338843;387,8016529;2,462809917;0,438016529;137,2396694;4574,785124;True;3;False;1;False;1;;;;;
28.05.2024;4698,247934;25,05785124;5,148760331;2790,107438;15861,44628;4632,132231;6,52892562;827,7355372;2,752066116;0,074380165;128,0991736;4639,355372;15,41322314;0,413223141;717,9834711;6,859504132;54,41322314;0,719008265;0,05785124;23,14049587;300,6280992;3,983471074;0,297520661;127,8512397;4566,016529;True;3;False;1;False;1;;;;;
29.05.2024;4742,636364;25,2231405;5,016528926;2571,305785;14755,69421;4676,520661;6,363636364;758,9917355;2,809917355;0,082644628;66,11570248;4294,826446;15,90082645;0,446280992;374,1239669;6,776859504;55,8677686;0,73553719;0,049586777;18,42975207;311,661157;4,082644628;0,289256198;102,8099174;4610,404959;True;3;False;1;False;1;;;;;
30.05.2024;4782,206612;25,66942149;5,20661157;2678,652893;15499,94215;4716,090909;6,52892562;684,3801653;1,173553719;0,148760331;101,2396694;3905,396694;6,702479339;0,842975207;577,7190083;6,94214876;57,76859504;0,661157025;0,041322314;16,03305785;325,0330579;3,702479339;0,231404959;90,20661157;4649,975207;True;3;False;1;False;1;;;;;
31.05.2024;4713,421488;25,8677686;5,148760331;2562,454545;14614,28099;4647,305785;6,52892562;599,9173554;3,809917355;0,148760331;78,51239669;3373,479339;21,41322314;0,826446281;441,4958678;6,94214876;69,2231405;0,801652893;0,041322314;19,4214876;389,2561983;4,495867769;0,231404959;109,214876;4647,305785;True;3;False;1;False;1;;;;;
01.06.2024;4479,165289;25,76859504;4,710743802;2432,603306;13184,19008;4479,165289;6,52892562;771,9008264;3,429752066;0,165289256;84,7107438;4183,53719;18,5785124;0,876033058;459,1157025;6,859504132;61,7107438;0,694214876;0,041322314;13,2231405;334,4628099;3,776859504;0,223140496;71,66942149;4479,165289;True;3;False;1;False;1;;;;;
02.06.2024;4475,181818;25,61983471;4,73553719;2677,231405;14497,1405;4475,181818;6,52892562;721,9008264;4,305785124;0,140495868;126,0330579;3909,07438;23,30578512;0,743801653;682,4628099;6,859504132;54,16528926;0,752066116;0,041322314;10,74380165;293,3057851;4,082644628;0,223140496;58,17355372;4475,181818;True;3;False;1;False;1;;;;;
03.06.2024;4658,77686;25,7107438;4,983471074;2600,702479;14660,47934;4658,77686;6,363636364;724,0165289;4,198347107;0,140495868;132,231405;4081,371901;23,66115702;0,809917355;745,4049587;6,859504132;48,24793388;0,73553719;0,041322314;8,67768595;271,9834711;4,157024793;0,231404959;48,91735537;4658,77686;True;3;False;1;False;1;;;;;
04.06.2024;4708,099174;25,99173554;4,983471074;2741,876033;15619,90083;4708,099174;6,446280992;808,8429752;1,561983471;0,247933884;181,8181818;4607,818182;8,900826446;1,429752066;1035,785124;6,859504132;41,85950413;0,504132231;0,041322314;6,198347107;238,4628099;2,859504132;0,231404959;35,31404959;4708,099174;True;3;False;1;False;1;;;;;
05.06.2024;4621,669421;26,34710744;5,016528926;2967,785124;16596,4876;4621,669421;6,446280992;818,3801653;4,603305785;0,041322314;144,6280992;4576,561983;25,76033058;0,231404959;808,7933884;6,859504132;41,85950413;0,438016529;0,041322314;5,628099174;234,0909091;2,462809917;0,239669422;31,48760331;4621,669421;True;3;False;1;False;1;;;;;
06.06.2024;4483,173554;26,70247934;5,20661157;2730,867769;14813,97521;4483,173554;6,446280992;853,9917355;4,644628099;0,041322314;163,2231405;4778,801653;25,97520661;0,231404959;913,4132231;;51,99173554;;;5,066115702;282,0330579;;;27,46280992;4483,173554;True;3;False;1;False;1;;;;;
07.06.2024;4677,049587;26,78512397;4,933884298;2935,892562;16614,90083;4627,46281;6,446280992;889,5950413;4,67768595;0,041322314;181,8181818;4981,041322;26,19834711;0,231404959;1018,041322;6,859504132;51,37190083;0,438016529;0,041322314;5,785123967;287,6446281;2,47107438;0,231404959;32,38842975;4627,46281;True;3;True;2;False;1;;;;;
08.06.2024;4610,115702;26,92561983;4,958677686;2656,049587;14816,07438;4552,264463;6,446280992;792,3471074;10,66115702;0,198347107;330,5785124;4364,438017;58,73553719;1,099173554;1820,909091;6,859504132;55,66115702;0,371900826;0,041322314;6,198347107;305,4793388;2,033057851;0,223140496;34,01652893;4535,735537;True;3;False;1;False;1;9,86322314;90,63801653;;;
09.06.2024;4701,900826;26,76033058;4,900826446;3294,983471;18746,16529;4644,049587;6,446280992;819,0082645;3,173553719;0,198347107;227,2727273;4602,256198;17,85123967;1,132231405;1277,115702;6,94214876;54,03305785;0,26446281;0,074380165;6,198347107;302,5454545;1,495867769;0,413223141;34,70247934;4627,520661;True;3;False;1;False;1;;;;;
10.06.2024;4735,297521;27,25619835;5,099173554;2774,752066;15898,52066;4669,181818;6,52892562;867,107438;6,305785124;0,223140496;231,4049587;4898,900826;35,62809917;1,272727273;1307,371901;6,859504132;55,0661157;0,297520661;0,066115702;5,785123967;307,8016529;1,67768595;0,363636364;32,33884298;4619,595041;True;3;False;1;False;1;;;;0,173140496;
11.06.2024;4802,652893;27,14876033;5,20661157;2652,68595;15415,30579;4736,53719;6,52892562;874,7933884;5,636363636;0,280991736;66,11570248;5013,619835;32,28099174;1,603305785;378,9256198;6,859504132;43,85950413;0,26446281;0,074380165;4,958677686;248,7355372;1,495867769;0,438016529;28,12396694;4686,950413;True;3;False;1;False;1;;;;;
12.06.2024;4778,272727;26,79338843;4,851239669;2913,719008;16846,28099;4712,157025;6,446280992;688,4132231;5,173553719;0,272727273;73,55371901;3925,132231;29,52066116;1,553719008;419,3801653;6,94214876;45,47933884;0,438016529;0,066115702;5,165289256;256,5785124;2,462809917;0,371900826;29,14049587;4662,570248;True;3;False;1;False;1;;;;;
13.06.2024;4705,570248;27,16528926;4,958677686;3011,628099;17147,41322;4689,041322;6,52892562;729,107438;3,421487603;0,041322314;247,9338843;4136,768595;19,40495868;0,231404959;1406,710744;6,94214876;46,30578512;0,446280992;0,066115702;5,991735537;261,8016529;2,52892562;0,388429752;33,87603306;4672,512397;True;3;False;1;False;1;;;;;
14.06.2024;4764,380165;27,85123967;5,066115702;3244,586777;18704,73554;4698,264463;6,52892562;911,3140496;3,289256198;0,041322314;479,338843;5180,735537;18,71900826;0,231404959;2724,991736;6,94214876;50,73553719;0,462809917;0,041322314;4,958677686;286,3966942;2,595041322;0,231404959;27,99173554;4665,206612;True;3;False;1;False;1;;;;;
15.06.2024;4649,702479;27,99173554;4,958677686;2829,157025;15917,24793;4583,586777;6,52892562;1269,586777;2,900826446;0,041322314;454,5454545;7041,305785;16,10743802;0,231404959;2520,975207;6,94214876;465,9752066;0,611570248;0,074380165;4,958677686;2565,727273;3,388429752;0,396694215;27,30578512;4550,528926;True;3;False;1;False;1;;;;;
16.06.2024;4555,909091;28,72727273;5,181818182;2651,157025;14614,89256;4489,793388;6,52892562;1219,082645;5,231404959;0,330578512;214,8760331;6622,842975;28,4214876;1,79338843;1167,347107;6,859504132;318,4297521;0,900826446;0,231404959;7,851239669;1717,181818;4,851239669;1,256198347;42,33884298;4456,735537;True;3;False;1;False;1;;;;;
17.06.2024;4749,173554;29,45454545;5,512396694;2859,834711;16434,04959;4683,057851;6,446280992;826,6280992;6,876033058;0,181818182;111,5702479;4684,090909;38,95041322;1,033057851;632,214876;6,94214876;52,48760331;0,950413223;0,247933884;7,438016529;293,2231405;5,289256198;1,396694215;41,55371901;4616,942149;True;3;False;1;False;1;;;;;
18.06.2024;4692,421488;29,61983471;4,983471074;2785,991736;15818,38017;4626,305785;6,52892562;683,8842975;6,371900826;0,214876033;90,90909091;3828,264463;35,66942149;1,223140496;508,892562;6,94214876;51,21487603;0,842975207;0,239669422;8,26446281;283,107438;4,652892562;1,330578512;45,68595041;4568,454545;True;3;False;1;False;1;;;;;
19.06.2024;4707,066116;28,96694215;5,181818182;2289,669421;13040,93388;4640,950413;6,611570248;578,0991736;6,58677686;0,181818182;82,6446281;3246,347107;36,96694215;1,024793388;464,0991736;6,859504132;48,09917355;1,090909091;0,049586777;413,2231405;266,7355372;6,049586777;0,272727273;2291,553719;4583,099174;True;3;False;1;False;1;;;;;
20.06.2024;4815,719008;28,3553719;5,016528926;2092,702479;12194,19835;4749,603306;6,52892562;938,0991736;0,67768595;0,107438017;126,0330579;5391,272727;3,884297521;0,628099174;724,3140496;6,94214876;54,66115702;0,685950413;0,066115702;157,0247934;310,3140496;3,892561983;0,371900826;891,4297521;4691,752066;True;3;False;1;False;1;;;;;
21.06.2024;4754,008264;27,81818182;5,123966942;2658,735537;15293,95868;4720,950413;6,611570248;598,9917355;7,694214876;0,115702479;119,8347107;3421,652893;43,95041322;0,644628099;684,5371901;7,024793388;37,95867769;0,603305785;0,082644628;12,39669421;215,3140496;3,429752066;0,479338843;70,32231405;4687,892562;True;3;False;1;False;1;;;;;
22.06.2024;4643,53719;27,19008264;4,768595041;2584,561983;14521,80992;4610,479339;6,52892562;599,9173554;7,52892562;0,198347107;128,0991736;3346,743802;42;1,090909091;714,6280992;7,024793388;42,71900826;0,58677686;0,082644628;11,15702479;236,6033058;3,239669421;0,454545455;61,79338843;4577,421488;True;3;False;1;False;1;;;;;
23.06.2024;4690,438017;26,98347107;5,371900826;2472,454545;14032,22314;4624,322314;6,611570248;600,7438017;7,512396694;0,190082645;289,2561983;3361,421488;42,00826446;1,066115702;1618,512397;6,94214876;55,54545455;0,636363636;0,47107438;18,18181818;308,5785124;3,545454545;2,619834711;101,0082645;4591,264463;True;3;False;1;False;1;;;;;
24.06.2024;4808,049587;26,52892562;5,20661157;2438,77686;14188,15702;4741,933884;6,52892562;604,1404959;5,247933884;0,198347107;495,8677686;3466,404959;30,10743802;1,140495868;2845,165289;6,94214876;45,66115702;0,520661157;0,041322314;18,18181818;260,1652893;2,94214876;0,231404959;103,5950413;4708,876033;True;3;False;1;False;1;;;;;
25.06.2024;4831,752066;26,03305785;5,066115702;2366,61157;13836,20661;4765,636364;6,52892562;741,338843;5,082644628;0,041322314;82,6446281;4274,867769;29,33057851;0,239669422;476,5619835;6,94214876;41,66115702;0,479338843;0,628099174;16,11570248;238,5702479;2,743801653;3,611570248;92,2892562;4732,578512;True;3;False;1;False;1;;;;;
26.06.2024;4676,479339;25,43801653;5,148760331;2493,983471;14112,29752;4610,363636;6,611570248;385,3719008;2,661157025;0,123966942;59,91735537;2149,818182;14,85950413;0,685950413;334,2479339;6,94214876;44,21487603;0,504132231;0,495867769;14,04958678;244,8842975;2,785123967;2,727272727;77,81818182;4577,305785;True;3;False;1;False;1;;;;;
27.06.2024;4715,735537;25,36363636;5,26446281;2450;13979,80165;4649,619835;6,611570248;394,2561983;3,314049587;0,157024793;152,892562;2218,099174;18,6446281;0,876033058;860,1818182;6,859504132;41,28099174;0,669421488;0,148760331;12,39669421;230,5950413;3,73553719;0,818181818;69,24793388;4616,561983;True;3;False;1;False;1;;;;;
28.06.2024;4734,834711;25,94214876;4,487603306;2381,157025;13641,99174;4668,719008;6,52892562;576,8016529;0,644628099;0,79338843;185,9504132;3258,438017;3,619834711;4,479338843;1050,46281;6,694214876;44,42975207;0,363636364;0,801652893;7,644628099;249,661157;2,033057851;4,487603306;42,95867769;4643,92562;True;3;False;1;False;1;;;;;
29.06.2024;4760,247934;26,34710744;5,041322314;2622,371901;15104,58678;4694,132231;6,52892562;629,0495868;0,553719008;0,123966942;376,0330579;3572,942149;3,148760331;0,719008265;2135,826446;6,94214876;48,05785124;0,371900826;1,58677686;7,438016529;271,0413223;2,082644628;8,925619835;41,95041322;4661,07438;True;3;False;1;False;1;;;;;
30.06.2024;4766,702479;26,42975207;4,983471074;2681,057851;15463,57025;4700,586777;6,611570248;502,892562;0,561983471;0,148760331;260,3305785;2860,305785;3,190082645;0,826446281;1480,68595;6,94214876;40,74380165;0,347107438;1,545454545;11,57024793;230,107438;1,950413223;8,702479339;65,34710744;4667,528926;True;3;False;1;False;1;;;;;
01.07.2024;4670,545455;26,33057851;4,851239669;2407,438017;13605,29752;4604,429752;6,611570248;561,4876033;0,570247934;0,157024793;359,5041322;3128,247934;3,173553719;0,876033058;2002,92562;6,94214876;44,91735537;0,628099174;1,702479339;9,917355372;249,3553719;3,495867769;9,446280992;55,05785124;4587,900826;True;3;False;1;False;1;;;;;
02.07.2024;4732,404959;26,74380165;4,818181818;2379,818182;13627,36364;4666,289256;6,52892562;665,2479339;0,479338843;0,190082645;80,5785124;3756,132231;2,694214876;1,049586777;454,9669421;6,94214876;56,43801653;0,561983471;4,165289256;4,338842975;318,0991736;3,140495868;23,48760331;24,45454545;4658,024793;True;3;False;1;False;1;;;;;
03.07.2024;4803,785124;27;4,983471074;2778,528926;16150,39669;4737,669421;6,52892562;472,6859504;1,090909091;0,090909091;175,6198347;2709,710744;6,231404959;0,512396694;1006,752066;7,024793388;45,96694215;0,280991736;4,900826446;3,925619835;263,0495868;1,58677686;28,02479339;22,46280992;4729,404959;True;3;False;1;False;1;;;;;
04.07.2024;4795,785124;27,20661157;5,066115702;2769,438017;16070,75207;4729,669421;6,52892562;567,3553719;0,661157025;0,173553719;167,3553719;3246,917355;3,760330579;0,975206612;957,7603306;6,94214876;54,57024793;0,702479339;4,26446281;5,991735537;311,7520661;4,016528926;24,36363636;34,23140496;4721,404959;True;3;False;1;False;1;;;;;
05.07.2024;4776,77686;27,57024793;5,041322314;3028,694215;17505,53719;4710,661157;6,52892562;725,2066116;0,256198347;0,190082645;628,0991736;4133,603306;1,47107438;1,074380165;3580,099174;6,94214876;54,57024793;0,702479339;4,041322314;5,165289256;310,4958678;3,975206612;22,99173554;29,38842975;4702,396694;True;3;False;1;False;1;;;;;
06.07.2024;4825,214876;27,82644628;5,099173554;3136,677686;18313,54545;4759,099174;6,611570248;396,7272727;0,256198347;0,181818182;413,2231405;2284,561983;1,479338843;1,05785124;2379,553719;6,94214876;42,53719008;0,702479339;4,049586777;6,198347107;244,5289256;4,024793388;23,25619835;35,62809917;4750,834711;True;3;False;1;False;1;;;;;
07.07.2024;4674,363636;28,1322314;4,79338843;2744,85124;15524,80992;4608,247934;6,446280992;393,7024793;0,256198347;0,173553719;134,2975207;2195,280992;1,438016529;0,983471074;748,8429752;7,024793388;41,33057851;0,479338843;2,487603306;7,024793388;230,0413223;2,669421488;13,83471074;39,09917355;4599,983471;True;3;False;1;False;1;;;;;
08.07.2024;4720,107438;27,74380165;5,016528926;2880,041322;16448,8595;4653,991736;6,694214876;782,6033058;0,851239669;0,123966942;92,97520661;4407,090909;4,809917355;0,67768595;523,5702479;6,94214876;34,83471074;0,495867769;2,338842975;7,024793388;195,8181818;2,79338843;13,15702479;39,48760331;4645,727273;True;3;False;1;False;1;;;;;
09.07.2024;4795,867769;27,51239669;5,016528926;2780,454545;16134,96694;4729,752066;6,611570248;591,2644628;0,859504132;0,115702479;177,6859504;3383,801653;4,933884298;0,644628099;1016,892562;7,107438017;48,88429752;0,347107438;4,479338843;5,785123967;279,2727273;1,966942149;25,57024793;33,04958678;4721,487603;True;3;False;1;False;1;;;;;
10.07.2024;4839,487603;27,04132231;4,983471074;2758,198347;16151,38017;4773,371901;6,694214876;607,768595;0,743801653;0,041322314;351,2396694;3510,338843;4,314049587;0,239669422;2028,68595;7,024793388;39,59504132;0,553719008;4,495867769;7,438016529;228,2975207;3,181818182;25,92561983;42,88429752;4765,107438;True;3;False;1;False;1;;;;;
11.07.2024;4830,38843;27,01652893;5,041322314;2372,950413;13869,33058;4764,272727;6,611570248;735,0413223;0,669421488;0,041322314;398,7603306;4237,338843;3,842975207;0,239669422;2298,760331;7,024793388;38,52892562;0,504132231;5,041322314;5,785123967;221,7272727;2,900826446;29,00826446;33,2892562;4756,008264;True;3;False;1;False;1;;;;;
12.07.2024;4813,892562;27,02479339;4,79338843;2530,578512;14740,1405;4747,77686;6,611570248;749,1735537;0,404958678;0,272727273;316,1157025;4303,859504;2,314049587;1,545454545;1816,024793;7,024793388;51,1322314;0,52892562;4,388429752;5,371900826;293,231405;3,033057851;25,18181818;30,80991736;4739,512397;True;3;False;1;False;1;;;;;
13.07.2024;4798,942149;26,69421488;4,768595041;2487,330579;14443,22314;4732,826446;6,611570248;640,0826446;0,454545455;0,239669422;173,553719;3665,578512;2,58677686;1,355371901;993,892562;6,94214876;41,85950413;0,495867769;3,479338843;5,991735537;239,2975207;2,851239669;19,90082645;34,25619835;4724,561983;True;3;False;1;False;1;;;;;
14.07.2024;4818,495868;26,2892562;4,983471074;2433,818182;14190,05785;4752,380165;6,52892562;540,2396694;0,578512397;0,148760331;322,3140496;3106,578512;3,314049587;0,842975207;1853,429752;6,94214876;40,65289256;0,479338843;3,239669421;5,991735537;232,7520661;2,752066116;18,54545455;34,30578512;4731,719008;True;3;False;1;False;1;;;;;
15.07.2024;4800,942149;26,52892562;4,79338843;2788,570248;16199,19008;4734,826446;6,446280992;629,2975207;0,561983471;0,157024793;119,8347107;3605,338843;3,198347107;0,884297521;686,553719;7,024793388;38,97520661;0,404958678;3,363636364;7,644628099;222,322314;2,330578512;19,16528926;43,60330579;4714,165289;True;3;False;1;False;1;;;;;
16.07.2024;4722,429752;26,72727273;4,79338843;3628,264463;20732,40496;4656,31405;6,611570248;487,0247934;0,785123967;0,05785124;95,04132231;2743,966942;4,438016529;0,305785124;535,4793388;7,024793388;37,69421488;0,396694215;3,214876033;28,92561983;211,4297521;2,231404959;18,03305785;162,2479339;4635,652893;True;3;False;1;False;1;;;;;
17.07.2024;4665,090909;26,66942149;4,79338843;2534,983471;14309,39669;4598,975207;6,611570248;498,5950413;0,760330579;0,066115702;82,6446281;2774,561983;4,214876033;0,371900826;459,9008264;7,024793388;33,34710744;0,330578512;5,363636364;18,18181818;184,7355372;1,818181818;29,70247934;100,7190083;4578,31405;True;3;False;1;False;1;;;;0,085950413;
18.07.2024;4712,22314;26,5785124;4,900826446;2575,330579;14684;4646,107438;6,611570248;452,3801653;0,826446281;0,099173554;82,6446281;2543,190083;4,644628099;0,545454546;464,6115702;7,024793388;31,62809917;0,181818182;5,41322314;5,991735537;177,0165289;0,991735537;30,27272727;33,53719008;4625,446281;True;3;False;1;False;1;;;;;
19.07.2024;4804,950413;26,6446281;5,289256198;3001,421488;17450,21488;4738,834711;6,611570248;579,4793388;0,512396694;0,041322314;150,8264463;3322,727273;2,933884298;0,239669422;864,8347107;7,024793388;33,63636364;0,190082645;4,504132231;4,338842975;192,0330579;1,099173554;25,73553719;24,76859504;4718,173554;True;3;False;1;False;1;;;;;
20.07.2024;4800,289256;26,68595041;5,314049587;2500,429752;14523,36364;4734,173554;6,611570248;558,677686;0,561983471;0,041322314;66,11570248;3200,305785;3,20661157;0,239669422;378,7355372;7,107438017;41,57024793;0,32231405;4,033057851;13,2231405;237,0909091;1,826446281;22,99173554;75,41322314;4713,512397;True;3;False;1;False;1;;;;;
21.07.2024;4817,876033;26,61157025;5,016528926;2723,528926;15877,16529;4751,760331;6,694214876;468,5950413;0,702479339;0,05785124;103,3057851;2694,247934;4,016528926;0,305785124;593,9669421;7,024793388;38,94214876;0,247933884;3,537190083;7,438016529;223,322314;1,438016529;20,27272727;42,65289256;4739,363636;True;3;False;1;False;1;;;;;
22.07.2024;4892,520661;26,73553719;5,016528926;2677,867769;15852,83471;4826,404959;6,52892562;509;1,041322314;0,082644628;157,0247934;2972,53719;6,05785124;0,479338843;917,0165289;7,107438017;31,99173554;0,280991736;3,388429752;4,338842975;186,3471074;1,611570248;19,74380165;25,27272727;4814,008264;True;3;False;1;False;1;;;;;
23.07.2024;4863,132231;26,63636364;5,537190083;2757,785124;16227,86777;4797,016529;6,52892562;498,2809917;0,94214876;0,090909091;73,55371901;2892,214876;5,47107438;0,512396694;426,9338843;7,107438017;36,70247934;0,165289256;1,768595041;2,066115702;212,4876033;0,950413223;10,25619835;11,95867769;4784,619835;True;3;False;1;False;1;;;;;
24.07.2024;4783,438017;26,30578512;4,876033058;2769,710744;16030,98347;4717,322314;6,52892562;459,3719008;0,752066116;0,066115702;388,4297521;2622,07438;4,289256198;0,388429752;2217,140496;7,024793388;42,05785124;0,181818182;1,925619835;4,132231405;239,4297521;1,05785124;10,97520661;23,52066116;4704,92562;True;3;False;1;False;1;;;;;
25.07.2024;4860,636364;26,10743802;4,851239669;2662,545455;15659,42975;4794,520661;6,446280992;743,677686;0,776859504;0,074380165;190,0826446;4314,347107;4,504132231;0,404958678;1102,743802;6,94214876;31,46280992;0,388429752;2,396694215;4,752066116;182,0578512;2,239669421;13,84297521;27,49586777;4782,123967;True;3;False;1;False;1;;;;;
26.07.2024;4787,049587;26,0661157;4,933884298;2433,082645;14093,22314;4720,933884;6,446280992;585,214876;0,140495868;0,041322314;103,3057851;3342,933884;0,809917355;0,239669422;590,1157025;7,024793388;37,12396694;0,107438017;1,280991736;5,371900826;211,5041322;0,619834711;7,272727273;30,60330579;4708,53719;True;3;False;1;False;1;;;;;
27.07.2024;4874,421488;25,84297521;4,933884298;2777,520661;16381,94215;4808,305785;6,611570248;469,2561983;0,198347107;0,082644628;514,4628099;2730,157025;1,165289256;0,487603306;2993,165289;7,024793388;28,60330579;0,20661157;0,380165289;3,719008264;165,9834711;1,214876033;2,198347107;21,5785124;4795,909091;True;3;False;1;False;1;;;;;
28.07.2024;4813,595041;25,76859504;4,900826446;2599,859504;15142,77686;4747,479339;6,611570248;895,8677686;0,181818182;0,041322314;216,9421488;5146,272727;1,033057851;0,239669422;1246,214876;7,024793388;42,90082645;0,256198347;0,404958678;11,15702479;245,1570248;1,47107438;2,297520661;63,76033058;4722,68595;True;3;False;1;False;1;;;;;
29.07.2024;4761,694215;26,03305785;4,545454545;2944,479339;16965,03306;4695,578512;6,611570248;598,7603306;0,239669422;0,041322314;644,6280992;3401,942149;1,347107438;0,231404959;3662,545455;6,94214876;55,4214876;0,26446281;0,404958678;3,925619835;314,0578512;1,487603306;2,289256198;22,24793388;4683,181818;True;3;False;1;False;1;;;;;
30.07.2024;4747,975207;26,11570248;4,710743802;2822,578512;16215,82645;4681,859504;6,52892562;659,214876;0,239669422;0,041322314;322,3140496;3734,479339;1,355371901;0,231404959;1825,92562;6,94214876;28,57024793;0,26446281;0,396694215;3,925619835;161,4214876;1,487603306;2,247933884;22,18181818;4669,46281;True;3;False;1;False;1;;;;;
31.07.2024;4764,454545;26,23140496;5,347107438;2957,950413;17052,54545;4698,338843;6,52892562;730,6115702;0,239669422;0,041322314;121,9008264;4153,520661;1,347107438;0,231404959;693,0082645;7,024793388;30,23140496;0,280991736;0,396694215;3,512396694;171,4132231;1,595041322;2,231404959;19,91735537;4685,942149;True;3;False;1;False;1;;;;;
01.08.2024;4791,61157;26,65289256;5,041322314;2850,933884;16529,30579;4725,495868;6,611570248;571,4132231;0,247933884;0,041322314;1884,297521;3267,256198;1,421487603;0,239669422;10774,13223;7,024793388;39,4214876;0,289256198;0,388429752;3,719008264;224,8181818;1,636363636;2,198347107;21,20661157;4713,099174;True;3;False;1;False;1;;;;;
02.08.2024;4776,760331;26,62809917;5,26446281;2461,958678;14229,81818;4710,644628;6,52892562;2011,983471;0,247933884;0,041322314;578,5123967;11468,06612;1,421487603;0,231404959;3297,454545;7,024793388;31,03305785;0,842975207;0,776859504;4,132231405;176,4214876;4,776859504;4,41322314;23,48760331;4698,247934;True;3;False;1;False;1;;;;;
03.08.2024;4748,165289;26,40495868;5,347107438;2180,644628;12528,43802;4682,049587;6,52892562;900,3305785;0,115702479;0,041322314;126,0330579;5100,628099;0,669421488;0,231404959;714,0165289;7,024793388;33,09090909;0,818181818;0,776859504;5,785123967;186,9752066;4,619834711;4,404958678;32,68595041;4669,652893;True;3;False;1;False;1;;;;;
04.08.2024;4832,206612;26,52892562;5,371900826;2385,140496;13945,82645;4766,090909;6,776859504;378,0991736;0,148760331;0,041322314;76,44628099;2180,487603;0,867768595;0,239669422;440,8595041;7,024793388;44,04958678;0,371900826;1,785123967;5,371900826;253,3719008;2,140495868;10,26446281;30,90082645;4753,694215;True;3;False;1;False;1;;;;;
05.08.2024;4860,297521;26,81818182;5,231404959;2617,669421;15394,42975;4794,181818;6,694214876;380,4545455;0,314049587;0,049586777;82,6446281;2207;1,809917355;0,305785124;479,4214876;7,107438017;35,76859504;0,644628099;4,123966942;6,818181818;205,3471074;3,694214876;23,67768595;39,14049587;4744,595041;True;3;False;1;False;1;;;;;
06.08.2024;4880,090909;27,34710744;5,26446281;2693,38843;15904,21488;4813,975207;6,694214876;416,0743802;0,231404959;0,074380165;90,90909091;2423,595041;1,338842975;0,446280992;529,5371901;7,024793388;45,7107438;0,966942149;3,79338843;5,991735537;263,5206612;5,561983471;21,88429752;34,54545455;4764,38843;True;3;False;1;False;1;;;;;
07.08.2024;4806,421488;27,63636364;5,26446281;2633,016529;15313,02479;4740,305785;6,694214876;433,5702479;0,702479339;0,074380165;198,3471074;2486,859504;4,016528926;0,438016529;1137,677686;7,190082645;40,70247934;0,479338843;3,537190083;5,165289256;232,6446281;2,743801653;20,23140496;29,52066116;4723,77686;True;3;False;1;False;1;;;;;
08.08.2024;4765,727273;27,60330579;5,148760331;2869,586777;16547,55372;4699,61157;6,611570248;512,4380165;0,413223141;0,082644628;144,6280992;2913,991736;2,355371901;0,462809917;822,4297521;7,107438017;30,20661157;0,578512397;1,950413223;28,92561983;171,1652893;3,289256198;11,04958678;163,9090909;4683,082645;True;3;False;1;False;1;;;;;
09.08.2024;4778,528926;27,57024793;5,148760331;2211,363636;12786,1405;4712,413223;6,694214876;485,0413223;0,462809917;0,099173554;293,3884298;2765,710744;2,619834711;0,561983471;1672,909091;7,190082645;27,27272727;0,595041322;2,297520661;4,958677686;154,9669421;3,363636364;13,05785124;28,17355372;4695,884298;True;3;False;1;False;1;;;;;
10.08.2024;4771,809917;27,25619835;5,123966942;2468,322314;14251,81818;4705,694215;6,694214876;561,0743802;0,520661157;0,090909091;126,0330579;3194,694215;2,958677686;0,520661157;717,6198347;7,190082645;37,10743802;0,462809917;2,115702479;9,504132231;210,1735537;2,619834711;11,96694215;53,82644628;4680,900826;True;3;False;1;False;1;;;;;
11.08.2024;4719,619835;27,45454545;5,371900826;2438,22314;13924,04959;4653,504132;6,776859504;395;1,239669421;0,049586777;117,768595;2224,140496;6,966942149;0,297520661;663,1239669;7,190082645;29,95041322;0,421487603;1,917355372;4,338842975;167,7438017;2,363636364;10,75206612;24,29752066;4628,710744;True;3;False;1;False;1;;;;;
12.08.2024;4775,264463;27,61157025;5,537190083;2590,165289;14966,16529;4709,14876;6,694214876;437,8099174;1,041322314;0,041322314;119,8347107;2494,669421;5,917355372;0,256198347;682,8264463;7,190082645;35,00826446;0,619834711;2,520661157;3,099173554;198,4297521;3,52892562;14,2892562;17,57024793;4684,355372;True;3;False;1;False;1;;;;;
13.08.2024;4784,809917;27,59504132;5,371900826;2651,942149;15353,72727;4718,694215;6,776859504;489,338843;0,396694215;0,082644628;123,9669421;2793,933884;2,239669421;0,47107438;707,8016529;7,107438017;39,09917355;0,58677686;1,743801653;2,685950413;222,0661157;3,338842975;9,884297521;15,25619835;4693,900826;True;3;False;1;False;1;;;;;
14.08.2024;4676,22314;27,48760331;4,933884298;2913,495868;16485,2562;4610,107438;6,694214876;411,2396694;0,404958678;0,099173554;164,4628099;2293,991736;2,26446281;0,561983471;917,4132231;7,107438017;37,91735537;0,595041322;2,20661157;3,512396694;210,3719008;3,314049587;12,23140496;19,48760331;4585,31405;True;3;False;1;False;1;;;;;
15.08.2024;4703,661157;27,7768595;5,396694215;2149,528926;12233,90909;4637,545455;6,611570248;605,785124;0,768595041;0,107438017;168,5950413;3399,322314;4,297520661;0,611570248;946,0578512;7,107438017;35,48760331;0,578512397;1,768595041;3,719008264;198,0743802;3,20661157;9,851239669;20,76033058;4612,752066;True;3;False;1;False;1;;;;;
16.08.2024;4604,644628;27,43801653;5,454545455;2086,834711;11627,03306;4538,528926;6,611570248;515,214876;0,776859504;0,099173554;169,4214876;2829,363636;4,280991736;0,545454546;930,3966942;7,190082645;32,28099174;0,537190083;1,479338843;4,338842975;176,3057851;2,933884298;8,05785124;23,69421488;4513,735537;True;3;False;1;False;1;;;;;
17.08.2024;4645,61157;27,41322314;5,314049587;2197,31405;12351,52893;4579,495868;6,694214876;505,8677686;0,58677686;0,107438017;119,8347107;2803,107438;3,231404959;0,595041322;664,0247934;7,190082645;23,18181818;0,561983471;1,363636364;2,479338843;127,7603306;3,099173554;7,512396694;13,66115702;4554,702479;True;3;False;1;False;1;;;;;
18.08.2024;4765,46281;27,58677686;5,26446281;2275,206612;13119,31405;4699,347107;6,694214876;505,3719008;0,595041322;0,132231405;179,7520661;2873,652893;3,396694215;0,760330579;1022,107438;7,190082645;30,37190083;0,520661157;1,289256198;4,545454545;170,8760331;2,925619835;7,256198347;25,57024793;4649,760331;True;3;False;1;False;1;;;;;
19.08.2024;4705,413223;27,61157025;5,20661157;2293,115702;13055,95868;4639,297521;6,694214876;536,4876033;1,41322314;0,157024793;504,1322314;3011,603306;7,94214876;0,859504132;2829,975207;7,107438017;23,74380165;0,611570248;0,859504132;5,991735537;131,8595041;3,396694215;4,760330579;33,27272727;4589,710744;True;3;False;1;False;1;;;;;
20.08.2024;4728,115702;27,61157025;5,041322314;2377,917355;13604,12397;4662;6,611570248;684,5041322;1,776859504;0,148760331;396,6942149;3861,297521;10;0,859504132;2237,760331;7,107438017;29,9338843;0,561983471;0,223140496;7,851239669;167,0578512;3,115702479;1,256198347;43,81818182;4612,413223;True;3;False;1;False;1;;;;;
21.08.2024;4679,041322;27,58677686;5,760330579;2893,760331;16383,42975;4612,92562;6,611570248;642,3553719;1,652892562;0,256198347;615,7024793;3585,396694;9,20661157;1,446280992;3436,628099;7,024793388;39,80991736;0,67768595;0,247933884;4,958677686;219,8181818;3,752066116;1,363636364;27,38016529;4563,338843;True;3;False;1;False;1;;;;;
22.08.2024;4600,123967;27,75206612;5,595041322;2459,363636;13689,19835;4534,008264;6,694214876;823,1404959;1,553719008;0,347107438;578,5123967;4515,867769;8,520661157;1,909090909;3173,801653;7,107438017;68,32231405;0,661157025;0,561983471;4,752066116;371,0661157;3,578512397;3,066115702;25,80991736;4488,553719;True;3;False;1;False;1;;;;;
23.08.2024;4708,677686;27,2231405;5,702479339;2865,702479;16327,33058;4642,561983;6,694214876;1081,818182;2,330578512;0,082644628;289,2561983;6077,107438;13,10743802;0,438016529;1624,892562;7,107438017;46,88429752;0,669421488;0,495867769;4,132231405;260,7933884;3,710743802;2,743801653;22,98347107;4597,107438;True;3;False;1;False;1;;;;;
24.08.2024;4735,338843;27,04132231;5,512396694;3368,785124;19302,33058;4669,22314;6,776859504;999,3636364;1,115702479;0,090909091;272,7272727;5646,157025;6,314049587;0,52892562;1540,842975;7,107438017;39,78512397;0,58677686;0,107438017;4,958677686;222,5867769;3,280991736;0,578512397;27,74380165;4623,768595;True;3;False;1;False;1;;;;;
25.08.2024;4739,942149;26,98347107;5,314049587;2743,867769;15737;4673,826446;6,776859504;928,4297521;0,570247934;0,132231405;136,3636364;5250,578512;3,231404959;0,743801653;771,1818182;7,107438017;43,71900826;0,603305785;0,107438017;43,80165289;244,8429752;3,380165289;0,603305785;245,3057851;4628,371901;True;3;False;1;False;1;;;;;
26.08.2024;4767,31405;26,9338843;5,148760331;2739,396694;15802,06612;4701,198347;6,776859504;846,1157025;0,628099174;0,140495868;126,0330579;4813,090909;3,570247934;0,785123967;716,9338843;6,94214876;39,87603306;0,520661157;0,082644628;82,6446281;225,8347107;2,94214876;0,479338843;468,0578512;4680,53719;True;3;False;1;False;1;;;;;
27.08.2024;4802,983471;27,14049587;5,123966942;2980,785124;17323,17355;4736,867769;6,52892562;853,8016529;1,074380165;0,148760331;119,8347107;4893,661157;6,157024793;0,859504132;686,8429752;6,94214876;35,54545455;0,570247934;0,082644628;19,00826446;202,8429752;3,256198347;0,454545455;108,4710744;4716,206612;True;3;False;1;False;1;;;;;
28.08.2024;4735,900826;27,37190083;5,066115702;2363,578512;13544,35537;4669,785124;6,52892562;937,1900826;1,305785124;0,107438017;115,7024793;5295,528926;7,371900826;0,603305785;653,768595;6,859504132;30,12396694;0,578512397;0,074380165;5,991735537;169,4628099;3,26446281;0,421487603;33,70247934;4649,123967;True;3;False;1;False;1;;;;;
29.08.2024;4702,471074;27,6446281;5,314049587;2385,785124;13575,09091;4636,355372;6,52892562;735,8264463;1,41322314;0,115702479;231,4049587;4127,975207;7,917355372;0,652892562;1298,181818;6,859504132;39,27272727;0,611570248;0,066115702;5,371900826;219,338843;3,41322314;0,388429752;30;4615,694215;True;3;False;1;False;1;;;;;
30.08.2024;4781,066116;27,42975207;5,644628099;2235,396694;12931,99174;4714,950413;6,52892562;811,9834711;1,214876033;0,123966942;247,9338843;4632,438017;6,94214876;0,719008265;1414,487603;6,94214876;35,59504132;0,595041322;0,082644628;4,958677686;202,1818182;3,388429752;0,479338843;28,16528926;4694,289256;True;3;False;1;False;1;;;;;
31.08.2024;4788,14876;26,68595041;5,479338843;2661,719008;15421,10744;4722,033058;6,776859504;780,3553719;1,917355372;0,239669422;413,2231405;4458,68595;10,96694215;1,347107438;2361,016529;6,94214876;38,87603306;0,619834711;0,074380165;5,165289256;221,1487603;3,537190083;0,421487603;29,38016529;4701,371901;True;3;False;1;False;1;;;;;
01.09.2024;4714,68595;26,7768595;5,429752066;2856,057851;16293,17355;4648,570248;6,446280992;955,9834711;1,462809917;0,20661157;533,0578512;5377,190083;8,239669421;1,140495868;2998,330579;6,94214876;43,04958678;0,752066116;0,05785124;3,512396694;240,8512397;4,214876033;0,32231405;19,65289256;4623,77686;True;3;False;1;False;1;;;;;
02.09.2024;4728,231405;26,47107438;5,479338843;2182,438017;12486,06612;4662,115702;6,611570248;1037,85124;0,619834711;0,380165289;177,6859504;5854,677686;3,504132231;2,165289256;1002,355372;7,024793388;40,12396694;0,595041322;0,066115702;2,479338843;225,1404959;3,347107438;0,371900826;13,90909091;4637,322314;True;3;False;1;False;1;;;;;
03.09.2024;4824,355372;26,0661157;5,396694215;2159,31405;12604,90909;4758,239669;6,611570248;552,0661157;1,694214876;0,305785124;111,5702479;3178,504132;9,743801653;1,768595041;642,3636364;7,024793388;34,25619835;0,685950413;0,041322314;3,305785124;194,4876033;3,909090909;0,231404959;18,76859504;4692,123967;True;3;False;1;False;1;;;;;
04.09.2024;4699,305785;26,4214876;5,231404959;2269,07438;12902,33058;4633,190083;6,611570248;425,8264463;1,404958678;0,041322314;92,97520661;2387,247934;7,884297521;0,231404959;521,231405;7,024793388;27,10743802;0,719008265;0,099173554;4,338842975;151,0165289;4,008264463;0,570247934;24,17355372;4604,264463;True;3;False;1;False;1;;;;;
05.09.2024;4639,53719;26,50413223;5,123966942;2621,305785;14715,56198;4573,421488;6,52892562;538,7190083;0,818181818;0,107438017;66,11570248;2981,181818;4,545454545;0,570247934;365,8760331;7,024793388;24,82644628;0,652892562;0,041322314;22,72727273;136,5206612;3,58677686;0,223140496;124,9752066;4544,495868;True;3;False;1;False;1;;;;;
06.09.2024;4663,561983;26,40495868;5,371900826;2418,157025;13645,42149;4597,446281;6,52892562;407,1652893;0,462809917;0,090909091;194,214876;2265,024793;2,578512397;0,495867769;1080,396694;6,94214876;34,83471074;0,661157025;0,041322314;5,165289256;192,5619835;3,636363636;0,231404959;28,55371901;4568,520661;True;3;False;1;False;1;;;;;
07.09.2024;4660;26,4214876;5,396694215;2565,082645;14463,47107;4593,884298;6,611570248;564,0826446;0,661157025;0,099173554;495,8677686;3135,512397;3,67768595;0,561983471;2756,330579;6,94214876;45,60330579;0,570247934;0,041322314;10,12396694;251,892562;3,165289256;0,231404959;55,91735537;4564,958678;True;3;False;1;False;1;;;;;
08.09.2024;4644,77686;26,56198347;5,016528926;2318,247934;13028,98347;4578,661157;6,446280992;547,1322314;0,652892562;0,107438017;185,9504132;3031,214876;3,611570248;0,603305785;1030,198347;6,94214876;23,18181818;0,495867769;0,041322314;4,958677686;127,6198347;2,727272727;0,231404959;27,29752066;4549,735537;True;3;False;1;False;1;;;;;
09.09.2024;4634,041322;26,80991736;4,900826446;2760,578512;15479,09091;4567,92562;6,446280992;622,107438;0,636363636;0,099173554;140,4958678;3438,504132;3,52892562;0,570247934;776,5454545;6,94214876;27,04132231;0,611570248;0,041322314;3,305785124;148,5123967;3,347107438;0,223140496;18,15702479;4539;True;3;False;1;False;1;;;;;
10.09.2024;4585,198347;27,08264463;4,958677686;2611,77686;14490,36364;4519,082645;6,52892562;545,4214876;1,05785124;0,223140496;123,9669421;2982,413223;5,776859504;1,231404959;677,8595041;6,94214876;37,02479339;0,595041322;0,041322314;4,132231405;201,1570248;3,231404959;0,223140496;22,45454545;4490,157025;True;3;False;1;False;1;;;;;
11.09.2024;4532,173554;27,37190083;5,347107438;2526,487603;13855,08264;4466,057851;6,446280992;572,1322314;1,082644628;0,239669422;233,4710744;3091,760331;5,867768595;1,297520661;1261,661157;7,024793388;33,2231405;0,512396694;0,041322314;3,801652893;178,3719008;2,760330579;0,223140496;20,41322314;4437,132231;True;3;False;1;False;1;;;;;
12.09.2024;4569,595041;27,47107438;5,347107438;2583,528926;14284,8595;4503,479339;6,52892562;648,3471074;0,512396694;0,041322314;338,8429752;3532,983471;2,785123967;0,223140496;1846,429752;6,94214876;18,80165289;0,570247934;0,041322314;2,892561983;101,7024793;3,099173554;0,223140496;15,6446281;4470,421488;True;3;False;1;False;1;;;;;
13.09.2024;4585,570248;27,47933884;5,289256198;2629,859504;14591,90083;4519,454545;6,52892562;860,4132231;0,826446281;0,041322314;208,677686;4705,206612;4,504132231;0,223140496;1141,165289;6,94214876;18,89256198;0,553719008;0,041322314;2,479338843;102,5619835;3,008264463;0,223140496;13,46280992;4486,396694;True;3;False;1;False;1;;;;;
14.09.2024;4570,471074;26,94214876;5,479338843;2717;15025,72727;4504,355372;6,52892562;611,9834711;0,652892562;0,140495868;415,7024793;3335,471074;3,537190083;0,785123967;2265,694215;6,94214876;49,56198347;0,380165289;0,041322314;2,892561983;268,1404959;2,041322314;0,223140496;15,65289256;4471,297521;True;3;False;1;False;1;;;;;
15.09.2024;4618,338843;27,05785124;5,561983471;2235,123967;12490,28926;4552,22314;6,52892562;722,7272727;0,487603306;0,165289256;163,6363636;3980,917355;2,669421488;0,909090909;901,338843;6,94214876;51,96694215;0,371900826;0,041322314;2,892561983;284,1652893;2,041322314;0,223140496;15,81818182;4519,165289;True;3;False;1;False;1;;;;;
16.09.2024;4513,785124;27,04132231;5,644628099;2160,768595;11801,43802;4447,669421;6,52892562;513,3553719;0,487603306;0,165289256;98,34710744;2762,710744;2,619834711;0,876033058;529,2727273;7,024793388;20,15702479;0,380165289;0,041322314;3,305785124;107,6694215;2,016528926;0,223140496;17,66115702;4414,61157;True;3;False;1;False;1;;;;;
17.09.2024;4473,107438;26,8677686;5,67768595;2359,818182;12772,39669;4406,991736;6,446280992;249,892562;0,487603306;0,165289256;92,97520661;1332,53719;2,603305785;0,884297521;495,785124;7,107438017;29,43801653;0,504132231;0,049586777;1,859504132;155,9504132;2,644628099;0,256198347;9,851239669;4378,066116;True;3;False;1;False;1;;;;;
18.09.2024;4683,586777;26,52066116;5,537190083;2032,876033;11520,59504;4617,471074;6,611570248;250,214876;1,32231405;0,05785124;134,2975207;1397,983471;7,404958678;0,305785124;750,338843;7,107438017;29,7107438;0,537190083;0,049586777;1,652892562;164,9586777;2,966942149;0,280991736;9,173553719;4588,545455;True;3;False;1;False;1;;;;;
19.09.2024;4710,958678;26,43801653;5,702479339;2198,330579;12531,07438;4644,842975;6,611570248;343,6859504;1,289256198;0,05785124;233,4710744;1931,603306;7,239669421;0,338842975;1312,165289;7,107438017;26,44628099;0,429752066;0,049586777;2,975206612;147,0495868;2,396694215;0,280991736;16,54545455;4595,256198;True;3;False;1;False;1;;;;;
20.09.2024;4675,628099;26,5785124;5,619834711;2403,512397;13597,89256;4609,512397;6,694214876;532,107438;2;0,041322314;338,8429752;2967,834711;11,15702479;0,231404959;1889,900826;7,107438017;33,38016529;0,404958678;0,05785124;4,958677686;184,1735537;2,239669421;0,314049587;27,36363636;4559,92562;True;3;False;1;False;1;;;;;
21.09.2024;4733,933884;26,60330579;5,454545455;1566,016529;8970,256198;4667,818182;6,694214876;691,0743802;1,851239669;0,041322314;413,2231405;3903,231405;10,44628099;0,231404959;2333,909091;7,107438017;29,5785124;0,479338843;0,041322314;7,024793388;165,2892562;2,661157025;0,231404959;39,25619835;4618,231405;True;3;False;1;False;1;;;;;
22.09.2024;4725,636364;26,63636364;5,809917355;2164,256198;12375,26446;4659,520661;6,694214876;751,4049587;0,719008265;0,231404959;376,0330579;4236,438017;4,066115702;1,32231405;2120,082645;7,107438017;31,33884298;0,446280992;0,041322314;5,272727273;174,1818182;2,462809917;0,231404959;29,30578512;4593,404959;True;3;False;1;False;1;;;;;
23.09.2024;4686,057851;26,2231405;6,05785124;2389,752066;13550,19835;4619,942149;6,776859504;738,1404959;1,049586777;0,181818182;400,8264463;4126,297521;5,884297521;1,008264463;2240,669421;7,107438017;24,94214876;0,446280992;0,041322314;6,611570248;137,4380165;2,446280992;0,231404959;36,42975207;4553,826446;True;3;False;1;False;1;;;;;
24.09.2024;4590,322314;25,44628099;5,842975207;2334,983471;12969,19008;4524,206612;6,694214876;774,7107438;0,966942149;0,181818182;285,1239669;4240,991736;5,272727273;1;1560,85124;7,107438017;27,7107438;0,438016529;0,041322314;5,991735537;149,4793388;2,363636364;0,223140496;32,32231405;4458,090909;True;3;False;1;False;1;;;;;
25.09.2024;4589,917355;25,03305785;5,041322314;2521,561983;14004,27273;4523,801653;6,611570248;597,0413223;0,966942149;0,190082645;314,0495868;3268,090909;5,305785124;1,041322314;1719,049587;7,107438017;26,10743802;0,32231405;0,041322314;7,958677686;141,8595041;1,743801653;0,223140496;43,2231405;4490,743802;True;3;False;1;False;1;;;;;
26.09.2024;4634,454545;25,8677686;5,347107438;2656,487603;14896,76033;4568,338843;6,611570248;719,1570248;0,611570248;0,132231405;330,5785124;3975,280992;3,363636364;0,727272727;1827,338843;7,024793388;24,50413223;0,330578512;0,041322314;9,917355372;134,4710744;1,809917355;0,223140496;54,4214876;4535,280992;True;3;False;1;False;1;;;;;
27.09.2024;4549,61157;26,52892562;5,314049587;2382,371901;13115,02479;4483,495868;6,52892562;783,3057851;0,619834711;0,107438017;293,3884298;4249,46281;3,380165289;0,561983471;1591,644628;6,94214876;30,82644628;0,504132231;0,066115702;14,87603306;166;2,727272727;0,371900826;80,10743802;4450,438017;True;3;False;1;False;1;;;;;
28.09.2024;4586,834711;27,10743802;5,454545455;2507,85124;13918,76033;4520,719008;6,52892562;708,7190083;1,429752066;0,140495868;280,9917355;3876,743802;7,809917355;0,768595041;1537,049587;7,024793388;26,42975207;0,520661157;0,165289256;18,59504132;143,5123967;2,834710744;0,892561984;100,9752066;4487,661157;True;3;False;1;False;1;;;;;
29.09.2024;4605,049587;27,25619835;5,099173554;3405,966942;18978,40496;4538,933884;6,611570248;640,661157;1,347107438;0,140495868;297,5206612;3518,578512;7,404958678;0,760330579;1634,016529;7,024793388;39,43801653;0,58677686;0,041322314;8,26446281;215,0165289;3,198347107;0,223140496;45,05785124;4505,876033;True;3;False;1;False;1;;;;;
30.09.2024;4634,801653;27,62809917;5,181818182;2170,68595;12173,45455;4568,68595;6,611570248;694,214876;0,462809917;0,272727273;247,9338843;3837,694215;2,545454545;1,495867769;1370,603306;7,024793388;36,56198347;0,570247934;0,041322314;6,198347107;200,6528926;3,148760331;0,223140496;34,01652893;4535,628099;True;3;False;1;False;1;;;;;
01.10.2024;4661,727273;27,02479339;4,900826446;2512,123967;14170,09091;4595,61157;6,611570248;651,7355372;2,214876033;0,32231405;249,5867769;3624,099174;12,2892562;1,809917355;1387,876033;7,024793388;34,33884298;0,685950413;0,041322314;6,198347107;189,5702479;3,785123967;0,231404959;34,2231405;4562,553719;True;3;False;1;False;1;;;;;
02.10.2024;4609,661157;26,88429752;5,016528926;1807,107438;10079,47934;4543,545455;6,52892562;518,0330579;0,454545455;0,165289256;247,9338843;2847,983471;2,512396694;0,909090909;1363,066116;6,94214876;30,90082645;0,636363636;0,090909091;5,165289256;168,6446281;3,47107438;0,47107438;28,19008264;4510,487603;True;3;False;1;False;1;;;;;
03.10.2024;4483,31405;26,68595041;5,181818182;2122,289256;11513,00826;4417,198347;6,52892562;478,0413223;0,487603306;0,190082645;177,6859504;2555,041322;2,619834711;1,033057851;949,6942149;7,024793388;25,1322314;1,173553719;0,049586777;3,925619835;133,322314;6,231404959;0,256198347;20,82644628;4384,140496;True;3;False;1;False;1;;;;;
04.10.2024;4644,22314;26,90909091;5,016528926;2619,438017;14719,94215;4578,107438;6,52892562;360,8264463;1,289256198;0,132231405;161,1570248;1998,801653;7,140495868;0,743801653;892,7272727;6,859504132;54,7107438;0,619834711;0,066115702;3,719008264;300,8842975;3,429752066;0,355371901;20,45454545;4545,049587;True;3;False;1;False;1;;;;;
05.10.2024;4643,85124;27;4,933884298;2465,842975;13855,70248;4577,735537;6,52892562;511,0743802;5,090909091;0,148760331;247,9338843;2830,867769;28,21487603;0,818181818;1373,322314;6,94214876;48,0661157;0,32231405;0,041322314;0,826446281;263,8347107;1,776859504;0,223140496;4,537190083;4536,413223;True;3;False;1;False;1;;;;;
06.10.2024;4678,22314;26,7768595;4,958677686;1882,768595;10657,68595;4612,107438;6,446280992;631,9834711;5,570247934;0,198347107;330,5785124;3526,876033;31,08264463;1,107438017;1844,842975;6,94214876;22,56198347;0,636363636;0,041322314;5,165289256;124,3305785;3,512396694;0,247933884;28,46280992;4554,256198;True;3;False;1;False;1;;;;;
07.10.2024;4642,991736;27,25619835;5,148760331;2359,090909;13253,42975;4576,876033;6,52892562;703,6115702;5,669421488;0,214876033;373,9669421;3896,619835;31,38016529;1,165289256;2071,041322;6,94214876;31,94214876;0,429752066;0,049586777;3,925619835;176,7355372;2,355371901;0,272727273;21,71900826;4572,743802;True;3;False;1;False;1;;;;;
08.10.2024;4671,752066;27;4,900826446;2244,338843;12686,85124;4605,636364;6,52892562;666,9421488;5,066115702;0,388429752;250;3716,752066;28,23140496;2,148760331;1393,206612;6,94214876;24,0661157;0,404958678;0,041322314;4,132231405;133,8760331;2,239669421;0,239669422;22,98347107;4597,371901;True;3;False;1;False;1;;;;;
09.10.2024;4573,090909;27,0661157;4,79338843;2437,46281;13487,57025;4506,975207;6,52892562;547,9338843;4,495867769;0,32231405;214,8760331;2988,123967;24,52066116;1,760330579;1171,809917;6,94214876;44,2231405;0,462809917;0,041322314;5,371900826;240,7272727;2,52892562;0,223140496;29,23966942;4498,710744;True;3;False;1;False;1;;;;;
10.10.2024;4640,966942;26,83471074;4,876033058;2215,892562;12443,52893;4574,85124;6,446280992;493,1983471;1,966942149;0,173553719;194,214876;2730,140496;10,88429752;0,958677686;1075,090909;6,94214876;22,61983471;0,454545455;0,041322314;3,512396694;124,9834711;2,504132231;0,231404959;19,40495868;4566,586777;True;3;False;1;False;1;;;;;
11.10.2024;4671,603306;26,53719008;4,685950413;2388,826446;13503,19008;4605,487603;6,363636364;456,0413223;1,892561983;0,181818182;144,6280992;2541,355372;10,52892562;1,008264463;805,9586777;7,024793388;25,80165289;0,52892562;0,041322314;3,099173554;143,2644628;2,950413223;0,231404959;17,20661157;4588,958678;True;3;False;1;False;1;;;;;
12.10.2024;4626,942149;26,70247934;4,462809917;2320,024793;12988,91736;4560,826446;6,52892562;488,2644628;0,636363636;0,115702479;119,8347107;2694,53719;3,512396694;0,644628099;661,322314;7,024793388;29,97520661;0,421487603;0,041322314;4,297520661;165,1239669;2,32231405;0,231404959;23,66942149;4552,561983;True;3;False;1;False;1;;;;;
13.10.2024;4574,892562;26,71900826;4,685950413;2452,619835;13576,7686;4574,892562;6,52892562;364,5454545;1,280991736;0,132231405;90,90909091;2017,983471;7,082644628;0,727272727;503,2396694;6,859504132;24,59504132;0,487603306;0,041322314;2,892561983;136,1487603;2,67768595;0,231404959;16,00826446;4574,892562;True;3;False;1;False;1;;;;;
14.10.2024;4606,586777;27,34710744;4,983471074;2432,330579;13557,72727;4540,471074;6,446280992;537,6033058;3,363636364;0,157024793;165,2892562;2953,578512;18,47107438;0,851239669;908,0909091;6,859504132;39,67768595;0,47107438;0,041322314;2,066115702;217,5950413;2,595041322;0,223140496;11,33057851;4532,206612;True;3;False;1;False;1;;;;;
15.10.2024;4689,454545;27,40495868;5,041322314;3082,867769;17492,90909;4623,338843;6,363636364;544,0330579;3,330578512;0,165289256;332,6446281;3043,446281;18,61983471;0,933884298;1860,892562;6,94214876;21,14876033;0,413223141;0,041322314;2,272727273;118,0991736;2,280991736;0,231404959;12,69421488;4615,07438;True;3;False;1;False;1;;;;;
16.10.2024;4583,677686;27,48760331;5,066115702;2139,900826;11868,42975;4517,561983;6,446280992;860,3305785;3,479338843;0,231404959;192,1487603;4702,77686;19,02479339;1,256198347;1050,330579;6,94214876;22,37190083;0,438016529;0,049586777;3,305785124;122,0661157;2,380165289;0,256198347;18,03305785;4509,297521;True;3;False;1;False;1;;;;;
17.10.2024;4561,14876;27,41322314;5,041322314;1819,190083;10040,08264;4495,033058;6,446280992;675,2066116;3,52892562;1,79338843;95,04132231;3672,446281;19,17355372;9,768595041;516,9256198;6,94214876;35,12396694;0,603305785;0,041322314;4,132231405;190,6859504;3,256198347;0,231404959;22,42975207;4486,768595;True;3;False;1;False;1;;;;;
18.10.2024;4327,743802;26,80991736;5,123966942;1929,024793;10101,45455;4261,628099;6,446280992;473,1652893;4,603305785;0,338842975;109,9173554;2439,909091;23,72727273;1,743801653;566,7933884;6,94214876;24,21487603;0,619834711;0,049586777;4,545454545;124,6198347;3,20661157;0,247933884;23,39669421;4253,363636;True;3;False;1;False;1;;;;;
19.10.2024;4542,099174;26,61983471;4,79338843;2212,272727;12158,52066;4475,983471;6,446280992;390,2066116;3,826446281;0,355371901;252,0661157;2113,338843;20,70247934;1,909090909;1365,173554;6,94214876;29,23966942;0,644628099;0,041322314;4,338842975;158,0661157;3,479338843;0,223140496;23,45454545;4467,719008;True;3;False;1;False;1;;;;;
20.10.2024;4756,024793;26,38016529;5,148760331;2344,049587;13489,5124;4689,909091;6,363636364;436,7768595;0,710743802;0,132231405;462,8099174;2478,619835;4,016528926;0,760330579;2626,347107;6,94214876;41,19834711;0,553719008;0,041322314;4,132231405;233,3801653;3,148760331;0,239669422;23,40495868;4681,644628;True;3;False;1;False;1;;;;;
21.10.2024;4748,694215;26,50413223;5,314049587;2207,710744;12685,35537;4682,578512;6,52892562;728,677686;15,43801653;0,148760331;256,1983471;4128,636364;87,44628099;0,851239669;1451,603306;6,776859504;24,80991736;0,52892562;0,041322314;4,132231405;139,8264463;2,975206612;0,247933884;23,2892562;4657,785124;True;3;False;1;False;1;;;;;
22.10.2024;4716,066116;26,24793388;4,933884298;2739,421488;15632,34711;4649,950413;6,363636364;561,1652893;11,24793388;0,231404959;181,8181818;3157,363636;63,27272727;1,305785124;1022,991736;6,859504132;30,95041322;0,553719008;0,041322314;3,925619835;173,8347107;3,123966942;0,231404959;22,04958678;4641,68595;True;3;False;1;False;1;;;;;
23.10.2024;4509,322314;26,07438017;5,479338843;2527,066116;13788,38017;4443,206612;6,446280992;683,768595;9,165289256;0,32231405;299,5867769;3676,132231;49,2892562;1,719008264;1610,661157;6,94214876;28,39669421;0,462809917;0,041322314;4,132231405;152,2396694;2,47107438;0,223140496;22,15702479;4430,809917;True;3;False;1;False;1;;;;;
24.10.2024;4601,561983;26,31404959;5,041322314;2266,057851;12617,18182;4535,446281;6,611570248;740,9090909;8,694214876;0,330578512;233,4710744;4066,033058;47,69421488;1,826446281;1281,264463;6,94214876;33,57024793;0,818181818;0,041322314;2,479338843;183,7272727;4,462809917;0,223140496;13,57024793;4523,049587;True;3;False;1;False;1;;;;;
25.10.2024;4742,92562;26,40495868;4,900826446;2496,966942;14329,95041;4676,809917;6,52892562;781,8181818;8,157024793;0,338842975;173,553719;4424,256198;46,15702479;1,933884298;982,1322314;6,94214876;32,27272727;0,619834711;0,041322314;3,41322314;182,1487603;3,487603306;0,231404959;19,23966942;4664,413223;True;3;False;1;False;1;;;;;
26.10.2024;4709,760331;26,39669421;4,983471074;2843,347107;16203,69421;4643,644628;6,52892562;690,2066116;7,537190083;0,297520661;181,8181818;3878,140496;42,33884298;1,67768595;1021,603306;6,94214876;32,90909091;0,636363636;0,041322314;4,338842975;184,4132231;3,561983471;0,231404959;24,31404959;4631,247934;True;3;False;1;False;1;;;;;
27.10.2024;4652,082645;26,43801653;5,066115702;2608,512397;14683,35537;4585,966942;6,52892562;826,214876;6,760330579;0,32231405;144,6280992;4584,677686;37,51239669;1,79338843;802,5454545;7,024793388;37,66115702;0,652892562;0,041322314;5,165289256;208,4214876;3,603305785;0,231404959;28,58677686;4573,570248;True;3;False;1;False;1;;;;;
28.10.2024;4664,809917;26,51239669;4,983471074;2211,404959;12482,09917;4598,694215;6,611570248;748,8429752;6,446280992;0,090909091;107,4380165;4166,876033;35,8677686;0,512396694;597,8264463;6,94214876;67,62809917;0,58677686;0,041322314;5,785123967;375,2975207;3,26446281;0,231404959;32,10743802;4586,297521;True;3;False;1;False;1;;;;;
29.10.2024;4628,53719;26,61983471;4,652892562;2538,570248;14217,31405;4562,421488;6,52892562;585,7024793;7,41322314;0,099173554;165,2892562;3233,38843;40,92561983;0,553719008;912,4876033;6,859504132;25,6446281;0,710743802;0,041322314;7,355371901;141,1900826;3,933884298;0,231404959;40,49586777;4550,024793;True;3;False;1;False;1;;;;;
30.10.2024;4705,628099;26,69421488;4,876033058;2042,256198;11628,23967;4639,512397;6,363636364;819,214876;0,694214876;0,396694215;78,51239669;4598,917355;3,892561983;2,20661157;440,7520661;6,94214876;53,21487603;0,727272727;0,041322314;9,090909091;296,0743802;4,024793388;0,231404959;50,5785124;4598,190083;True;3;False;1;False;1;;;;;
31.10.2024;4667,22314;26,58677686;5,347107438;2212,933884;12497,18182;4601,107438;6,446280992;556,9504132;1,41322314;0,198347107;84,7107438;3100,727273;7,859504132;1,115702479;471,6115702;6,94214876;25,7768595;0,909090909;0,041322314;6,404958678;141,446281;4,991735537;0,223140496;35,14876033;4534,991736;True;3;False;1;False;1;;;;;
01.11.2024;4581,181818;26,53719008;5,26446281;1973,371901;10938,87603;4515,066116;6,52892562;491,7355372;0,421487603;0,157024793;92,97520661;2686,46281;2,289256198;0,859504132;507,9421488;6,94214876;23,61157025;0,785123967;0,041322314;28,92561983;128,2892562;4,272727273;0,223140496;157,1570248;4490,272727;True;3;False;1;False;1;;;;;
02.11.2024;4502,033058;26,33057851;5,016528926;3091,752066;16842,18182;4435,917355;6,446280992;450,4132231;0,578512397;0,140495868;123,1404959;2417,578512;3,082644628;0,743801653;660,9504132;6,94214876;29,83471074;0,512396694;0,32231405;5,785123967;158,7933884;2,73553719;1,694214876;30,79338843;4398,727273;True;3;False;1;False;1;;;;;
03.11.2024;4628,181818;26,38016529;4,958677686;2863,661157;16036,81818;4562,066116;6,52892562;577,9256198;1,289256198;0,223140496;184,2975207;3190,206612;7,115702479;1,214876033;1017,338843;6,859504132;31,0661157;0,504132231;0,297520661;3,925619835;170,0909091;2,760330579;1,644628099;21,49586777;4524,876033;True;3;False;1;False;1;;;;;
04.11.2024;4724,297521;26,48760331;4,933884298;2452,619835;14020,1405;4658,181818;6,52892562;682,3305785;1,223140496;0,20661157;260,3305785;3845,884298;6,909090909;1,173553719;1467,330579;6,94214876;29,68595041;0,669421488;0,090909091;3,512396694;167,0247934;3,760330579;0,495867769;19,76033058;4649,917355;True;3;False;1;False;1;;;;;
05.11.2024;4719,049587;26,55371901;4,73553719;4068,495868;23231,32231;4652,933884;6,363636364;919,5123967;3,520661157;0,041322314;322,3140496;5176,900826;19,82644628;0,231404959;1814,644628;6,94214876;44,94214876;0,685950413;0,090909091;4,462809917;252,5785124;3,834710744;0,512396694;25,08264463;4644,669421;True;3;False;1;False;1;;;;;
06.11.2024;4764,165289;26,50413223;4,487603306;2872,297521;16557,77686;4698,049587;6,363636364;1126,942149;3,67768595;0,041322314;157,0247934;6406,264463;20,91735537;0,231404959;892,6280992;6,776859504;45,31404959;0,58677686;0,099173554;3,636363636;257,1404959;3,314049587;0,570247934;20,63636364;4689,785124;True;3;False;1;False;1;;;;;
07.11.2024;4632,016529;26,34710744;4,768595041;2766,92562;15507,91736;4565,900826;6,363636364;744,1322314;3,520661157;0,041322314;90,90909091;4111,140496;19,42975207;0,231404959;502,2479339;6,776859504;41,03305785;0,58677686;0,099173554;6,198347107;226,2892562;3,239669421;0,553719008;34,18181818;4557,636364;True;3;False;1;False;1;;;;;
08.11.2024;4654,68595;25,87603306;4,570247934;2692,702479;15165,7438;4588,570248;6,52892562;600,4380165;3,512396694;0,041322314;66,11570248;3333,735537;19,50413223;0,239669422;367,0826446;6,859504132;25,36363636;0,553719008;0,148760331;8,26446281;140,5702479;3,074380165;0,801652893;45,80165289;4580,305785;True;3;False;1;False;1;;;;;
09.11.2024;4754,752066;25,91735537;4,818181818;2250,355372;12946,86777;4688,636364;6,52892562;778,6363636;6,041322314;0,223140496;165,2892562;4417,396694;34,2892562;1,247933884;937,7272727;6,859504132;30,14876033;0,512396694;0,173553719;8,26446281;170,7438017;2,884297521;0,966942149;46,80165289;4680,371901;True;3;False;1;False;1;;;;;
10.11.2024;4723,107438;26,16528926;4,545454545;2314,438017;13226,90083;4656,991736;6,446280992;774,1322314;6,785123967;0,198347107;309,9173554;4362,198347;38,24793388;1,107438017;1746,371901;6,94214876;36,37190083;0,603305785;0,256198347;12,39669421;204,5867769;3,404958678;1,446280992;69,72727273;4648,727273;True;3;False;1;False;1;;;;;
11.11.2024;4740,46281;26,36363636;4,876033058;2450,016529;14053,18182;4674,347107;6,198347107;792,6033058;0,495867769;0,413223141;148,7603306;4482,933884;2,801652893;2,338842975;841,3801653;6,859504132;24,61983471;0,504132231;0,26446281;5,785123967;138,7603306;2,834710744;1,504132231;32,60330579;4657,818182;True;3;False;1;False;1;;;;;
12.11.2024;4749,322314;26,02479339;4,818181818;2609,892562;14998,19835;4683,206612;6,280991736;666,0991736;0,371900826;0,388429752;95,04132231;3774,570248;2,123966942;2,20661157;538,5702479;6,94214876;28,12396694;0,404958678;0,619834711;4,132231405;158,8099174;2,26446281;3,520661157;23,33057851;4666,677686;True;3;False;1;False;1;;;;;
13.11.2024;4656,809917;25,76033058;4,983471074;2817,049587;15873,35537;4590,694215;6,446280992;444,7603306;0,272727273;0,041322314;148,7603306;2470,528926;1,512396694;0,231404959;826,322314;6,94214876;29,69421488;0,429752066;0,603305785;3,553719008;164,3471074;2,371900826;3,347107438;19,66942149;4574,165289;True;3;False;1;False;1;;;;;
14.11.2024;4724,512397;25,76033058;5,066115702;2455,950413;14039,82645;4658,396694;6,280991736;631,4380165;0,289256198;0,041322314;165,2892562;3559,198347;1,619834711;0,231404959;931,677686;6,776859504;41,99173554;0,842975207;0,520661157;3,305785124;235,8512397;4,743801653;2,933884298;18,57024793;4641,867769;True;3;False;1;False;1;;;;;
15.11.2024;4772,454545;25,91735537;5,099173554;2378,652893;13735,91736;4706,338843;6,859504132;541,1983471;5,603305785;0,082644628;148,7603306;3081,942149;31,92561983;0,479338843;847,1404959;6,859504132;30,80991736;0,842975207;0,537190083;4,545454545;175,1404959;4,776859504;3,049586777;25,84297521;4698,07438;True;3;False;1;False;1;;;;;
16.11.2024;4738,214876;26,32231405;5,20661157;2448,305785;14036,71901;4672,099174;6,776859504;485,5041322;5,619834711;0,090909091;165,2892562;2744,669421;31,74380165;0,495867769;934,4214876;6,859504132;25,48760331;0,859504132;0,504132231;4,545454545;143,8347107;4,834710744;2,818181818;25,65289256;4663,834711;True;3;False;1;False;1;;;;;
17.11.2024;4715,033058;26,16528926;5,479338843;2083,305785;11885,65289;4648,917355;6,52892562;701,446281;1,223140496;0,099173554;148,7603306;3945,768595;6,884297521;0,578512397;836,8016529;6,859504132;31,80165289;0,785123967;0,520661157;2,479338843;178,5702479;4,396694215;2,925619835;13,92561983;4640,652893;True;3;False;1;False;1;;;;;
18.11.2024;4686,256198;26,26446281;5,26446281;2259,231405;12810,65289;4620,140496;6,52892562;727,7272727;1,140495868;0,115702479;274,7933884;4068,264463;6,355371901;0,644628099;1536,198347;6,859504132;41,04958678;0,743801653;0,727272727;5,785123967;229,0743802;4,148760331;4,074380165;32,28099174;4611,876033;True;3;False;1;False;1;;;;;
19.11.2024;4675,239669;26,56198347;5,231404959;3259,322314;18438,1157;4609,123967;6,363636364;439,2396694;1,123966942;1,214876033;234,2975207;2449,652893;6,247933884;6,785123967;1306,68595;6,776859504;53,8677686;0,719008265;0,595041322;3,512396694;299,8842975;3,983471074;3,330578512;19,55371901;4600,859504;True;3;False;1;False;1;;;;;
20.11.2024;4655,380165;26,57024793;5,181818182;2883,198347;16241,07438;4589,264463;6,280991736;1088,884298;1,05785124;0,041322314;276,8595041;6046,586777;5,867768595;0,231404959;1537,404959;6,859504132;56,1322314;0,826446281;0,429752066;3,305785124;311,4214876;4,578512397;2,363636364;18,33884298;4585,132231;True;3;False;1;False;1;;;;;
21.11.2024;4715,024793;26,34710744;5,314049587;2512,867769;14336,34711;4648,909091;6,446280992;1109,917355;3,082644628;0,041322314;272,7272727;6243,487603;17,3553719;0,231404959;1534,140496;6,94214876;50,12396694;0,842975207;0,413223141;3,801652893;281,7024793;4,73553719;2,330578512;21,36363636;4644,77686;True;3;False;1;False;1;;;;;
22.11.2024;4721,082645;26,34710744;4,851239669;2837,421488;16208,80992;4654,966942;6,363636364;998,6280992;3,132231405;0,041322314;82,6446281;5624,77686;17,63636364;0,231404959;465,4958678;6,859504132;45,2892562;1,603305785;0,495867769;5,785123967;254,1900826;9,016528926;2,79338843;32,47107438;4638,438017;True;3;False;1;False;1;;;;;
23.11.2024;4624,92562;26,51239669;4,818181818;2511,157025;14052,84298;4558,809917;6,694214876;797,4380165;9,305785124;0,05785124;92,97520661;4398,793388;51,31404959;0,338842975;512,8677686;6,859504132;55,8677686;0,67768595;0,752066116;7,024793388;306,4958678;3,702479339;4,123966942;38,53719008;4534,016529;True;3;False;1;False;1;;;;;
24.11.2024;4637,099174;26,84297521;4,818181818;2801,677686;15719,90909;4570,983471;6,694214876;855,3719008;3,115702479;0,181818182;51,65289256;4730,966942;17,23140496;1;285,6859504;6,859504132;56,14049587;0,578512397;0,892561984;6,818181818;308,8264463;3,181818182;4,892561983;37,50413223;4546,190083;True;3;False;1;False;1;;;;;
25.11.2024;4677,471074;26,98347107;5,099173554;2658,487603;15046,33884;4611,355372;6,611570248;848,2644628;4,719008264;0,289256198;86,7768595;4733,099174;26,34710744;1,619834711;484,1900826;6,859504132;34,63636364;0,694214876;0,834710744;6,925619835;192,2231405;3,867768595;4,611570248;38,41322314;4586,561983;True;3;False;1;False;1;;;;;
26.11.2024;4715,14876;27,02479339;4,933884298;1917,958678;10942,61157;4649,033058;6,52892562;739,5041322;3,438016529;0,388429752;81,81818182;4159,958678;19,3553719;2,165289256;460,2561983;6,859504132;34,90082645;0,512396694;0,785123967;7,024793388;195,2809917;2,884297521;4,41322314;39,30578512;4624,239669;True;3;False;1;False;1;;;;;
27.11.2024;4684,991736;26,74380165;5,123966942;2283,900826;12947,05785;4618,876033;6,52892562;735,0165289;1,355371901;0,272727273;85,12396694;4107,892562;7,595041322;1,537190083;475,7438017;6,94214876;48,2892562;0,52892562;0,702479339;7,644628099;268,4297521;2,958677686;3,892561983;42,49586777;4594,082645;True;3;False;1;False;1;;;;;
28.11.2024;4741,247934;26,85950413;4,79338843;2349,297521;13477,71074;4675,132231;6,52892562;675,3140496;1,429752066;0,256198347;90,90909091;3820,190083;8,074380165;1,438016529;514,2644628;6,859504132;45,52066116;0,727272727;0,628099174;15,70247934;257,0495868;4,107438017;3,561983471;88,66942149;4666,867769;True;3;False;1;False;1;;;;;
29.11.2024;4563,305785;26,85950413;5,20661157;1805,578512;9969,677686;4497,190083;6,363636364;1012,264463;3,809917355;0,041322314;92,56198347;5508,338843;20,7107438;0,223140496;503,6859504;6,94214876;41,11570248;0,743801653;0,636363636;17,3553719;223,322314;4,033057851;3,47107438;94,26446281;4488,92562;True;3;False;1;False;1;;;;;
30.11.2024;4655,867769;26,29752066;5,181818182;2253,842975;12697,24793;4589,752066;6,446280992;548,9752066;3,892561983;0,041322314;92,97520661;3048,785124;21,59504132;0,231404959;516,3471074;6,94214876;36,48760331;0,628099174;0,512396694;5,785123967;201,9090909;3,479338843;2,818181818;32,01652893;4573,22314;True;3;False;1;False;1;;;;;
01.12.2024;4731,454545;25,52066116;5,231404959;2273,760331;13017,40496;4665,338843;6,611570248;445,4545455;5,595041322;0,066115702;55,78512397;2514,61157;31,56198347;0,371900826;314,9090909;6,94214876;38,28099174;0,661157025;0,495867769;8,198347107;214,5702479;3,694214876;2,801652893;45,95041322;4632,280992;True;3;False;1;False;1;;;;;
02.12.2024;4715,595041;25,79338843;5,26446281;2697,710744;15392,80992;4649,479339;6,694214876;496,6942149;7,090909091;0,157024793;225,2066116;2794,338843;39,90909091;0,900826446;1266,983471;6,94214876;48,74380165;0,553719008;0,404958678;5,991735537;272,2727273;3,090909091;2,26446281;33,47107438;4616,421488;True;3;False;1;False;1;;;;;
03.12.2024;4730,247934;26,51239669;5,479338843;2803,099174;16043,82645;4664,132231;6,611570248;897,5206612;9,67768595;0,52892562;109,5041322;5065,247934;54,61157025;2,975206612;618;6,94214876;44,28099174;0,495867769;0,388429752;5,165289256;248,7933884;2,760330579;2,165289256;29,02479339;4643,471074;True;3;False;1;False;1;;;;;
04.12.2024;4735,842975;26,76859504;5,26446281;3316,504132;19004,78512;4669,727273;6,611570248;842,9752066;8,074380165;0,595041322;119,8347107;4763,123967;45,60330579;3,371900826;677,107438;6,94214876;47,83471074;0,595041322;0,190082645;4,338842975;269,0909091;3,363636364;1,05785124;24,40495868;4649,066116;True;3;False;1;False;1;;;;;
05.12.2024;4773,727273;27,18181818;5,371900826;2979,68595;17211,26446;4707,61157;6,52892562;877,5785124;4,851239669;0,371900826;105,785124;4998,867769;27,63636364;2,140495868;602,5702479;6,94214876;48,66942149;0,553719008;0,190082645;3,512396694;276,0165289;3,148760331;1,066115702;19,91735537;4686,950413;True;3;False;1;False;1;;;;;
06.12.2024;4710,553719;27,2231405;5,066115702;2522,371901;14376,93388;4644,438017;5,785123967;983,8842975;4,47107438;0,338842975;57,85123967;5529,206612;25,11570248;1,900826446;325,107438;6,859504132;56,04132231;0,545454546;0,190082645;4,338842975;313,5371901;3,05785124;1,05785124;24,27272727;4623,77686;True;3;False;1;False;1;;;;;
07.12.2024;4723,652893;27,11570248;5,26446281;1875,371901;10718,91736;4657,53719;6,52892562;1003,471074;4,429752066;0,347107438;72,72727273;5655,181818;24,97520661;1,966942149;409,8595041;6,859504132;49,71900826;0,512396694;0,190082645;6,198347107;278,9586777;2,851239669;1,074380165;34,7768595;4636,876033;True;3;False;1;False;1;;;;;
08.12.2024;4731,438017;26,85950413;5,20661157;2399,280992;13736;4665,322314;6,363636364;834,214876;4,380165289;0,347107438;66,11570248;4709,181818;24,72727273;1,958677686;373,2231405;6,859504132;45,45454545;0,537190083;0,314049587;5,371900826;256,3636364;3,041322314;1,752066116;30,29752066;4661,190083;True;3;False;1;False;1;;;;;
09.12.2024;4762,504132;26,6446281;5,148760331;2490,768595;14353,40496;4696,38843;6,611570248;600,8760331;7,272727273;0,099173554;37,19008264;3414,561983;41,34710744;0,578512397;211,338843;7,024793388;48,91735537;0,595041322;0,132231405;4,545454545;277,2479339;3,371900826;0,760330579;25,76033058;4683,991736;True;3;False;1;False;1;;;;;
10.12.2024;4739,669421;26,60330579;5,041322314;3035,140496;17406,50413;4673,553719;6,611570248;595,1487603;7,446280992;0,099173554;134,2975207;3365,561983;42,08264463;0,537190083;759,4545455;7,024793388;66,78512397;0,611570248;0,132231405;2,892561983;376,6694215;3,454545455;0,752066116;16,31404959;4661,157025;True;3;False;1;False;1;;;;;
11.12.2024;4725,628099;26,53719008;5,396694215;3154,066116;18034,96694;4659,512397;6,611570248;814,0495868;7,247933884;0,082644628;134,2975207;4589,619835;40,8677686;0,454545455;757,1735537;6,94214876;53,26446281;0,570247934;0,190082645;5,371900826;299,5041322;3,181818182;1,05785124;30,20661157;4647,115702;True;3;False;1;False;1;;;;;
12.12.2024;4733,033058;26,80165289;5,347107438;2701,92562;15473,8595;4666,917355;6,611570248;931,4049587;7,363636364;0,099173554;165,2892562;5259,61157;41,5785124;0,545454546;933,3801653;7,024793388;66,80991736;0,619834711;0,173553719;4,958677686;376,2727273;3,495867769;0,966942149;27,92561983;4654,520661;True;3;False;1;False;1;;;;;
13.12.2024;4833,404959;26,79338843;4,900826446;2501,818182;14631,69421;4767,289256;6,611570248;1031,289256;6,487603306;0,107438017;130,5785124;5948,917355;37,40495868;0,603305785;753,231405;7,024793388;59,29752066;0,694214876;0,140495868;5,991735537;341,1652893;3,983471074;0,826446281;34,47107438;4754,892562;True;3;False;1;False;1;;;;;
14.12.2024;4756,942149;26,63636364;5,123966942;2618,512397;15071,89256;4690,826446;6,611570248;963,9173554;3,768595041;0,123966942;169,4214876;5471,099174;21,38842975;0,694214876;961,6198347;6,859504132;49,95867769;0,801652893;0,082644628;11,15702479;282,8099174;4,52892562;0,47107438;63,15702479;4678,429752;True;3;False;1;False;1;;;;;
15.12.2024;4751,247934;26,15702479;5,148760331;2263,446281;13012,56198;4685,132231;6,611570248;892,231405;7,933884298;0,082644628;173,553719;5058,066116;44,97520661;0,47107438;983,8760331;6,94214876;56,70247934;0,710743802;0,090909091;15,70247934;320,8760331;4;0,520661157;88,85950413;4676,867769;True;3;False;1;False;1;;;;;
16.12.2024;4685,570248;25,59504132;5,041322314;2638,743802;14960,47107;4619,454545;6,611570248;966,6115702;8,090909091;0,090909091;314,0495868;5402,909091;45,2231405;0,504132231;1755,38843;6,94214876;51,03305785;0,752066116;0,041322314;17,76859504;283,7190083;4,173553719;0,231404959;98,78512397;4594,661157;True;3;False;1;False;1;;;;;
17.12.2024;4681,636364;25,76859504;5,016528926;2409,694215;13650,41322;4615,520661;6,611570248;906,322314;10,52066116;0,041322314;92,97520661;5061,61157;58,75206612;0,231404959;519,2479339;6,94214876;74,29752066;0,809917355;0,041322314;11,57024793;412,7024793;4,487603306;0,231404959;64,27272727;4590,727273;True;3;False;1;False;1;;;;;
18.12.2024;4710,140496;26,09917355;5,396694215;3412,504132;19448,79339;4644,024793;6,694214876;813,0578512;7,479338843;0,041322314;74,38016529;4568,793388;42,00826446;0,231404959;417,9586777;6,859504132;192,1487603;0,520661157;0,074380165;11,57024793;1073,966942;2,925619835;0,396694215;64,66942149;4619,231405;True;3;False;1;False;1;;;;;
19.12.2024;4738,446281;26,30578512;5,561983471;3497,082645;20050,57851;4672,330579;6,611570248;1261,983471;6,140495868;0,041322314;142,5619835;7134,652893;34,70247934;0,231404959;805,9752066;6,859504132;113,3140496;0,644628099;0,05785124;8,26446281;639,4876033;3,644628099;0,314049587;46,6446281;4664,066116;True;3;False;1;False;1;;;;;
20.12.2024;4752,132231;26,19834711;5,479338843;2827,132231;16256,26446;4686,016529;6,611570248;1443,801653;4,694214876;0,041322314;173,553719;8186,479339;26,61983471;0,231404959;984,0661157;6,859504132;90,03305785;0,834710744;0,082644628;8,47107438;509,5950413;4,719008264;0,454545455;47,95041322;4677,752066;True;3;False;1;False;1;;;;;
21.12.2024;4696,68595;25,20661157;5,123966942;2478,206612;14083,64463;4630,570248;6,694214876;1308,181818;2,157024793;0,181818182;181,8181818;7329,727273;12,08264463;1,016528926;1018,727273;6,776859504;49,62809917;0,818181818;0,074380165;10,33057851;277,8181818;4,595041322;0,438016529;57,82644628;4626,438017;True;3;False;1;False;1;;;;;
22.12.2024;4647,735537;24,91735537;4,818181818;2589,07438;14560,34711;4581,619835;6,611570248;1028,512397;2,033057851;0,173553719;136,3636364;5701,826446;11,27272727;0,975206612;755,9669421;7,024793388;68,26446281;0,892561984;0,074380165;15,70247934;378,0991736;4,933884298;0,396694215;86,97520661;4577,487603;True;3;False;1;False;1;;;;;
23.12.2024;4732;26,31404959;5,148760331;3036,77686;17387,7438;4665,884298;6,694214876;958,3471074;12,47107438;0,090909091;136,3636364;5410,561983;70,40495868;0,504132231;769,8677686;6,94214876;53,19834711;0,859504132;0,082644628;11,98347107;300,0743802;4,851239669;0,47107438;67,59504132;4661,752066;True;3;False;1;False;1;;;;;
24.12.2024;4688,636364;27,09917355;5,181818182;2923,694215;16586,83471;4622,520661;6,694214876;1112,892562;12,51239669;0,099173554;148,7603306;6224,68595;69,98347107;0,537190083;832,0578512;6,94214876;64,23966942;2,404958678;0,05785124;11,57024793;358,9834711;13,44628099;0,314049587;64,66115702;4618,38843;True;3;False;1;False;1;;;;;
25.12.2024;4650,694215;27,10743802;5,289256198;3393,909091;19098,68595;4584,578512;6,611570248;1029,347107;14,43801653;0,20661157;115,7024793;5710,132231;80,07438017;1,123966942;641,8429752;6,94214876;129,7520661;2,462809917;0,074380165;14,46280992;719,1322314;13,6446281;0,396694215;80,15702479;4580,446281;True;3;False;1;False;1;;;;;
26.12.2024;4644,132231;27,47933884;5,181818182;2941,942149;16531,94215;4578,016529;6,694214876;1157,652893;14,95867769;0,214876033;109,5041322;6412,702479;82,85123967;1,165289256;606,5867769;6,94214876;166,9421488;2,247933884;0,066115702;17,3553719;923,9256198;12,44628099;0,347107438;96,04958678;4573,884298;True;3;False;1;False;1;;;;;
27.12.2024;4646,826446;27,1322314;5,289256198;3479,892562;19566,2314;4580,710744;6,611570248;1395,867769;13,89256198;0,223140496;101,2396694;7736,818182;77,01652893;1,231404959;561,1404959;6,94214876;41,3553719;2,347107438;0,049586777;12,39669421;229,0082645;13;0,289256198;68,6446281;4576,578512;True;3;False;1;False;1;;;;;
28.12.2024;4611,115702;27,15702479;5,512396694;3042,421488;16975,05785;4545;6,694214876;1384,297521;12,19834711;0,173553719;115,7024793;7612,876033;67,05785124;0,94214876;636,2975207;7,024793388;126,1900826;1,239669421;0,123966942;20,66115702;693,3471074;6,826446281;0,669421488;113,5206612;4540,867769;True;3;False;1;False;1;;;;;
29.12.2024;4291,586777;26,73553719;4,983471074;2232,495868;11592,93388;4225,471074;6,611570248;668,3305785;14,09917355;0,132231405;78,51239669;3417,057851;72,09090909;0,669421488;401,4214876;7,024793388;105,8512397;1,297520661;0,123966942;24,79338843;535,9090909;6,578512397;0,636363636;125,5206612;4184,14876;True;3;False;1;False;1;;;;;
30.12.2024;4096,710744;26,38016529;4,958677686;2814,628099;13952,16529;4030,595041;6,694214876;1250,082645;7,099173554;0,115702479;86,7768595;6096,677686;34,61983471;0,578512397;423,214876;7,024793388;137;1,082644628;0,115702479;24,79338843;661,2975207;5,214876033;0,537190083;119,677686;3989,272727;True;3;False;1;False;1;;;;;
31.12.2024;66,11570248;26,49586777;5,066115702;3398,966942;271,9173554;;;;;;;;;;;7,024793388;;1,041322314;0,049586777;;;;;;;True;3;False;1;False;1;;;;;
01.01.2025;4399,123967;26,66942149;5,247933884;2443,644628;13007,38017;4399,123967;6,694214876;1296,363636;9,851239669;0,041322314;128,0991736;6900,46281;52,42975207;0,223140496;681,8677686;6,94214876;168,1404959;0,933884298;0,041322314;24,79338843;895;4,983471074;0,239669422;131,9752066;4399,123967;True;4;False;1;False;1;;;;;
02.01.2025;4375,512397;26,40495868;5,123966942;2507,694215;13276,66942;4375,512397;6,611570248;977,768595;8,727272727;0,041322314;90,90909091;5176,669421;46,19008264;0,214876033;481,3057851;;119,338843;;;24,79338843;631,8264463;;;131,2644628;4375,512397;True;4;False;1;False;1;;;;;
03.01.2025;4406,247934;26,52892562;5;2638,809917;14068,97521;4406,247934;6,694214876;981,8181818;8,041322314;0,041322314;92,97520661;5234,619835;42,88429752;0,223140496;495,7024793;;80,14876033;;;20,66115702;427,3140496;;;110,1570248;4406,247934;True;4;False;1;False;1;;;;;
04.01.2025;4404,173554;26,96694215;4,900826446;3195,752066;17030,33058;4404,173554;6,611570248;1173,553719;8,520661157;0,041322314;82,6446281;6253,92562;45,41322314;0,223140496;440,4214876;7,024793388;101,6528926;0,950413223;0,041322314;22,31404959;533,5785124;5,008264463;0,214876033;117,1239669;4338,057851;True;4;False;1;False;1;;;;;
05.01.2025;4725,652893;27,37190083;4,983471074;3765,082645;21528,87603;4725,652893;6,611570248;1252,77686;8,421487603;0,041322314;89,25619835;7163,421488;48,14876033;0,239669422;510,3719008;6,94214876;103,9338843;1,099173554;0,049586777;24,79338843;585,9834711;6,214876033;0,272727273;139,785124;4659,53719;True;4;False;1;False;1;;;;;
06.01.2025;4729,140496;26,76859504;4,818181818;3588,380165;20533,64463;4729,140496;6,694214876;1257,429752;8,495867769;0,041322314;181,8181818;7195,347107;48,59504132;0,239669422;1040,413223;6,94214876;148,5950413;1,107438017;0,049586777;28,92561983;838,4132231;6,247933884;0,26446281;163,2066116;4663,024793;True;4;False;1;False;1;;;;;
07.01.2025;4657,504132;26,16528926;5,107438017;3223,438017;18165,94215;4591,38843;6,694214876;1721,694215;10,96694215;0,090909091;421,4876033;9565,008264;60,92561983;0,512396694;2341,603306;6,94214876;99,91735537;1,115702479;0,049586777;30,5785124;549,107438;6,107438017;0,26446281;168,0495868;4541,801653;True;4;False;1;False;1;110,1202479;236,9747934;8,26446281;;
08.01.2025;4709,859504;26,34710744;5,082644628;2744,404959;15640,13223;4643,743802;6,611570248;1197,975207;10,66115702;0,074380165;132,231405;6731,330579;59,89256198;0,421487603;743;7,024793388;172,9917355;1,223140496;0,107438017;30,5785124;958,1900826;6,760330579;0,603305785;169,3719008;4577,628099;True;4;False;1;False;1;;;;;
09.01.2025;4517,07438;26,49586777;5,123966942;2469,884298;13499,55372;4517,07438;6,694214876;835,2892562;9,446280992;0,074380165;126,0330579;4565,404959;51,61157025;0,380165289;688,8512397;7,024793388;119,1735537;1,239669421;0,082644628;30,99173554;651,3636364;6,752066116;0,462809917;169,3884298;4517,07438;True;4;False;1;False;1;;;;;
10.01.2025;4422,933884;26,7768595;4,983471074;2576,495868;13788,7686;4422,933884;6,611570248;977,768595;0,826446281;0,066115702;109,5041322;5232,768595;4,41322314;0,338842975;586,0413223;7,024793388;120,9917355;1,082644628;0,074380165;28,92561983;647,5206612;5,809917355;0,371900826;154,8016529;4422,933884;True;4;False;1;False;1;;;;;
11.01.2025;4536,190083;27,01652893;4,776859504;2642,057851;14501,68595;4536,190083;6,363636364;1194,214876;7,487603306;0,132231405;109,5041322;6554,793388;41,10743802;0,702479339;601,0413223;6,94214876;110;1,041322314;0,074380165;24,79338843;603,768595;5,702479339;0,421487603;136,0826446;4536,190083;True;4;False;1;False;1;;;;;
12.01.2025;4797;26,67768595;5,024793388;2531,041322;14691,12397;4747,413223;6,611570248;1169,421488;6,47107438;0,115702479;216,9421488;6717,595041;37,16528926;0,644628099;1246,198347;6,94214876;110,4958678;1,049586777;0,074380165;23,14049587;630,8595041;5,975206612;0,413223141;132,1157025;4718,487603;True;4;False;1;False;1;;;;;
13.01.2025;4828,768595;26,80991736;4,94214876;2530,652893;14786,1157;4779,181818;6,611570248;1258,157025;6,371900826;0,115702479;413,2231405;7275,68595;36,85950413;0,652892562;2389,595041;6,94214876;36,43801653;0,966942149;0,066115702;27,27272727;209,4380165;5,537190083;0,380165289;156,7603306;4750,256198;True;4;False;1;False;1;;;;0,098347107;
14.01.2025;4939,239669;26;4,94214876;2813,347107;16813,90909;4889,652893;6,611570248;888,9752066;6,553719008;0,107438017;173,553719;5259,603306;38,75206612;0,652892562;1026,826446;6,94214876;58,55371901;0,966942149;0,066115702;53,71900826;341,7438017;5,636363636;0,388429752;313,5289256;4823,53719;True;4;False;1;False;1;;;;;
15.01.2025;4887,46281;26,14876033;4,818181818;2831,619835;16745,72727;4837,876033;6,52892562;1031,264463;7,652892562;0,041322314;227,2727273;6036,842975;44,78512397;0,239669422;1330,413223;6,94214876;76,12396694;0,958677686;0,066115702;28,92561983;439,5289256;5,553719008;0,388429752;167,0082645;4771,760331;True;4;False;1;False;1;;;;;
16.01.2025;4916,975207;26,45454545;4,958677686;2895,363636;17226,08264;4916,975207;6,446280992;972,892562;8,157024793;0,041322314;90,90909091;5788,264463;48,50413223;0,247933884;540,8677686;7,024793388;62,46280992;1,933884298;0,041322314;18,18181818;366,6280992;11,34710744;0,239669422;106,7190083;4850,859504;True;4;False;1;False;1;;;;;
17.01.2025;4734,719008;27,0661157;5,041322314;3314;18985,94215;4734,719008;6,611570248;1142,727273;8,809917355;0,082644628;101,2396694;6546,702479;50,48760331;0,47107438;580;6,94214876;65,45454545;1,884297521;0,041322314;22,72727273;369,7520661;10,61983471;0,231404959;128,3884298;4668,603306;True;4;False;1;False;1;;;;;
18.01.2025;4674,603306;26,80991736;4,834710744;2938,743802;16622,29752;4674,603306;6,611570248;1322,809917;10,85950413;0,041322314;200,4132231;7482,165289;61,40495868;0,231404959;1133,595041;7,024793388;79,1322314;3,909090909;0,123966942;24,79338843;441,2644628;21,79338843;0,694214876;138,2561983;4608,487603;True;4;False;1;False;1;;;;;
19.01.2025;4862,636364;26,48760331;4,487603306;2764,305785;16264,60331;4804,785124;6,611570248;1281,818182;11,49586777;0,041322314;349,1735537;7452,22314;66,81818182;0,239669422;2030,024793;6,94214876;72,25619835;5,165289256;0,107438017;19,83471074;415,0247934;29,66115702;0,628099174;113,9256198;4746,933884;True;4;False;1;False;1;;;;;
20.01.2025;4845,892562;26,18181818;4,669421488;3114,413223;18261,44628;4779,77686;6,52892562;1589,256198;10,67768595;0,041322314;291,322314;9191,512397;61,74380165;0,239669422;1684,867769;6,94214876;94,70247934;5,363636364;0,099173554;28,92561983;542,9834711;30,75206612;0,553719008;165,8429752;4738,454545;True;4;False;1;False;1;;;;;
21.01.2025;4711,719008;26,04132231;5,603305785;2993,743802;17067,84298;4711,719008;6,611570248;1505,801653;10,57024793;0,041322314;139,6694215;8584,842975;60,25619835;0,239669422;796,2809917;6,94214876;99,14049587;5,20661157;0,090909091;28,92561983;565,214876;29,68595041;0,495867769;164,9090909;4711,719008;True;4;False;1;False;1;;;;;
22.01.2025;4826,884298;25,5785124;4,338842975;3105,024793;18134,98347;4760,768595;6,446280992;1282,404959;10,56198347;0,041322314;293,3884298;7387,338843;60,81818182;0,239669422;1690,07438;6,859504132;109,9669421;5,198347107;0,090909091;25,61983471;624,6694215;29,52892562;0,495867769;145,5371901;4694,652893;True;4;False;1;False;1;;;;;
23.01.2025;4809,826446;24,96694215;3,900826446;1996,644628;14525,32231;4743,710744;6,446280992;1409,31405;7,611570248;0,041322314;429,7520661;8089,31405;43,7107438;0,239669422;2466,727273;6,776859504;200;5,190082645;0,090909091;128,0991736;1131,975207;29,3553719;0,504132231;725,0247934;4677,595041;True;4;False;1;False;1;;;;;
24.01.2025;5037,603306;24,75206612;4,487603306;2778,702479;16937,56198;4971,487603;6,446280992;1227,520661;7,933884298;0,041322314;322,3140496;7384,14876;47,71900826;0,247933884;1938,884298;6,94214876;173,0247934;4,628099174;0,041322314;80,99173554;1026,991736;27,44628099;0,247933884;480,7272727;4905,371901;True;4;False;1;False;1;;;;;
25.01.2025;4909,710744;24,81818182;4,487603306;2585,743802;15361,26446;4843,595041;6,52892562;1146,363636;7,198347107;0,066115702;256,1983471;6718,553719;42,16528926;0,380165289;1501,512397;6,859504132;68,92561983;4,561983471;0,041322314;17,76859504;398,4380165;26,34710744;0,239669422;102,7190083;4777,479339;True;4;False;1;False;1;;;;;
26.01.2025;4814,264463;24,99173554;4,446280992;2722,570248;15859,67769;4748,14876;6,52892562;978,8429752;13,07438017;0,041322314;177,6859504;5623,702479;75,09090909;0,239669422;1020,85124;6,94214876;165,5371901;9,876033058;0,041322314;107,4380165;937,8099174;55,96694215;0,231404959;608,661157;4682,033058;True;4;False;1;False;1;;;;;
27.01.2025;4877,049587;25,38842975;4,404958678;2228,92562;13153,38843;4810,933884;6,446280992;842,1487603;7,495867769;0,041322314;117,768595;4902,338843;43,65289256;0,239669422;685,553719;6,94214876;49,66115702;11,27272727;0,05785124;18,18181818;285,1157025;64,71900826;0,347107438;104,3884298;4744,818182;True;4;False;1;False;1;;;;;
28.01.2025;4794,066116;25,47107438;4,917355372;2646,85124;15353,8843;4727,950413;6,446280992;971,9008264;6,966942149;0,041322314;92,97520661;5560,066116;39,85950413;0,239669422;531,892562;6,94214876;56,65289256;10,03305785;0,041322314;15,70247934;319,5702479;56,57024793;0,247933884;88,5785124;4661,834711;True;4;False;1;False;1;;;;;
29.01.2025;4707,966942;26,2231405;4,710743802;2974,049587;16942,08264;4641,85124;6,363636364;1115,669421;6,859504132;0,041322314;297,5206612;6266,305785;38,52892562;0,231404959;1671,066116;6,859504132;59,63636364;8,785123967;0,041322314;13,2231405;330,1818182;48,63636364;0,231404959;73,21487603;4575,735537;True;4;False;1;False;1;;;;;
30.01.2025;4860,669421;26,25619835;4,504132231;3680,07438;21644,00826;4794,553719;6,363636364;1097,743802;6,900826446;0,041322314;231,4049587;6368,46281;40,03305785;0,239669422;1342,471074;6,859504132;56,09917355;8,727272727;0,041322314;13,2231405;320,9669421;49,95041322;0,239669422;75,65289256;4728,438017;True;4;False;1;False;1;;;;;
31.01.2025;4787,256198;26,21487603;5,396694215;2945,809917;17063,80992;4721,140496;6,52892562;1049,07438;13,37190083;0,041322314;247,9338843;5992,917355;76,37190083;0,239669422;1416,338843;6,859504132;60,56198347;8,719008264;0,041322314;19,83471074;341,1239669;49,10743802;0,231404959;111,7190083;4655,024793;True;4;False;1;False;1;;;;;
01.02.2025;4997,338843;26,38016529;4,628099174;2965,826446;17933,69421;4931,22314;6,446280992;1056,975207;7,049586777;0,041322314;119,8347107;6306,735537;42,0661157;0,247933884;715,0247934;6,94214876;57,07438017;10,96694215;0,05785124;22,31404959;335,9834711;64,56198347;0,338842975;131,3553719;4865,107438;True;4;False;1;False;1;;;;;
02.02.2025;4912,842975;26,74380165;4,446280992;2842,173554;16895,39669;4846,727273;6,52892562;1187,297521;10,29752066;0,115702479;66,11570248;6962,958678;60,37190083;0,685950413;387,7355372;6,94214876;79,24793388;10,41322314;0,049586777;18,18181818;458,4132231;60,23140496;0,280991736;105,1735537;4780,61157;True;4;False;1;False;1;;;;;
03.02.2025;4900,264463;27,14876033;4,504132231;2709,46281;16065,2562;4834,14876;6,611570248;1002,471074;10,61983471;0,123966942;66,11570248;5863,768595;62,10743802;0,727272727;386,7355372;6,94214876;80,50413223;17,56198347;0,082644628;20,66115702;470,892562;102,7438017;0,495867769;120,8512397;4834,14876;True;4;False;1;False;1;;;;;
04.02.2025;4888,834711;27,26446281;4,628099174;3166,165289;18729,42149;4888,834711;6,694214876;991,1570248;10,45454545;0,107438017;66,11570248;5863,173554;61,84297521;0,652892562;391,107438;6,94214876;76,55371901;16,30578512;0,107438017;19,83471074;452,8512397;96,47933884;0,652892562;117,3305785;4888,834711;True;4;False;1;False;1;;;;;
05.02.2025;4969,694215;26,91735537;4,652892562;2900,702479;17442,8843;4903,578512;6,611570248;1118,677686;5,256198347;0,099173554;157,0247934;6637,487603;31,19834711;0,611570248;931,677686;7,024793388;74,61157025;16,47107438;0,132231405;24,79338843;439,7107438;97,04132231;0,776859504;146,1157025;4870,520661;True;4;False;1;False;1;;;;;
06.02.2025;4907,07438;26,61983471;4,570247934;2935,942149;17432,30579;4857,487603;6,611570248;971,4297521;5,297520661;0,099173554;140,4958678;5709,636364;31,14876033;0,58677686;825,768595;7,024793388;91,65289256;9,826446281;0,066115702;28,92561983;533,1983471;57,15702479;0,388429752;168,2727273;4807,900826;True;4;False;1;False;1;114,4586777;297,9297521;8,26446281;;
07.02.2025;4830,256198;26,52066116;4,214876033;2807,958678;16411,39669;4780,669421;6,52892562;1011,322314;5,338842975;0,099173554;148,7603306;5850,107438;30,90082645;0,58677686;860,5206612;6,94214876;68,57024793;9,694214876;0,066115702;24,79338843;393,9090909;55,66942149;0,371900826;142,4297521;4747,61157;True;4;False;1;False;1;;;;;
08.02.2025;4793,181818;26,29752066;3,58677686;2268,818182;16448,2314;4743,595041;6,694214876;1042,644628;1,859504132;0,066115702;169,4214876;5984,520661;10,69421488;0,355371901;972,4380165;6,94214876;76,85950413;9,727272727;0,066115702;26,85950413;438,0826446;55,45454545;0,380165289;153,0909091;4710,53719;True;4;False;1;False;1;;;;0,102066116;
09.02.2025;4764,495868;26,04958678;4,462809917;2501,520661;14421,35537;4714,909091;6,611570248;1024,46281;7,280991736;0,074380165;289,2561983;5844,603306;41,54545455;0,413223141;1650,214876;7,024793388;97,49586777;3,479338843;0,148760331;26,85950413;552,3140496;19,70247934;0,859504132;152,1570248;4681,85124;True;4;False;1;False;1;;;;;
10.02.2025;4806,347107;25,87603306;4,652892562;2916,909091;16963,81818;4756,760331;6,611570248;938,7107438;7,628099174;0,107438017;169,4214876;5402,917355;43,92561983;0,603305785;975,1322314;7,024793388;61,47107438;5,454545455;0,165289256;28,92561983;353,8099174;31,40495868;0,933884298;166,4876033;4756,760331;True;4;False;1;False;1;;;;;
11.02.2025;4742,85124;25,63636364;4,818181818;2982,61157;17116,77686;4693,264463;6,52892562;980,677686;4,809917355;0,066115702;173,553719;5569,123967;27,33057851;0,380165289;985,5867769;7,024793388;57,10743802;8,818181818;0,082644628;28,92561983;324,3057851;50,0661157;0,47107438;164,2644628;4693,264463;True;4;False;1;False;1;;;;;
12.02.2025;4743,842975;25,45454545;4,570247934;3184,380165;18278,5124;4677,727273;6,611570248;1160,909091;3,595041322;0,148760331;396,6942149;6570,809917;20,32231405;0,859504132;2245,31405;6,94214876;79,29752066;8,578512397;0,041322314;28,51239669;442,4876033;47,85123967;0,231404959;159,0991736;4611,61157;True;4;False;1;False;1;;;;;
13.02.2025;4765,859504;25,17355372;5,231404959;2653,454545;15301,63636;4699,743802;6,611570248;1145,123967;3,94214876;0,157024793;235,5371901;6511,966942;22,4214876;0,884297521;1339,429752;6,94214876;87,02479339;5,033057851;0,066115702;28,92561983;487,9173554;28,20661157;0,380165289;162,1735537;4633,628099;True;4;False;1;False;1;;;;;
14.02.2025;4780,809917;24,99173554;5,041322314;2577,512397;14910,32231;4714,694215;6,611570248;918,2892562;3,925619835;0,157024793;165,2892562;5238,636364;22,39669421;0,876033058;942,9421488;6,94214876;74,40495868;5,132231405;0,049586777;28,92561983;418,5123967;28,88429752;0,297520661;162,7024793;4648,578512;True;4;False;1;False;1;;;;;
15.02.2025;4789,743802;24,9338843;5,371900826;2030,380165;11767,26446;4723,628099;6,52892562;730,5371901;3,958677686;0,157024793;206,6115702;4175,454545;22,62809917;0,884297521;1180,909091;6,94214876;76,88429752;5,132231405;0,05785124;28,92561983;433,2892562;28,9338843;0,305785124;163,0165289;4657,512397;True;4;False;1;False;1;;;;;
16.02.2025;4787,669421;24,68595041;5,950413223;2163,603306;12533,93388;4721,553719;6,776859504;753,553719;9,247933884;0,20661157;190,0826446;4305,115702;52,82644628;1,173553719;1085,958678;6,94214876;83,3553719;5,165289256;0,05785124;39,25619835;469,5454545;29,09917355;0,314049587;221,1322314;4655,438017;True;4;False;1;False;1;;;;;
17.02.2025;4735,454545;24,38016529;5,727272727;2686,438017;15393,01653;4669,338843;6,776859504;842,8099174;12,05785124;0,198347107;173,553719;4761,793388;68,09917355;1,132231405;980,5619835;7,107438017;213,1404959;8,900826446;0,190082645;177,6859504;1187,173554;49,56198347;1,074380165;989,6942149;4603,22314;True;4;False;1;False;1;;;;;
18.02.2025;4689,090909;24,26446281;5,851239669;2230,826446;12657,27273;4622,975207;6,611570248;836,5289256;17,46280992;0,173553719;198,3471074;4679,380165;97,67768595;0,958677686;1109,512397;7,107438017;77,78512397;11,57024793;0,20661157;33,05785124;428,892562;63,7768595;1,132231405;182,2727273;4556,859504;True;4;False;1;False;1;;;;;
19.02.2025;4444,900826;24,19008264;5,644628099;2583,826446;13896,64463;4378,785124;6,694214876;874,0661157;17,11570248;0,165289256;181,8181818;4631,090909;90,69421488;0,867768595;963,3305785;7,024793388;79,48760331;17,91735537;0,082644628;33,05785124;414,7933884;93,47933884;0,429752066;172,5041322;4312,669421;True;4;False;1;False;1;;;;;
20.02.2025;4637,272727;24,78512397;5,851239669;2261,785124;12691,1157;4571,157025;6,859504132;629,6694215;24,48760331;0,173553719;140,4958678;3482,768595;135,4214876;0,975206612;777,0991736;7,024793388;68,38016529;19,80165289;0,066115702;27,27272727;372,7438017;107,9256198;0,355371901;148,6694215;4505,041322;True;4;False;1;False;1;;;;;
21.02.2025;4683,595041;25,0661157;5,851239669;2139,553719;12125,18182;4617,479339;6,694214876;527,1900826;22,72727273;0,190082645;115,7024793;2945,487603;126,9834711;1,041322314;646,446281;7,107438017;128,3553719;11,51239669;0,074380165;140,4958678;706,8760331;63,39669421;0,413223141;773,7355372;4551,363636;True;4;False;1;False;1;;;;;
22.02.2025;4842,289256;25,72727273;5,066115702;2641,652893;15477,89256;4776,173554;6,611570248;768,9504132;13,05785124;0,20661157;108,2644628;4443,892562;75,44628099;1,173553719;625,677686;7,024793388;102,0247934;9,917355372;0,066115702;76,85950413;581,4545455;56,49586777;0,363636364;438,0330579;4710,057851;True;4;False;1;False;1;;;;;
23.02.2025;4876,008264;27,07438017;3,834710744;2217,561983;16354,44628;4809,892562;6,611570248;678,9256198;11,60330579;0,198347107;198,3471074;3951,330579;67,51239669;1,132231405;1154,371901;7,107438017;79,59504132;8,173553719;0,107438017;24,79338843;456,8760331;46,90082645;0,628099174;142,3140496;4743,77686;True;4;False;1;False;1;;;;;
24.02.2025;4827,330579;27,11570248;4,958677686;2845,190083;16618,92562;4761,214876;6,611570248;920,8264463;9,669421488;0,066115702;119,8347107;5304,942149;55,70247934;0,355371901;690,3719008;7,024793388;64,03305785;6,363636364;0,115702479;22,72727273;363,7768595;36,1322314;0,67768595;129,1157025;4695,099174;True;4;False;1;False;1;;;;;
25.02.2025;4806,942149;26,68595041;4,818181818;2727,214876;15862,55372;4740,826446;6,611570248;856,8595041;11,27272727;0,082644628;144,6280992;4915,289256;64,65289256;0,47107438;829,6446281;7,024793388;80,32231405;14,04132231;0,107438017;26,85950413;454,338843;79,41322314;0,603305785;151,9256198;4674,710744;True;4;False;1;False;1;;;;;
26.02.2025;4820,826446;26,11570248;4,58677686;2698,396694;15740,30579;4754,710744;6,52892562;875,7603306;15,41322314;0,074380165;214,8760331;5038,429752;88,69421488;0,429752066;1236,22314;7,024793388;75,54545455;13,58677686;0,090909091;24,79338843;428,5867769;77,07438017;0,512396694;140,661157;4688,595041;True;4;False;1;False;1;;;;;
27.02.2025;4861,338843;25,75206612;5,066115702;2768,933884;16287,4876;4795,22314;6,52892562;965,6942149;12,81818182;0,099173554;289,2561983;5603,173554;74,38016529;0,570247934;1678,330579;6,94214876;50,45454545;13,2892562;0,05785124;18,18181818;288,7107438;76,01652893;0,305785124;104,0413223;4729,107438;True;4;False;1;False;1;;;;;
28.02.2025;4828,53719;25,51239669;5,247933884;2988,661157;17461,31405;4762,421488;6,694214876;1222,066116;12,46280992;0,371900826;322,3140496;7042,190083;71,79338843;2,123966942;1857,347107;6,94214876;62,66115702;12,44628099;0,066115702;16,52892562;356,0743802;70,7107438;0,355371901;93,92561983;4696,305785;True;4;False;1;False;1;;;;;
01.03.2025;4828,157025;25,20661157;5,107438017;2683,380165;15676,47934;4762,041322;6,694214876;1198,842975;12,63636364;0,371900826;322,3140496;6907,818182;72,80165289;2,148760331;1857,198347;6,94214876;94,1322314;11,10743802;0,173553719;41,32231405;534,8677686;63,10743802;0,966942149;234,7933884;4695,92562;True;4;False;1;False;1;;;;;
02.03.2025;4869,371901;25,23140496;4,652892562;2797,677686;16483,7438;4803,256198;6,611570248;1037,677686;12,76859504;0,371900826;181,8181818;6030,92562;74,20661157;2,165289256;1056,719008;6,94214876;67,98347107;10,43801653;0,165289256;24,79338843;389,677686;59,80991736;0,958677686;142,1157025;4737,140496;True;4;False;1;False;1;;;;;
03.03.2025;4876,570248;25,88429752;5,041322314;3278,14876;19343,20661;4810,454545;6,611570248;1649,702479;5,05785124;0,371900826;991,7355372;9602,330579;29,41322314;2,173553719;5772,53719;7,024793388;68,5785124;10,39669421;0,165289256;24,79338843;393,6859504;59,66115702;0,958677686;142,3305785;4744,338843;True;4;False;1;False;1;;;;;
04.03.2025;4795,231405;26,17355372;5;3459,22314;20071,20661;4729,115702;6,446280992;1388,876033;0,876033058;0,049586777;107,4380165;7947,46281;4,991735537;0,280991736;614,785124;6,94214876;73,49586777;10,31404959;0,165289256;30,5785124;414,677686;58,17355372;0,925619835;172,5289256;4663;True;4;False;1;False;1;;;;;
05.03.2025;4771,280992;26,47933884;5,123966942;3266,206612;18856,65289;4705,165289;6,52892562;1605,371901;0,958677686;0,049586777;214,8760331;9139,793388;5,479338843;0,297520661;1223,347107;6,94214876;208,1735537;7,958677686;0,041322314;33,05785124;1168,528926;44,69421488;0,231404959;185,5619835;4639,049587;True;4;False;1;False;1;;;;;
06.03.2025;4768,809917;26,50413223;5,685950413;3113,479339;17965,60331;4702,694215;6,611570248;1460,826446;27,08264463;0,041322314;111,5702479;8312,487603;154,0826446;0,231404959;634,8677686;7,024793388;227,9752066;7,148760331;0,041322314;41,32231405;1279;40,10743802;0,231404959;231,8264463;4636,578512;True;4;False;1;False;1;;;;;
07.03.2025;4677,760331;26,11570248;5,991735537;2512,446281;14220,68595;4677,760331;6,776859504;1193,22314;11,32231405;0,157024793;74,38016529;6753,752066;64,10743802;0,892561984;421;6,94214876;85,78512397;9,198347107;0,041322314;43,38842975;485,553719;52,04958678;0,231404959;245,5785124;4677,760331;True;4;False;1;False;1;;;;;
08.03.2025;4637,85124;25,36363636;6,074380165;2136,446281;11989,29752;4637,85124;6,859504132;805,785124;17,49586777;0,198347107;148,7603306;4521,900826;98,18181818;1,115702479;834,8099174;6,94214876;90,98347107;7,198347107;0,115702479;41,32231405;510,5785124;40,41322314;0,652892562;231,892562;4637,85124;True;4;False;1;False;1;;;;;
09.03.2025;4741,305785;25,20661157;5,479338843;2523,966942;14479,95041;4675,190083;6,94214876;1245,454545;0,181818182;16,78512397;588,8429752;7045,512397;1,016528926;94,92561983;3331,07438;7,024793388;71,36363636;3,107438017;0,082644628;39,66942149;397,9917355;17,34710744;0,438016529;221,2396694;4609,07438;True;4;False;1;False;1;;;;1,201652893;
10.03.2025;4670,090909;25,41322314;5,561983471;2585,256198;14608,80992;4603,975207;6,776859504;812,892562;0,181818182;16,85950413;200;4528,471074;1;93,91735537;1114,165289;7,107438017;78,51239669;0,074380165;2,685950413;42,97520661;431,0991736;0,404958678;14,72727273;235,9669421;4537,859504;True;4;False;1;False;1;;;;;
11.03.2025;4666,066116;26,03305785;5,355371901;3082,768595;17405,12397;4599,950413;6,776859504;1459,809917;0,181818182;16,85950413;141,322314;8125,214876;1;93,84297521;786,5950413;7,190082645;65,02479339;0,074380165;2,710743802;47,9338843;356,7190083;0,413223141;14,85123967;262,9586777;4533,834711;True;4;False;1;False;1;;;;;
12.03.2025;4686,636364;26,33057851;5,454545455;2354,504132;13351,98347;4620,520661;6,776859504;924,3636364;14,27272727;0,049586777;119,8347107;5167,958678;79,7768595;0,297520661;669,9752066;7,190082645;163,0743802;0,074380165;2,752066116;57,85123967;898,677686;0,413223141;15,14049587;318,8099174;4554,404959;True;4;False;1;False;1;;;8,26446281;;
13.03.2025;4789,066116;26,74380165;4,958677686;2585,975207;14985,1157;4722,950413;6,694214876;963,8842975;14,2231405;0,041322314;111,5702479;5508,380165;81,28099174;0,239669422;637,5950413;7,107438017;143,0495868;17,12396694;0,041322314;52,0661157;806,0495868;96,50413223;0,231404959;293,3801653;4656,834711;True;4;False;1;False;1;;;;;
14.03.2025;4808,024793;27,03305785;5,190082645;2800,132231;16290,36364;4799,760331;6,776859504;1036,694215;17,19834711;0,041322314;103,3057851;6020,818182;99,87603306;0,239669422;599,9669421;7,107438017;100,1652893;16,61983471;0,041322314;50,82644628;573,7190083;95,19008264;0,239669422;291,1157025;4733,644628;True;4;False;1;False;1;;;;;
15.03.2025;4732,966942;27,04132231;5,438016529;2990,909091;17128,60331;4732,966942;6,776859504;1054,793388;15,39669421;0,041322314;92,97520661;6040,68595;88,16528926;0,239669422;532,4545455;7,107438017;104,0495868;17,42975207;0,041322314;43,38842975;589,6363636;98,78512397;0,231404959;245,8760331;4683,380165;True;4;False;1;False;1;;;;;
16.03.2025;4771,628099;26,7107438;5,289256198;3309,53719;19108,15702;4771,628099;6,776859504;1143,801653;18,05785124;0,148760331;101,2396694;6603,92562;104,2561983;0,842975207;584,5206612;7,107438017;89,50413223;18,23140496;0,041322314;41,32231405;511,3966942;104,1652893;0,239669422;236,0991736;4722,041322;True;4;False;1;False;1;;;;;
17.03.2025;4748,421488;26,32231405;5,644628099;3023,752066;17373,2314;4707,099174;6,694214876;1272,727273;14,80991736;0,115702479;66,11570248;7248,933884;84,34710744;0,644628099;376,5702479;7,107438017;97,66942149;15,23966942;0,082644628;37,19008264;548,4710744;85,59504132;0,446280992;208,8429752;4640,983471;True;4;False;1;False;1;;;;;
18.03.2025;4678,38843;25,89256198;5,272727273;3088,586777;17484,00826;4678,38843;6,694214876;1469,008264;14,88429752;0,115702479;140,4958678;8315,834711;84,27272727;0,636363636;795,322314;7,107438017;72,03305785;14,09917355;0,05785124;33,05785124;402,0082645;78,68595041;0,338842975;184,4876033;4612,272727;True;4;False;1;False;1;;;;;
19.03.2025;4541,454545;25,40495868;5,024793388;2936,884298;16138,61983;4541,454545;6,52892562;1071,785124;14,84297521;0,107438017;198,3471074;5889,628099;81,5785124;0,611570248;1089,950413;7,024793388;70,00826446;14,08264463;0,066115702;28,92561983;384,7024793;77,38016529;0,338842975;158,9504132;4541,454545;True;4;False;1;False;1;102,303719;200,9280992;;;
20.03.2025;4653,983471;24,84297521;4,79338843;2642,636364;14881,5124;4587,867769;6,446280992;997,2561983;4,280991736;0,049586777;239,6694215;5536,090909;23,74380165;0,272727273;1330,479339;7,024793388;77,7107438;10,85123967;0,05785124;32,23140496;428,2892562;59,78512397;0,330578512;177,6363636;4554,809917;True;4;False;1;False;1;;;;;
21.03.2025;4699,231405;24,56198347;5,066115702;3223,355372;18328,24793;4633,115702;6,446280992;1215,933884;4,198347107;0,041322314;185,9504132;6816,61157;23,55371901;0,231404959;1042,454545;7,024793388;74,32231405;8,917355372;0,041322314;28,09917355;413,6859504;49,63636364;0,231404959;156,4049587;4600,057851;True;4;False;1;False;1;;;;;
22.03.2025;4657,090909;24,83471074;5,190082645;3143,264463;17712,54545;4590,975207;6,694214876;1501,487603;12,56198347;0,05785124;475,2066116;8340,884298;69,78512397;0,32231405;2639,809917;7,024793388;87,27272727;8,776859504;0,041322314;30,99173554;479,5702479;48,20661157;0,223140496;170,3057851;4541,38843;True;4;False;1;False;1;;;;;
23.03.2025;4771,049587;24,66942149;4,297520661;2362,520661;17048,46281;4704,933884;6,611570248;1242,479339;15,04958678;0,041322314;210,7438017;7073,404959;85,67768595;0,231404959;1199,760331;7,024793388;84,1322314;14,90909091;0,041322314;26,85950413;473,9173554;83,98347107;0,231404959;151,2975207;4655,347107;True;4;False;1;False;1;;;;;
24.03.2025;4700,231405;25;5,520661157;3317,115702;18865,38017;4634,115702;6,611570248;1239,669421;15,48760331;0,173553719;165,2892562;6951,173554;86,83471074;0,958677686;926,8264463;7,024793388;103,4214876;13,14876033;0,041322314;26,44628099;573,7107438;72,95041322;0,231404959;146,7024793;4584,528926;True;4;False;1;False;1;;;;;
25.03.2025;4775,347107;25,39669421;5,644628099;3414,049587;19726,95868;4709,231405;6,694214876;1400,826446;14,6446281;0,165289256;233,4710744;7982,14876;83,44628099;0,933884298;1330,355372;7,024793388;104,3553719;12,81818182;0,082644628;33,05785124;588,3719008;72,27272727;0,487603306;186,3884298;4659,644628;True;4;False;1;False;1;;;;;
26.03.2025;4699,644628;25,92561983;5,727272727;3082,305785;17527,73554;4633,528926;6,694214876;1576,280992;14,54545455;0,181818182;289,2561983;8837,528926;81,55371901;1,024793388;1621,735537;7,024793388;113,446281;12,42975207;0,082644628;37,19008264;629,2396694;68,95867769;0,454545455;206,2809917;4583,942149;True;4;False;1;False;1;;;;;
27.03.2025;4649,719008;26,12396694;5,809917355;3294,446281;18535,07438;4583,603306;6,52892562;1623,991736;13,2231405;0,123966942;210,7438017;9006,92562;73,32231405;0,685950413;1168,818182;7,024793388;168,107438;12,1322314;0,082644628;42,97520661;922,2644628;66,53719008;0,429752066;235,768595;4534,016529;True;4;False;1;False;1;;;;;
28.03.2025;4726,181818;26,27272727;5,289256198;2928,495868;16747,12397;4660,066116;6,52892562;1615,826446;12,85123967;0,181818182;190,0826446;9111,132231;72,44628099;1;1071,818182;6,859504132;269,4793388;11,98347107;0,123966942;48,76033058;1497,950413;66,60330579;0,67768595;271,0413223;4593,950413;True;4;False;1;False;1;;;;;
29.03.2025;4813,809917;25,79338843;5,165289256;2726,305785;15879,90083;4780,752066;6,52892562;1297,669421;13,34710744;0,190082645;128,0991736;7506,636364;77,18181818;1,099173554;741,0165289;6,859504132;197,8181818;12,23140496;0,148760331;42,97520661;1136,404959;70,24793388;0,834710744;246,8760331;4747,694215;True;4;False;1;False;1;;;;;
30.03.2025;4510,586777;25,40495868;5,107438017;2618,181818;14289,53719;4510,586777;6,52892562;1164,214876;12,81818182;0,165289256;111,5702479;6354,066116;69,95041322;0,892561984;608,9256198;6,859504132;114,2975207;11,5785124;0,148760331;41,32231405;623,8181818;63,18181818;0,826446281;225,5289256;4510,586777;True;4;False;1;False;1;;;;;
31.03.2025;4631,694215;25,37190083;5,107438017;2741,22314;15362,76033;4631,694215;6,52892562;1146,363636;7,363636364;0,140495868;105,3719008;6424,628099;41,28099174;0,809917355;590,5371901;6,859504132;104,2892562;9,380165289;0,20661157;33,05785124;584,4710744;52,57024793;1,157024793;185,2644628;4631,694215;True;4;False;1;False;1;;;;;
01.04.2025;4608,586777;25,40495868;5,123966942;3175,793388;17709,46281;4608,586777;6,52892562;1131,404959;3,545454545;0,181818182;109,5041322;6309,14876;19,76033058;0,991735537;610,6363636;6,859504132;316,9421488;9,446280992;0,190082645;142,5619835;1742,033058;51,91735537;1,05785124;783,5785124;4542,471074;True;4;False;1;False;1;;;;;
02.04.2025;4689,884298;25,0661157;5,355371901;2762,231405;15675;4689,884298;6,52892562;1041,322314;5,727272727;0,173553719;92,97520661;5909,256198;32,47933884;1;527,6115702;6,859504132;112,338843;9,140495868;0,082644628;33,05785124;628,5123967;51,15702479;0,454545455;184,9504132;4623,768595;True;4;False;1;False;1;;;;;
03.04.2025;4636,016529;24,84297521;5,165289256;3437,231405;19281,41322;4636,016529;6,446280992;1413,504132;7,619834711;0,041322314;74,38016529;7929,157025;42,74380165;0,231404959;417,2396694;6,859504132;106,7024793;7,115702479;0,074380165;28,92561983;590,0165289;39,36363636;0,388429752;159,9504132;4569,900826;True;4;False;1;False;1;;;;;
04.04.2025;4614,826446;25,10743802;5,330578512;3105,876033;17343,04132;4614,826446;6,52892562;1406,446281;7,58677686;0,041322314;82,6446281;7853,512397;42,33884298;0,231404959;461,4793388;6,859504132;105,9834711;7,314049587;0,181818182;28,92561983;583,3305785;40,26446281;0,983471074;159,2066116;4548,710744;True;4;False;1;False;1;;;;;
05.04.2025;4751,38843;24,85123967;5,314049587;2846,082645;16362,63636;4743,123967;6,52892562;1082,14876;12,8677686;0,074380165;103,3057851;6210,644628;73,85123967;0,429752066;592,892562;6,859504132;103,8016529;7,305785124;0,173553719;30,99173554;587,4297521;41,34710744;1;175,3884298;4677,008264;True;4;False;1;False;1;;;;;
06.04.2025;4765,190083;24,81818182;5,148760331;1958,991736;11295,28099;4756,92562;6,611570248;1023,801653;14,69421488;0,090909091;103,3057851;5892,876033;84,5785124;0,52892562;594,6115702;6,859504132;75,52066116;5,495867769;0,05785124;26,85950413;428,6446281;31,19008264;0,330578512;152,4545455;4690,809917;True;4;False;1;False;1;;;;1,383884298;
07.04.2025;4863,107438;25,15702479;5,107438017;2407,975207;14169,40496;4796,991736;6,446280992;1105,876033;22,42975207;0,231404959;107,4380165;6418,909091;130,1652893;1,355371901;623,6115702;6,859504132;71,31404959;6,190082645;0,074380165;28,92561983;408,231405;35,43801653;0,421487603;165,5785124;4730,876033;True;4;False;1;False;1;;;;;
08.04.2025;4779,123967;25,45454545;5,123966942;3344,53719;19340,57851;4737,801653;6,363636364;1330,371901;31,42975207;0,165289256;181,8181818;7626,677686;180,1570248;0,950413223;1042,31405;6,776859504;73,79338843;11,57024793;0,066115702;28,92561983;417,1322314;65,40495868;0,371900826;163,5123967;4671,68595;True;4;False;1;False;1;;;;;
09.04.2025;4723,413223;25,5785124;5,247933884;2995;17117,40496;4673,826446;6,446280992;1311,570248;20,56198347;0,148760331;200,4132231;7417,355372;116,2809917;0,818181818;1133,404959;6,776859504;116,9586777;11,6446281;0,066115702;33,05785124;652,0826446;64,91735537;0,347107438;184,3057851;4607,710744;True;4;False;1;False;1;;;;;
10.04.2025;4694,818182;25,53719008;5,190082645;3130;17780,70248;4645,231405;6,446280992;1113,22314;20,08264463;0,173553719;134,2975207;6257,132231;112,892562;0,983471074;754,8512397;6,776859504;96,01652893;12,91735537;0,099173554;33,05785124;532;71,5785124;0,52892562;183,1652893;4579,115702;True;4;False;1;False;1;;;;;
11.04.2025;4802,396694;24,98347107;5,396694215;3339,247934;19404,04132;4728,016529;6,52892562;1249,487603;15,14876033;0,520661157;107,4380165;7148,198347;86,6446281;3;614,6446281;6,776859504;107,5289256;12,53719008;0,090909091;78,51239669;606,5619835;70,73553719;0,495867769;442,8842975;4661,900826;True;4;False;1;False;1;;;;;
12.04.2025;4777,016529;24,60330579;5,107438017;2481,107438;14341,27273;4702,636364;6,446280992;1160,355372;13,75206612;0,487603306;66,11570248;6602,644628;78,23966942;2,79338843;376,214876;6,859504132;114,2809917;11,58677686;0,173553719;123,9669421;641,1404959;65,00826446;0,966942149;695,4793388;4636,520661;True;4;False;1;False;1;;;;;
13.04.2025;4904,950413;24,32231405;4,958677686;2443,603306;14502,77686;4904,950413;6,52892562;1111,404959;14,62809917;0,123966942;140,4958678;6596,181818;86,81818182;0,719008265;833,8429752;6,859504132;147,7355372;10,92561983;0,181818182;68,18181818;864,9917355;63,99173554;1,074380165;399,2066116;4838,834711;True;4;False;1;False;1;;;;;
14.04.2025;4855,942149;24,50413223;4,958677686;2530,652893;14869,33058;4855,942149;6,52892562;1089,917355;15,9338843;0,123966942;140,4958678;6404,024793;93,59504132;0,727272727;825,5123967;6,859504132;109,3801653;10,3553719;0,107438017;35,12396694;633,9338843;59,99173554;0,595041322;203,5702479;4789,826446;True;4;False;1;False;1;;;;;
15.04.2025;4769,809917;24,66115702;5,148760331;2399,413223;13848,1405;4769,809917;6,363636364;1168,123967;19,21487603;0,090909091;66,11570248;6741,793388;110,9008264;0,537190083;381,5867769;6,859504132;80,51239669;10,1322314;0,115702479;24,79338843;464,677686;58,49586777;0,669421488;143,0909091;4769,809917;True;4;False;1;False;1;;;;;
16.04.2025;4765,008264;24,70247934;4,958677686;2604,595041;15017,21488;4765,008264;6,363636364;1430,024793;18,51239669;0,140495868;90,90909091;8245,033058;106,7107438;0,826446281;524,1487603;6,776859504;81,30578512;13,04132231;0,05785124;24,79338843;468,785124;75,20661157;0,338842975;142,9504132;4765,008264;True;4;False;1;False;1;;;;;
17.04.2025;4820,024793;24,96694215;5,190082645;2163,743802;12619,42975;4820,024793;6,52892562;1115,702479;14,11570248;0,090909091;92,97520661;6507,033058;82,31404959;0,52892562;542,2561983;6,694214876;79,72727273;12,7768595;0,049586777;24,79338843;459,0082645;73,55371901;0,280991736;142,7438017;4758,041322;True;4;False;1;False;1;;;;;
18.04.2025;4828,710744;24,80991736;4,917355372;2754,347107;16092,95868;4828,710744;6,52892562;1213,22314;13,07438017;0,082644628;134,2975207;7088,553719;76,40495868;0,479338843;784,6694215;6,859504132;103,0661157;9,958677686;0,041322314;41,32231405;593,9421488;57,36363636;0,239669422;238,1322314;4762,595041;True;4;False;1;False;1;99,80578512;198,9008264;800,4090909;;
19.04.2025;4783,363636;24,91735537;4,900826446;2595,173554;15020,54545;4770,966942;6,363636364;1357,644628;14,47107438;0,05785124;317,3553719;7837,504132;83,54545455;0,32231405;1832,049587;6,859504132;123,2975207;9,190082645;0,041322314;37,19008264;701,9173554;52,33057851;0,231404959;211,7190083;4704,85124;True;4;False;1;False;1;;;;;
20.04.2025;4825,710744;25,29752066;5,644628099;2844,876033;16611,55372;4759,595041;6,446280992;1337,239669;14;0,049586777;190,0826446;7701,31405;80,6446281;0,280991736;1094,710744;6,776859504;115,4049587;7,876033058;0,132231405;34,7107438;655,3966942;44,72727273;0,743801653;197,1239669;4693,479339;True;4;False;1;False;1;;;;;
21.04.2025;4846,867769;25,7768595;4,876033058;2776,479339;16283,22314;4780,752066;6,446280992;1257,68595;11,11570248;0,132231405;161,1570248;7275,347107;64,29752066;0,752066116;932,2479339;6,776859504;135,9504132;8,115702479;0,140495868;35,12396694;775,553719;46,31404959;0,809917355;200,3719008;4714,636364;True;4;False;1;False;1;;;;;
22.04.2025;4774,743802;25,9338843;4,504132231;2760,61157;15949,26446;4708,628099;6,446280992;1274,710744;15,04132231;0,140495868;123,9669421;7262,595041;85,69421488;0,785123967;706,2975207;6,859504132;138,5950413;4,966942149;0,074380165;34,7107438;778,553719;27,87603306;0,438016529;194,9834711;4642,512397;True;4;False;1;False;1;;;;;
23.04.2025;4629,363636;25,74380165;4,58677686;2991,975207;16759,61983;4629,363636;6,446280992;1314,181818;19,26446281;0,173553719;66,11570248;7361,421488;107,9090909;0,958677686;370,3471074;6,859504132;134,0909091;5,94214876;0,090909091;33,05785124;740,3884298;32,78512397;0,495867769;182,5289256;4563,247934;True;4;False;1;False;1;;;;;
24.04.2025;4676,438017;25,37190083;4,983471074;2533,231405;14334,28099;4659,909091;6,280991736;1426,181818;18,92561983;0,190082645;264,4628099;8041,512397;106,7272727;1,082644628;1491,173554;6,776859504;121,4214876;9,768595041;0,066115702;33,05785124;674,9173554;54,27272727;0,371900826;183,7520661;4593,793388;True;4;False;1;False;1;;;;;
25.04.2025;4730,132231;24,89256198;5,024793388;2665,049587;15253,30579;4730,132231;6,52892562;1263,636364;13,53719008;0,107438017;92,97520661;7232,363636;77,49586777;0,611570248;532,1404959;6,776859504;268,1818182;9,26446281;0,066115702;183,8842975;1513,471074;52,26446281;0,380165289;1037,743802;4664,016529;True;4;False;1;False;1;;;;;
26.04.2025;4802,446281;25,17355372;5;2616,85124;15206,39669;4769,38843;6,446280992;1165,289256;13,1322314;0,099173554;84,7107438;6724,834711;75,78512397;0,553719008;488,8595041;6,776859504;147,0247934;6,73553719;0,115702479;33,05785124;836,7107438;38,33057851;0,669421488;188,1322314;4703,272727;True;4;False;1;False;1;;;;;
27.04.2025;4745,61157;25,43801653;4,818181818;2090,157025;12002,06612;4679,495868;6,363636364;874,1322314;12,50413223;0,090909091;82,6446281;4949,504132;70,81818182;0,504132231;467,9504132;6,776859504;120,5289256;3,545454545;0,115702479;37,19008264;672,8181818;19,79338843;0,628099174;207,6033058;4613,380165;True;4;False;1;False;1;;;;;
28.04.2025;4795,669421;25,94214876;4,818181818;2458,68595;14267,18182;4729,553719;6,280991736;1005,619835;13,26446281;0,05785124;227,2727273;5754,92562;75,90909091;0,314049587;1300,628099;6,776859504;145,8429752;6,272727273;0,123966942;35,12396694;822,9586777;35,38016529;0,67768595;198,1983471;4663,438017;True;4;False;1;False;1;;;;;
29.04.2025;4705,413223;26,15702479;4,32231405;2196,157025;12503,93388;4639,297521;6,52892562;1093,057851;7,347107438;0,066115702;243,8016529;6135,942149;41,23140496;0,363636364;1368,595041;6,694214876;123,3057851;7,710743802;0,132231405;80,5785124;682,322314;42,6446281;0,752066116;445,8842975;4573,181818;True;4;False;1;False;1;;;;;
30.04.2025;4751,157025;26,11570248;4,859504132;2435,958678;14004,10744;4685,041322;6,52892562;908,9256198;11,89256198;0,074380165;173,553719;5152,61157;67,4214876;0,413223141;983,8595041;6,94214876;109,785124;7,157024793;0,132231405;26,85950413;613,5785124;40,01652893;0,727272727;150,1157025;4618,92562;True;4;False;1;False;1;;;;;
01.05.2025;4755,190083;26,37190083;4,834710744;2422,983471;13941,31405;4689,07438;6,611570248;865,8677686;21,31404959;0,049586777;126,0330579;4912,743802;120,9090909;0,289256198;715,0826446;6,859504132;111,7355372;6,314049587;0,123966942;28,92561983;625,0247934;35,29752066;0,702479339;161,8016529;4622,958678;True;4;False;1;False;1;;;;;
02.05.2025;4628,892562;26,87603306;4,834710744;2312,239669;12950,7686;4628,892562;6,694214876;800,4958678;19,70247934;0,190082645;92,97520661;4483,545455;110,3471074;1,041322314;520,7520661;6,859504132;107,768595;13,39669421;0,165289256;30,99173554;603,6115702;75,03305785;0,917355372;173,5867769;4628,892562;True;4;False;1;False;1;;;;;
03.05.2025;4640,570248;27,10743802;4,628099174;2541,495868;14270,75207;4640,570248;6,52892562;912,7272727;12,82644628;0,099173554;173,553719;5125,049587;72,01652893;0,537190083;974,5206612;6,859504132;109,8429752;14,76033058;0,074380165;28,92561983;616,7768595;82,85950413;0,438016529;162,4214876;4640,570248;True;4;False;1;False;1;107,1371901;256,7099174;824,6355372;;
04.05.2025;4635,247934;27,99173554;4,818181818;2418,826446;13566,31405;4635,247934;6,611570248;750;11,85123967;0,090909091;140,4958678;4206,487603;66,46280992;0,487603306;787,9917355;6,859504132;62,14876033;10,98347107;0,074380165;28,92561983;348,5702479;61,59504132;0,429752066;162,231405;4635,247934;True;4;False;1;False;1;;;;;
05.05.2025;4814,247934;27,4214876;4,710743802;2209,46281;12870,65289;4748,132231;6,280991736;794,5867769;11,81818182;0,090909091;165,2892562;4565,090909;67,90082645;0,512396694;949,6280992;6,859504132;62,02479339;11,23966942;0,066115702;28,92561983;351,3884298;63,69421488;0,355371901;163,8677686;4682,016529;True;4;False;1;False;1;;;;;
06.05.2025;4756,14876;27,4214876;4,958677686;2443,297521;14061,01653;4690,033058;6,52892562;945,2231405;11,6446281;0,082644628;991,7355372;5364,082645;66,07438017;0,479338843;5628,041322;6,776859504;65,76859504;11,07438017;0,066115702;33,05785124;367,9752066;61,95867769;0,355371901;184,9586777;4623,917355;True;4;False;1;False;1;;;;;
07.05.2025;4817,46281;27,48760331;4,958677686;2551,884298;14875,2562;4751,347107;6,446280992;1278,760331;7,859504132;0,066115702;586,7768595;7351,768595;45,18181818;0,371900826;3373,46281;6,776859504;1010,479339;11,16528926;0,05785124;826,446281;5728,545455;63,31404959;0,338842975;4685,231405;4685,231405;True;4;False;1;False;1;;;;;
08.05.2025;4795,520661;26,7768595;5,123966942;2747,404959;15942,04132;4729,404959;6,446280992;965,785124;;;198,3471074;5526,77686;;;1135,057851;6,776859504;503,5041322;14,69421488;0,148760331;380,1652893;2841,057851;82,90082645;0,859504132;2145,115702;4663,289256;True;4;False;1;False;1;;;;;
09.05.2025;4752,77686;25,73553719;4,652892562;2352,22314;13527,28926;4686,661157;6,776859504;962,6446281;16,02479339;0,082644628;351,2396694;5459,024793;90,85950413;0,454545455;1991,834711;6,859504132;154,5454545;15,2231405;0,115702479;78,51239669;864,0413223;85,09917355;0,652892562;438,9504132;4620,545455;True;4;False;1;False;1;;;;;
10.05.2025;4825,809917;25,38842975;4,338842975;2660,123967;15533,08264;4759,694215;6,776859504;757,768595;10,98347107;0,049586777;134,2975207;4364,165289;63,27272727;0,289256198;773,4545455;6,94214876;108,9256198;16,66942149;0,132231405;24,79338843;618,6115702;94,66942149;0,727272727;140,8099174;4693,578512;True;4;False;1;False;1;;;;;
11.05.2025;4734,46281;25,53719008;4,710743802;2133,214876;12220,53719;4734,46281;6,694214876;670,5785124;3,950413223;0,157024793;86,7768595;3841,545455;22,60330579;0,876033058;497,1157025;7,024793388;106,6942149;16,4214876;0,074380165;24,79338843;602,6859504;92,76033058;0,421487603;140,0495868;4668,347107;True;4;False;1;False;1;;;;;
12.05.2025;4892,157025;25,39669421;4,628099174;2473,603306;14642,53719;4892,157025;6,611570248;706,4876033;;;95,04132231;4182,066116;;;562,5950413;6,94214876;101,9586777;11,63636364;0,115702479;23,14049587;595,3884298;67,92561983;0,67768595;135,1322314;4826,041322;True;4;False;1;False;1;;;;;
13.05.2025;4812,884298;25,57024793;4,958677686;2746,404959;15993,93388;4796,355372;6,52892562;950,214876;5,074380165;0,223140496;202,4793388;5514,652893;29,46280992;1,297520661;1175,107438;6,94214876;87,61157025;11,33057851;0,115702479;24,79338843;501,4545455;64,8677686;0,652892562;141,9090909;4730,239669;True;4;False;1;False;1;;;;;
14.05.2025;4840,404959;25,61983471;4,917355372;2734,413223;16015,15702;4823,876033;6,446280992;1083,586777;;;342,9752066;6324,77686;;;2001,909091;6,94214876;97,04958678;10,65289256;0,107438017;21,48760331;558,7024793;61,30578512;0,628099174;123,7024793;4757,760331;True;4;False;1;False;1;;;;;
15.05.2025;4889,652893;25,51239669;4,79338843;2584,735537;15292,5124;4823,53719;6,363636364;1239,157025;1,363636364;0,20661157;495,8677686;7232,31405;7,966942149;1,20661157;2894,123967;6,859504132;110,8016529;10,50413223;0,107438017;24,79338843;637,8264463;60,44628099;0,636363636;142,7190083;4757,421488;True;4;False;1;False;1;;;;;
16.05.2025;4831,380165;25,66942149;;2695,247934;15756,34711;4765,264463;6,446280992;851,8595041;;;289,2561983;4911,801653;;;1667,842975;6,859504132;273,5950413;8,520661157;0,107438017;117,3553719;1555,652893;48,43801653;0,595041322;667,2809917;4699,14876;True;4;False;1;False;1;;;;;
17.05.2025;4755,785124;25,54545455;1,140495868;2431,570248;13992,47107;4689,669421;6,611570248;1219,421488;9,785123967;0,181818182;266,5289256;6919,61157;55,50413223;1,041322314;1512,421488;6,859504132;267,4380165;8,371900826;0,099173554;159,0909091;1496,181818;46,85123967;0,52892562;890,0330579;4623,553719;True;4;False;1;False;1;;;;;
18.05.2025;4772,785124;25,47933884;;2680,991736;15482,92562;4706,669421;6,52892562;1111,322314;;;293,3884298;6329,066116;;;1670,867769;6,859504132;139,5041322;14,47107438;0,090909091;25,61983471;783,322314;81,27272727;0,512396694;143,8595041;4640,553719;True;4;False;1;False;1;;;;;
19.05.2025;4807,190083;25,52066116;1,157024793;2916,289256;16963,20661;4741,07438;6,52892562;713,2644628;8,826446281;0,049586777;495,8677686;4091,785124;50,61157025;0,297520661;2844,644628;6,776859504;120,8677686;12,42975207;0,05785124;26,44628099;683,7107438;70,31404959;0,338842975;149,5950413;4674,958678;True;4;False;1;False;1;;;;;
20.05.2025;4774,438017;25,70247934;;2345,190083;13548,31405;4708,322314;6,52892562;858,5123967;;;214,8760331;4891,008264;;;1224,165289;6,859504132;111,0247934;7,694214876;0,049586777;28,92561983;623,6363636;43,23140496;0,256198347;162,4793388;4642,206612;True;4;False;1;False;1;;;;;
21.05.2025;4855,008264;25,61157025;;2332,652893;13703,33058;4788,892562;6,52892562;842,2892562;6,099173554;0,297520661;185,9504132;4880,702479;35,3553719;1,719008264;1077,504132;6,859504132;104,0330579;7,933884298;0,049586777;28,92561983;594,5041322;45,33884298;0,256198347;165,2975207;4722,77686;True;4;False;1;False;1;;;;;
22.05.2025;4756,322314;25,7768595;;2218,743802;12769,19008;4690,206612;6,52892562;742,8347107;;;86,7768595;4215,702479;;;492,4710744;6,859504132;109,9586777;6,429752066;0,082644628;24,79338843;615,2396694;35,96694215;0,462809917;138,7190083;4624,090909;True;4;False;1;False;1;;;;;
23.05.2025;4794,099174;26,10743802;;2097,975207;12170,03306;4727,983471;6,52892562;608,2231405;2,066115702;0,305785124;60,33057851;3479,553719;11,80991736;1,743801653;345,1404959;6,859504132;78,66115702;6,198347107;0,074380165;26,44628099;443,7190083;34,96694215;0,421487603;149,1818182;4661,867769;True;4;False;1;False;1;;;;;
24.05.2025;4789,38843;25,98347107;;2531,933884;14672,95868;4723,272727;6,446280992;867,892562;;;107,4380165;4960,14876;;;614,0247934;6,94214876;110,9586777;6,429752066;0,082644628;22,31404959;625,2727273;36,2231405;0,454545455;125,7438017;4657,157025;True;4;False;1;False;1;;;;;
25.05.2025;4652,454545;25,78512397;;2178,214876;15327,7438;4652,454545;6,611570248;791,5702479;8,157024793;0,148760331;109,5041322;4456,123967;45,91735537;0,826446281;616,446281;6,859504132;98,59504132;6,314049587;0,074380165;13,2231405;555,0413223;35,56198347;0,421487603;74,43801653;4652,454545;True;4;False;1;False;1;;;;0,985950413;
26.05.2025;4675,966942;25,47107438;5,082644628;2731,61157;14384,7438;4675,966942;6,52892562;780,2479339;;;103,3057851;4414,586777;;;584,4958678;6,94214876;153,3057851;17,33884298;0,066115702;86,7768595;855,1239669;96,69421488;0,371900826;484,0330579;4609,85124;True;4;False;1;False;1;;;;;
27.05.2025;4615,355372;25,45454545;;2322,140496;12968,17355;4615,355372;6,611570248;772,9752066;9,950413223;0,198347107;132,231405;4316,743802;55,56198347;1,082644628;738,4545455;6,859504132;81,32231405;13,11570248;0,05785124;15,70247934;447,6446281;72,19008264;0,297520661;86,43801653;4549,239669;True;4;False;1;False;1;;;;;
28.05.2025;4645,264463;25,48760331;;2612,752066;14685,66116;4579,14876;6,52892562;805,5371901;;;285,1239669;4463,297521;;;1579,809917;6,94214876;88,34710744;9,760330579;0,041322314;14,04958678;484,2066116;53,50413223;0,223140496;77;4529,561983;True;4;False;1;False;1;;;;;
29.05.2025;4746,404959;25,76859504;;2773,495868;15928,57025;4680,289256;6,363636364;898,9834711;9,917355372;0,190082645;115,7024793;5091,07438;56,16528926;1,082644628;655,2396694;6,859504132;92,97520661;9,305785124;0,041322314;13,2231405;520,9504132;52,15702479;0,231404959;74,09090909;4630,702479;True;4;False;1;False;1;;;;;
30.05.2025;4725,214876;25,60330579;;2723,256198;15570,23967;4659,099174;6,363636364;1058,942149;;;90,08264463;5969,801653;;;507,8429752;6,776859504;51,92561983;9,760330579;0,041322314;12,80991736;288,5785124;54,25619835;0,231404959;71,19008264;4592,983471;True;4;False;1;False;1;;;;;
31.05.2025;4748,520661;25,65289256;;2349,049587;13496,95868;4682,404959;6,52892562;501,0578512;9,619834711;0,181818182;78,51239669;2838,85124;54,50413223;1,033057851;444,8264463;6,859504132;78,55371901;;;12,80991736;438,7768595;;;71,55371901;4616,289256;True;4;False;1;False;1;;;;;
01.06.2025;4651,909091;25,60330579;;2257,347107;12706,17355;4651,909091;6,446280992;735,2231405;;;80,99173554;4138,438017;;;455,8842975;6,94214876;85,30578512;12,81818182;0,05785124;10,74380165;473,3471074;71,1322314;0,305785124;59,61157025;4585,793388;True;4;False;1;False;1;;;;;
02.06.2025;4794,942149;25,70247934;2,520661157;2548,785124;14787,71901;4728,826446;6,52892562;987,4380165;10,95041322;0,148760331;150,8264463;5650;62,63636364;0,834710744;863,0082645;6,94214876;74,46280992;12,6446281;0,049586777;14,46280992;420,107438;71,32231405;0,289256198;81,59504132;4662,710744;True;4;False;1;False;1;;;;;
03.06.2025;4865,595041;25,83471074;;2678,099174;15766,97521;4799,479339;6,52892562;841,0743802;;;101,2396694;4884,438017;;;587,9338843;6,94214876;93,47107438;14,92561983;0,05785124;16,94214876;535,3471074;85,47107438;0,314049587;97,03305785;4733,363636;True;4;False;1;False;1;;;;;
04.06.2025;4925,892562;25,57024793;1,280991736;2611,900826;15567,78512;4859,77686;6,446280992;816,4793388;17,14876033;0,074380165;66,11570248;4801,165289;100,8347107;0,438016529;388,785124;6,859504132;80,83471074;11,19834711;0,049586777;16,52892562;468,8677686;64,9338843;0,280991736;95,87603306;4793,661157;True;4;False;1;False;1;;;;;
05.06.2025;4819,206612;25,29752066;1,157024793;2939,578512;17141,38017;4761,355372;6,446280992;1056,413223;;;181,8181818;6086,256198;;;1047,495868;6,859504132;75,9338843;11,14049587;0,041322314;16,52892562;431,3966942;63,2892562;0,256198347;93,90082645;4695,239669;True;4;False;1;False;1;;;;;
06.06.2025;4761,85124;25,32231405;;2860,933884;16484,20661;4695,735537;6,446280992;1386,834711;6,512396694;0,107438017;809,9173554;7879,768595;36,97520661;0,611570248;4601,818182;6,859504132;92,89256198;10,37190083;0,041322314;19,4214876;520,3719008;58,09917355;0,231404959;108,7933884;4629,619835;True;4;False;1;False;1;;;;;
07.06.2025;4843,834711;25,21487603;;2587,231405;15163,87603;4777,719008;6,446280992;1266,413223;;;330,5785124;7321,190083;;;1911,090909;6,694214876;107,5289256;6,247933884;0,090909091;41,32231405;613,0247934;35,60330579;0,512396694;235,5785124;4711,603306;True;4;False;1;False;1;;;;;
08.06.2025;4793,123967;25,54545455;1,223140496;2586,479339;15000,73554;4727,008264;6,52892562;1140,495868;9,760330579;0,115702479;433,8842975;6523,272727;55,84297521;0,644628099;2481,677686;6,859504132;143,2231405;6,636363636;0,082644628;35,12396694;807,7355372;37,42975207;0,446280992;198,0909091;4660,892562;True;4;False;1;False;1;;;;;
09.06.2025;4827,280992;25,96694215;3,785123967;2229,652893;13023,41322;4761,165289;6,694214876;824,2975207;;;252,0661157;4748,793388;;;1452,157025;6,94214876;171,2396694;6,479338843;0,107438017;47,52066116;972,8181818;36,80165289;0,611570248;269,9669421;4695,049587;True;4;False;1;False;1;;;;;
10.06.2025;4815,760331;26,02479339;1,239669421;2340,809917;13640,03306;4749,644628;6,611570248;928,9256198;8,20661157;0,049586777;128,0991736;5338,595041;47,14049587;0,26446281;736,1983471;6,94214876;101,7355372;6,330578512;0,123966942;17,76859504;576,5454545;35,89256198;0,685950413;100,6942149;4683,528926;True;4;False;1;False;1;;;;;
11.06.2025;4753,22314;26,32231405;;2149,380165;12361,93388;4687,107438;6,611570248;755,5371901;;;101,2396694;4284,950413;;;574,1735537;6,94214876;111,2396694;14,59504132;0,05785124;20,24793388;621,9834711;81,58677686;0,314049587;113,214876;4620,991736;True;4;False;1;False;1;;;;;
12.06.2025;4842,066116;26,36363636;;2380,859504;13949,20661;4775,950413;6,611570248;996,6942149;12,15702479;0,26446281;299,5867769;5759,793388;70,23140496;1,504132231;1731,280992;6,94214876;138,0661157;14,98347107;0,049586777;18,18181818;786,8264463;85,38842975;0,26446281;103,6198347;4709,834711;True;4;False;1;False;1;;;;;
13.06.2025;4753,016529;26,9338843;;2319,826446;13341,66116;4686,900826;6,611570248;833,0578512;;;159,0909091;4724,396694;;;902,231405;6,94214876;136,2809917;9,67768595;0,05785124;20,66115702;761,9669421;54,11570248;0,305785124;115,5206612;4620,785124;True;4;False;1;False;1;90,81652893;267,9780992;577,0578512;;
14.06.2025;4702,123967;26,95041322;;2505,355372;14254,35537;4636,008264;6,52892562;817,6694215;7,380165289;0,413223141;157,0247934;4586,768595;41,41322314;2,314049587;880,8429752;6,94214876;108,661157;8,818181818;0,049586777;24,79338843;600,8512397;48,76033058;0,272727273;137,0991736;4569,892562;True;4;False;1;False;1;;;;;
15.06.2025;4760,694215;27,12396694;1,198347107;2353,760331;13558,69421;4694,578512;6,52892562;831,3057851;;;198,3471074;4722,181818;;;1126,702479;6,94214876;154,8181818;11,57024793;0,099173554;165,2892562;867,0495868;64,78512397;0,553719008;925,6942149;4628,46281;True;4;False;1;False;1;;;;;
16.06.2025;4836,07438;27,05785124;2,462809917;2743,123967;16051,7686;4769,958678;6,611570248;955,0413223;9,256198347;0,107438017;128,0991736;5512,165289;53,4214876;0,611570248;739,3471074;6,94214876;288,3471074;11,04958678;0,082644628;243,8016529;1641,173554;62,8677686;0,462809917;1387,636364;4703,842975;True;4;False;1;False;1;;;;;
17.06.2025;4737,214876;26,9338843;;2778,355372;15925,61983;4671,099174;6,694214876;968,4297521;;;140,4958678;5473,586777;;;794,0826446;6,94214876;148,1818182;13,89256198;0,049586777;22,72727273;825,6694215;77,4214876;0,26446281;126,6363636;4604,983471;True;4;False;1;False;1;;;;;
18.06.2025;4698,92562;26,5785124;;2580,165289;14670,04959;4657,603306;6,611570248;949,1735537;13,03305785;0,041322314;208,677686;5349,256198;73,47107438;0,231404959;1176,041322;6,94214876;73,01652893;9,47107438;0,066115702;14,25619835;407,8512397;52,91735537;0,363636364;79,62809917;4616,280992;True;4;False;1;False;1;;;;;
19.06.2025;4564,454545;26,6446281;;2146,900826;11857,31405;4498,338843;6,611570248;985,2066116;;;285,1239669;5362,471074;;;1551,92562;6,94214876;64,75206612;10,00826446;0,05785124;12,60330579;352,446281;54,47107438;0,32231405;68,60330579;4498,338843;True;4;False;1;False;1;;;;;
20.06.2025;4507,272727;26,24793388;;2550,446281;13909,61983;4441,157025;6,694214876;880,9917355;17,66942149;0,429752066;233,4710744;4734,272727;94,95041322;2,32231405;1254,628099;6,94214876;53,46280992;7,404958678;0,041322314;8,26446281;287,2975207;39,7768595;0,223140496;44,41322314;4441,157025;True;4;False;1;False;1;;;;;
21.06.2025;4670,752066;25,92561983;;2927,77686;16546,66942;4604,636364;6,611570248;1112,396694;;;150,8264463;6197,842975;;;840,3471074;6,776859504;32,62809917;4,628099174;0,041322314;6,198347107;179,1818182;25,39669421;0,223140496;34,04132231;4538,520661;True;4;False;1;False;1;;;;;
22.06.2025;4793,14876;25,98347107;;2671,123967;15491,7686;4727,033058;6,611570248;685,1570248;11,47933884;0,148760331;115,7024793;3918,900826;65,65289256;0,851239669;661,785124;6,694214876;72,26446281;4,066115702;0,041322314;12,39669421;407,553719;22,94214876;0,231404959;69,91735537;4660,917355;True;4;False;1;False;1;;;;;
23.06.2025;4826,297521;26,09917355;3,826446281;2209,92562;12905,58678;4760,181818;6,52892562;708,0495868;;;93,38842975;4078,239669;;;537,9008264;6,94214876;62,84297521;5,67768595;0,074380165;19,62809917;356,9338843;32,25619835;0,404958678;111,4876033;4694,066116;True;4;False;1;False;1;;;;;
24.06.2025;4793,256198;26,09917355;;2190,809917;12706,32231;4727,140496;6,694214876;830,4132231;9,578512397;0,115702479;86,7768595;4749,834711;54,78512397;0,661157025;496,3471074;7,024793388;53,4214876;0,595041322;0,041322314;26,85950413;301,2892562;3,338842975;0,231404959;151,4793388;4661,024793;True;4;False;1;False;1;;;;;
25.06.2025;4771,22314;26,08264463;;1393,041322;10052,84298;4705,107438;6,694214876;562,9752066;;;95,04132231;3205,115702;;;541,0909091;7,024793388;145,9090909;11,6446281;0,090909091;51,65289256;819,0165289;65,36363636;0,520661157;289,9338843;4638,991736;True;4;False;1;False;1;;;;5,384297521;
26.06.2025;4738,61157;25,96694215;;2582,595041;14807,85124;4672,495868;6,52892562;1742,355372;9,619834711;0,041322314;681,8181818;9850,785124;54,38016529;0,231404959;3854,809917;6,94214876;113,2231405;13,58677686;0,041322314;18,59504132;631,0743802;75,71900826;0,231404959;103,6446281;4606,380165;True;4;False;1;False;1;;;;;
27.06.2025;4718,61157;26,11570248;1,26446281;2269,735537;12959,06612;4652,495868;6,611570248;983,9669421;;;117,768595;5539,256198;;;662,9834711;6,94214876;115,2066116;17,28099174;0,041322314;18,38842975;639,338843;95,87603306;0,231404959;102,0495868;4586,380165;True;4;False;1;False;1;;;;;
28.06.2025;4748,14876;26,12396694;;2619,214876;15048,08264;4682,033058;6,611570248;1041,322314;14,04132231;0,404958678;101,2396694;5899,363636;79,55371901;2,305785124;573,5454545;6,94214876;95;11,98347107;0,074380165;16,52892562;530,6033058;66,92561983;0,404958678;92,32231405;4615,917355;True;4;False;1;False;1;;;;;
29.06.2025;4725,22314;26,29752066;;2845,975207;16271,8843;4659,107438;6,611570248;1167,768595;;;316,1157025;6583,31405;;;1782,107438;6,94214876;459,0909091;14,7107438;0,05785124;314,0495868;2551,404959;81,76859504;0,314049587;1745,338843;4592,991736;True;4;False;1;False;1;;;;;
30.06.2025;4728,396694;26,39669421;2,338842975;2381,743802;13626,82645;4662,280992;6,52892562;1009,545455;18,37190083;0,214876033;231,4049587;5695,206612;103,6363636;1,20661157;1305,438017;6,94214876;109,785124;13,60330579;0,099173554;140,4958678;610,553719;75,6446281;0,561983471;781,3471074;4596,165289;True;4;False;1;False;1;;;;;
01.07.2025;4601,289256;26,41322314;;2519,900826;14029,66942;4535,173554;6,52892562;1210,140496;;;322,3140496;6640,719008;;;1768,719008;7,024793388;99,69421488;13,05785124;0,090909091;20,24793388;539,0991736;70,61157025;0,479338843;109,4958678;4469,057851;True;4;False;1;False;1;;;;;
02.07.2025;4616,553719;26,74380165;;2435,644628;13605,55372;4550,438017;6,52892562;875,7768595;11,98347107;0,082644628;105,3719008;4822,049587;65,98347107;0,462809917;580,1818182;6,94214876;134,6694215;11,43801653;0,066115702;23,96694215;730,7190083;62,0661157;0,371900826;130,0413223;4484,322314;True;4;False;1;False;1;;;;;
03.07.2025;4714,578512;26,65289256;;2661,107438;15180,65289;4648,46281;6,446280992;947,7024793;;;111,5702479;5330,487603;;;627,5454545;6,94214876;156,785124;11,52066116;0,066115702;26,44628099;869,3140496;63,87603306;0,355371901;146,6363636;4582,347107;True;4;False;1;False;1;;;;;
04.07.2025;4713,826446;26,7768595;;2712,033058;15468,72727;4647,710744;6,198347107;1242,289256;7,132231405;0,041322314;289,2561983;6986,305785;40,10743802;0,231404959;1626,702479;6,776859504;106,8181818;10,76859504;0,066115702;16,52892562;594,3057851;59,90909091;0,355371901;91,95867769;4598,123967;True;4;False;1;False;1;;;;;
05.07.2025;4790,900826;26,85950413;;2322,719008;13464,77686;4724,785124;6,52892562;1037,867769;;;107,4380165;5933,487603;;;614,2231405;6,94214876;106,7107438;6,123966942;0,05785124;16,52892562;601,5289256;34,51239669;0,32231405;93,17355372;4658,669421;True;4;False;1;False;1;115,7933884;298,9132231;853,2520661;;
06.07.2025;4751,429752;27,24793388;;2689,826446;15464,40496;4685,31405;6,52892562;1012,809917;7,801652893;0,314049587;90,90909091;5741,85124;44,2231405;1,776859504;515,3801653;6,94214876;119,0909091;4,67768595;0,140495868;37,19008264;665,6280992;26,15702479;0,785123967;207,8677686;4619,198347;True;4;False;1;False;1;;;;;
07.07.2025;4823,471074;27,58677686;1,280991736;2995,446281;17482,61157;4757,355372;6,611570248;1016,115702;;;107,4380165;5849,173554;;;618,4545455;7,024793388;118,9256198;2,388429752;0,115702479;19,83471074;675,0661157;13,54545455;0,636363636;112,5867769;4691,239669;True;4;False;1;False;1;;;;;
08.07.2025;4755,710744;27,32231405;;2699,958678;15536,65289;4689,595041;6,611570248;1003,429752;7,809917355;0,305785124;90,90909091;5693,867769;44,31404959;1,752066116;515,8512397;6,94214876;94,72727273;2,363636364;0,140495868;20,66115702;529,9421488;13,23966942;0,801652893;115,5867769;4623,479339;True;4;False;1;False;1;;;;;
09.07.2025;4787,322314;27,23140496;;3021,38843;17501,84298;4721,206612;6,52892562;1019,338843;;;66,11570248;5823,132231;;;377,6942149;6,94214876;234,4628099;;;19,00826446;1320,644628;;;107,0661157;4655,090909;True;4;False;1;False;1;;;;;
10.07.2025;4744,132231;27,46280992;;2609;14976,67769;4678,016529;6,446280992;914,3140496;5,842975207;0,041322314;165,2892562;5175,380165;33,04958678;0,231404959;935,6033058;6,94214876;105,7107438;4,47107438;0,041322314;12,39669421;594,1322314;25,1322314;0,231404959;69,67768595;4644,958678;True;4;False;1;False;1;;;;;
11.07.2025;4744,578512;28;;2690,396694;15445,3719;4678,46281;6,363636364;945,9752066;;;235,5371901;5355,107438;;;1333,363636;6,94214876;181,4958678;4,570247934;0,041322314;28,92561983;1020,173554;25,68595041;0,231404959;162,5867769;4645,404959;True;4;False;1;False;1;;;;;
12.07.2025;4712,900826;27,47933884;;2939;16759,95041;4712,900826;6,611570248;785,446281;5,73553719;0,049586777;107,4380165;4479,090909;32,70247934;0,272727273;612,677686;6,94214876;94,55371901;7,47107438;0,041322314;19,83471074;539,2066116;42,5785124;0,239669422;113,107438;4712,900826;True;4;False;1;False;1;;;;33,75867769;
13.07.2025;4782,834711;26,69421488;;2998,793388;17354,68595;4716,719008;6,446280992;1214,983471;;;272,7272727;6934,181818;;;1556,512397;6,94214876;106,7107438;6,58677686;0,041322314;14,46280992;609,0247934;37,57024793;0,239669422;82,54545455;4716,719008;True;4;False;1;False;1;;;;;
14.07.2025;4586,752066;25,96694215;1,305785124;2967,140496;16467,54545;4586,752066;6,694214876;945,4545455;3,628099174;0,123966942;95,04132231;5247,247934;20,14049587;0,694214876;527,4793388;7,024793388;106,8842975;7,446280992;0,05785124;15,2892562;593,2066116;41,34710744;0,338842975;84,85123967;4586,752066;True;4;False;1;False;1;;;;;
15.07.2025;4659,818182;25,51239669;;3071,694215;17319,38843;4659,818182;6,694214876;1043,636364;;;95,04132231;5884,421488;;;535,8760331;7,024793388;110,1735537;7,719008264;0,05785124;24,79338843;621,1983471;43,52066116;0,314049587;139,7933884;4659,818182;True;4;False;1;False;1;;;;;
16.07.2025;4721,719008;25,33884298;;3320;18968,09091;4672,132231;6,611570248;1515,520661;3,760330579;0,132231405;330,5785124;8567,661157;21,23140496;0,727272727;1868,85124;7,024793388;116,1487603;6,231404959;0,107438017;20,66115702;656,6198347;35,23140496;0,595041322;116,8016529;4672,132231;True;4;False;1;False;1;;;;;
17.07.2025;4717,14876;25,23140496;;3408,165289;19452,94215;4651,033058;6,52892562;1441,917355;;;289,2561983;8114,752066;;;1627,859504;6,776859504;114,214876;;;28,92561983;642,7768595;;;162,785124;4651,033058;True;4;False;1;False;1;;;;;
18.07.2025;4735,867769;25,07438017;;3123,628099;17899,61157;4669,752066;6,776859504;1305,272727;3,239669421;0,041322314;194,214876;7375,305785;18,2892562;0,231404959;1097,38843;6,94214876;213,1487603;3,198347107;0,049586777;37,19008264;1204,371901;18,0661157;0,289256198;210,1404959;4669,752066;True;4;False;1;False;1;;;;;
19.07.2025;4820,694215;25,19834711;;2566,016529;14967,65289;4754,578512;6,611570248;774,3636364;;;119,8347107;4454,942149;;;689,4132231;7,024793388;281,0826446;3,148760331;0,090909091;132,231405;1594,595041;17,87603306;0,495867769;750,1570248;4688,46281;True;4;False;1;False;1;;;;;
20.07.2025;4757,760331;24,97520661;;2358,884298;13579,82645;4691,644628;6,611570248;1003,404959;3,487603306;0,090909091;132,231405;5696,214876;19,80991736;0,504132231;750,661157;7,107438017;109,5123967;3,776859504;0,074380165;28,92561983;612,9256198;21,14049587;0,429752066;161,892562;4625,528926;True;4;False;1;False;1;;;;;
21.07.2025;4581,008264;24,96694215;1,32231405;2557,801653;14177,93388;4514,892562;6,611570248;913,7603306;;;264,4628099;4991,892562;;;1444,768595;7,024793388;111,0991736;3,925619835;0,090909091;24,79338843;598,0495868;21,12396694;0,47107438;133,4628099;4448,77686;True;4;False;1;False;1;;;;;
22.07.2025;4694,247934;25,09090909;;2826,661157;16055,55372;4628,132231;6,694214876;1110,743802;1,719008264;0,752066116;429,7520661;6220,206612;9,636363636;4,198347107;2406,628099;7,107438017;116,7520661;2,73553719;0,132231405;31,40495868;644,4793388;15,09917355;0,719008265;173,3553719;4562,016529;True;4;False;1;False;1;;;;;
23.07.2025;4674,31405;25,50413223;;2452,933884;13873,59504;4608,198347;6,694214876;1091,487603;;;413,2231405;6086,049587;;;2304,099174;7,107438017;99,84297521;2,67768595;0,140495868;107,4380165;550,7272727;14,76859504;0,768595041;592,6198347;4558,61157;True;4;False;1;False;1;;;;;
24.07.2025;4676,991736;25,95867769;;3421,595041;19363,32231;4610,876033;6,611570248;1131,966942;1,719008264;0,743801653;198,3471074;6315,421488;9,570247934;4,157024793;1106,61157;7,024793388;112,3884298;2,710743802;0,132231405;24,79338843;618,6033058;14,90082645;0,73553719;136,4628099;4548,892562;True;4;False;1;False;1;;;;;
25.07.2025;4599,421488;25,8677686;;2995,190083;16669,1157;4533,305785;6,611570248;841,785124;;;66,11570248;4617,446281;;;362,661157;7,024793388;99,66115702;;;20,66115702;539,1983471;;;111,785124;4471,322314;True;4;False;1;False;1;;;;;
26.07.2025;4676,553719;25,85950413;;3186,942149;18033,73554;4610,438017;6,52892562;948,785124;3,438016529;0,289256198;111,5702479;5292,92562;19,19008264;1,595041322;622,4132231;7,024793388;267,0826446;3,123966942;0,115702479;76,85950413;1469,92562;17,17355372;0,644628099;423,0082645;4548,454545;True;4;False;1;False;1;;;;;
27.07.2025;4713,735537;25,58677686;;3475,652893;19823,77686;4647,619835;6,611570248;1294,768595;;;404,9586777;7281,280992;;;2277,330579;7,024793388;195,3636364;3,305785124;0,148760331;42,14876033;1084;18,32231405;0,818181818;233,8677686;4585,636364;True;4;False;1;False;1;;;;;
28.07.2025;4719,958678;25,41322314;1,305785124;2415,586777;13795,80165;4670,371901;6,694214876;687,9586777;3,256198347;0,52892562;90,90909091;3887,760331;18,4214876;2,991735537;513,7438017;7,107438017;106,3719008;3,52892562;0,074380165;20,66115702;594,7438017;19,72727273;0,404958678;115,5206612;4620,785124;True;4;False;1;False;1;;;;;
29.07.2025;4709,214876;24,85950413;;2429,77686;13845,22314;4676,157025;6,611570248;688,2892562;;;90,90909091;3894,446281;;;514,3801653;7,024793388;91,26446281;4,818181818;0,082644628;16,52892562;509,0909091;26,89256198;0,454545455;92,19834711;4610,041322;True;4;False;1;False;1;;;;;
30.07.2025;4698,479339;24,76859504;;2498,173554;14202,49587;4665,421488;6,776859504;649,0909091;2,272727273;0,107438017;82,6446281;3664,22314;12,82644628;0,619834711;466,5454545;7,107438017;104,5950413;4,289256198;0,041322314;19,00826446;582,0909091;23,89256198;0,231404959;105,785124;4599,305785;True;4;False;1;False;1;;;;;
31.07.2025;4699,520661;24,73553719;;2718,809917;15460,29752;4641,669421;6,776859504;763,8842975;;;157,0247934;4290,289256;;;881,9173554;7,107438017;72,83471074;4,024793388;0,041322314;15,70247934;403,9752066;22,29752066;0,231404959;87,09090909;4583,818182;True;4;False;1;False;1;;;;;
01.08.2025;4634,446281;24,57024793;1,140495868;2392,834711;13418,22314;4634,446281;6,611570248;591,2066116;0,553719008;0,090909091;82,6446281;3315,297521;3,082644628;0,487603306;463,446281;7,107438017;86,57024793;2,818181818;0,082644628;20,66115702;478,5289256;15,57024793;0,438016529;114,2066116;4568,330579;True;4;False;1;False;1;;;;;
02.08.2025;4544,090909;24,60330579;;2932,603306;16124,4876;4544,090909;6,611570248;821,6363636;;;107,4380165;4517,644628;;;590,7355372;7,024793388;92,67768595;2,661157025;0,049586777;16,52892562;509,5785124;14,65289256;0,26446281;90,88429752;4544,090909;True;4;False;1;False;1;;;;;
03.08.2025;4715,644628;24,59504132;;3037,272727;17330,46281;4666,057851;6,694214876;1238,677686;0,462809917;0,05785124;338,8429752;6993,487603;2,611570248;0,305785124;1913,082645;7,024793388;99,37190083;0,487603306;0,099173554;18,18181818;557,0743802;2,710743802;0,537190083;101,9256198;4633;True;4;False;1;False;1;;;;;
04.08.2025;4642,396694;25,03305785;1,05785124;2734,661157;15361,38843;4592,809917;6,446280992;1088,92562;;;144,6280992;6051,479339;;;803,7438017;6,859504132;87,91735537;0,818181818;0,090909091;43,38842975;485,0661157;4,52892562;0,495867769;239,3884298;4559,752066;True;4;False;1;False;1;;;;;
05.08.2025;4700,793388;25,54545455;;2647,190083;15057,1157;4634,677686;6,446280992;1185,371901;1,719008264;0,132231405;330,5785124;6647,520661;9,644628099;0,760330579;1853,867769;6,859504132;111,9834711;0,743801653;0,041322314;16,94214876;619,0413223;4,099173554;0,231404959;93,65289256;4568,561983;True;4;False;1;False;1;;;;;
06.08.2025;4669,173554;26,03305785;;2588,793388;14625,90083;4603,057851;6,446280992;942,0661157;;;173,553719;5247,024793;;;966,6446281;6,859504132;98,59504132;0,280991736;0,041322314;21,07438017;541,2561983;1,553719008;0,223140496;115,6942149;4536,942149;True;4;False;1;False;1;;;;;
07.08.2025;4697,289256;25,90909091;;2265,727273;12877,7438;4631,173554;6,52892562;761,7024793;0,487603306;0,347107438;140,4958678;4268,371901;2,73553719;1,94214876;787,2975207;6,859504132;106,2892562;0,545454546;0,107438017;14,87603306;587,1157025;3,016528926;0,595041322;82,17355372;4565,057851;True;4;False;1;False;1;;;;;
08.08.2025;4590,231405;25,8677686;;2588,066116;14374,59504;4557,173554;6,52892562;774,661157;;;154,9586777;4271,619835;;;854,4710744;6,859504132;105,5041322;0,553719008;0,107438017;16,52892562;581,768595;3,066115702;0,570247934;91,14049587;4557,173554;True;4;False;1;False;1;;;;;
09.08.2025;4714,702479;25,96694215;;2837,338843;16186,40496;4648,586777;6,52892562;789,7024793;0,438016529;0,041322314;157,0247934;4441,909091;2,479338843;0,231404959;883,231405;6,859504132;87,82644628;3,090909091;0,082644628;14,04958678;489,1735537;17,19834711;0,462809917;78,25619835;4603,132231;True;4;False;1;False;1;;;;;
10.08.2025;4707,900826;25,72727273;;2995,743802;17065,44628;4707,900826;6,446280992;698,5123967;;;66,11570248;3979,123967;;;376,6363636;6,859504132;96,34710744;2,256198347;0,05785124;16,52892562;548,8512397;12,85950413;0,330578512;94,15702479;4707,900826;True;4;False;1;False;1;;;;;
11.08.2025;4836,92562;25,74380165;2,148760331;3078,586777;18017,97521;4770,809917;6,611570248;1244,132231;0,801652893;0,074380165;557,8512397;7181,983471;4,644628099;0,421487603;3220,297521;6,94214876;101,8181818;4,074380165;0,090909091;22,72727273;581,6528926;23,26446281;0,520661157;129,8347107;4721,22314;True;4;False;1;False;1;;;;;
12.08.2025;4731,859504;25,71900826;;3241,479339;18559,2562;4665,743802;6,52892562;927,768595;;;256,1983471;5237,768595;;;1446,380165;6,859504132;103,1652893;4,016528926;0,107438017;17,3553719;576,231405;22,41322314;0,595041322;96,94214876;4616,157025;True;4;False;1;False;1;109,2927273;280,7755372;494,5661983;;
13.08.2025;4582,46281;25,69421488;;3114,900826;17271,42975;4516,347107;6,52892562;983,3057851;0,884297521;0,388429752;152,892562;5373,553719;4,809917355;2,123966942;835,5289256;6,859504132;227,6446281;5,20661157;0,041322314;163,2231405;1230,371901;28,1322314;0,223140496;882,1900826;4466,760331;True;4;False;1;False;1;;;;;
14.08.2025;4590,644628;25,73553719;;3181,140496;17670,18182;4524,528926;6,52892562;983,3884298;;;330,5785124;5383,735537;;;1809,809917;6,859504132;56,23966942;1,016528926;0,041322314;16,94214876;303,3966942;5,462809917;0,223140496;91,39669421;4458,413223;True;4;False;1;False;1;;;;;
15.08.2025;4696,661157;25,5785124;;2911,355372;16545,09917;4580,958678;6,52892562;1309,917355;0,644628099;0,487603306;289,2561983;7260,818182;3,570247934;2,685950413;1603,338843;6,859504132;193,3884298;0,876033058;0,05785124;123,9669421;1056,471074;4,785123967;0,32231405;677,2231405;4514,842975;True;4;False;1;False;1;;;;;
16.08.2025;4696;25,49586777;;2550,735537;14493,67769;4629,884298;6,52892562;1064,46281;;;167,3553719;5963,289256;;;937,553719;6,859504132;138,0165289;0,958677686;0,041322314;29,75206612;762,1487603;5,297520661;0,231404959;164,2975207;4563,768595;True;4;False;1;False;1;;;;;
17.08.2025;4775,61157;25,4214876;;2355,561983;13611,56198;4709,495868;6,611570248;803,6528926;1,256198347;0,041322314;93,38842975;4579,603306;7,173553719;0,231404959;532,1735537;6,94214876;116,3305785;0,388429752;0,099173554;19,83471074;653,6033058;2,181818182;0,545454546;111,4380165;4643,380165;True;4;False;1;False;1;;;;;
18.08.2025;4618,752066;25,37190083;4,983471074;2467,818182;13791,8843;4618,752066;6,52892562;814,4958678;;;90,90909091;4551,966942;;;508,0661157;6,859504132;102,4297521;0,760330579;0,05785124;20,66115702;567,3305785;4,214876033;0,338842975;114,4380165;4577,429752;True;4;False;1;False;1;;;;;
19.08.2025;4791,884298;25,47933884;5,165289256;2516,479339;14636,14876;4725,768595;6,52892562;793,553719;0,73553719;0,041322314;95,04132231;4537,68595;4,223140496;0,239669422;543,4628099;6,94214876;119,0909091;0,520661157;0,107438017;18,18181818;676,2231405;2,950413223;0,603305785;103,2396694;4692,710744;True;4;False;1;False;1;;;;;
20.08.2025;4744,958678;25,5785124;;2505,214876;14383,43802;4678,842975;6,611570248;729,0909091;;;95,04132231;4127,669421;;;538,0661157;6,859504132;108,9256198;0,702479339;0,132231405;18,18181818;611,768595;3,94214876;0,752066116;102,1157025;4641,652893;True;4;False;1;False;1;;;;;
21.08.2025;4616,016529;25,34710744;;2331,247934;13020,90909;4616,016529;6,611570248;725,8264463;2,950413223;0,628099174;101,2396694;4054,016529;16,47933884;3,495867769;565,4628099;6,94214876;115,2892562;0,669421488;0,140495868;18,59504132;634,7107438;3,67768595;0,760330579;102,3719008;4549,900826;True;4;False;1;False;1;;;;;
22.08.2025;4610,380165;25,20661157;;2903,099174;16195,10744;4593,85124;6,52892562;720,0826446;;;95,04132231;4002,619835;;;528,2892562;6,94214876;90,66115702;1,611570248;0,123966942;22,72727273;499,4132231;8,892561983;0,67768595;125,1983471;4552,528926;True;4;False;1;False;1;;;;;
23.08.2025;4547,14876;25,38016529;;2678,876033;14739,29752;4547,14876;6,52892562;767,768595;0,297520661;0,58677686;126,0330579;4224,305785;1,611570248;3,231404959;693,4380165;6,94214876;106,6033058;1,859504132;0,041322314;19,00826446;578,5454545;10,09090909;0,223140496;103,1570248;4485,165289;True;4;False;1;False;1;;;;;
24.08.2025;4574,041322;25,44628099;;3024,983471;16742,03306;4507,92562;6,52892562;962,8099174;;;299,5867769;5251,735537;;;1634,123967;6,776859504;89,88429752;1,462809917;0,041322314;20,66115702;489,8347107;7,958677686;0,223140496;112,5950413;4503,793388;True;4;False;1;False;1;;;;;
25.08.2025;4548,92562;25,84297521;5,165289256;2516,479339;13851,18182;4482,809917;6,446280992;929,5454545;1,842975207;0,107438017;288,4297521;5042,033058;9,983471074;0,561983471;1564,495868;6,859504132;108,2809917;2;0,140495868;41,32231405;586,7933884;10,85123967;0,752066116;223,9338843;4478,677686;True;4;False;1;False;1;;;;;
26.08.2025;4446,264463;26,1322314;;4208,049587;22639,19835;4380,14876;5,950413223;2143,057851;;;115,7024793;11358,15702;;;613,2231405;6,94214876;107,1487603;1,181818182;0,107438017;33,05785124;567,3471074;6,239669421;0,58677686;175,0413223;4376,016529;True;4;False;1;False;1;;;;;
27.08.2025;4473,743802;25,80165289;;5366,198347;29048,44628;4407,628099;6,611570248;1950,413223;1,900826446;0,041322314;276,8595041;10401,99174;10,12396694;0,223140496;1476,553719;6,859504132;214,9586777;1,438016529;0,190082645;43,38842975;1142,123967;7,619834711;1,008264463;230,5289256;4391,099174;True;4;False;1;False;1;;;;;
28.08.2025;4488,826446;25,37190083;;4314,363636;23433,33884;4422,710744;6,611570248;2732,231405;;;619,8347107;14621,47107;;;3317,033058;6,776859504;472,3966942;1,561983471;0,214876033;206,6115702;2518,570248;8,305785124;1,157024793;1101,545455;4406,181818;True;4;False;1;False;1;;;;4,780578512;
29.08.2025;4553,495868;25,18181818;;3892,256198;21445,23967;4487,380165;6,52892562;2508,429752;0,776859504;0,595041322;293,3884298;13620,09091;4,198347107;3,223140496;1593,016529;6,776859504;430,8264463;0,67768595;0,190082645;38,42975207;2304,801653;3,603305785;1,008264463;205,5867769;4421,264463;True;4;False;1;False;1;;;;;
30.08.2025;4568,454545;25,27272727;;3160,743802;17472,06612;4502,338843;6,52892562;1580,165289;;;241,7355372;8608,479339;;;1316,933884;6,859504132;451,4876033;0,669421488;0,314049587;142,5619835;2423,512397;3,578512397;1,669421488;765,2479339;4436,22314;True;4;False;1;False;1;;;;;
31.08.2025;4590,231405;24,89256198;;3027,603306;16815,84298;4524,115702;6,611570248;957,1900826;0,578512397;0,355371901;206,6115702;5239,826446;3,173553719;1,94214876;1131,024793;6,94214876;157,1983471;0,487603306;0,123966942;41,32231405;847,9586777;2,644628099;0,661157025;222,9008264;4458;True;4;False;1;False;1;;;;;
01.09.2025;4677,107438;25,05785124;5,41322314;2590,85124;14662,38843;4610,991736;6,611570248;954,7933884;;;272,7272727;5327,082645;;;1521,628099;7,024793388;200,5371901;0,685950413;0,082644628;41,32231405;1102,818182;3,785123967;0,47107438;227,2479339;4544,876033;True;4;False;1;False;1;;;;;
02.09.2025;4710,438017;25,24793388;;2712,520661;15460,35537;4644,322314;6,446280992;897,0661157;0,578512397;0,363636364;272,7272727;5041,173554;3,239669421;2,016528926;1532,628099;7,024793388;156,5371901;0,570247934;0,115702479;43,80165289;879,677686;3,214876033;0,628099174;246,1487603;4644,322314;True;4;False;1;False;1;;;;;
03.09.2025;4770,859504;25,20661157;;2953,619835;17050,49587;4704,743802;5,950413223;955,2231405;;;166,9421488;5437,842975;;;950,3553719;7,024793388;141,553719;0,595041322;0,115702479;47,9338843;805,8264463;3,388429752;0,652892562;272,8760331;4704,743802;True;4;False;1;False;1;;;;;
04.09.2025;4579,107438;25,32231405;;2244,380165;12435,47107;4512,991736;6,611570248;416,8677686;1,223140496;0,041322314;145,7355372;2276,396694;6,67768595;0,223140496;;7,024793388;117,0578512;0,661157025;0,041322314;47,10743802;639,2231405;3,611570248;0,223140496;257,2396694;4512,991736;True;4;False;1;False;1;;;;;
05.09.2025;4537,702479;24,95867769;;1990,008264;10926,38017;4537,702479;6,611570248;448,7603306;;;124,5289256;2463,966942;;;;7,024793388;156;0,644628099;0,041322314;33,05785124;856,5371901;3,537190083;0,223140496;181,5041322;4537,702479;True;4;False;1;False;1;;;;;
06.09.2025;4562,413223;25,15702479;;2971,983471;16406,87603;4562,413223;6,694214876;496,338843;4,785123967;0,041322314;103,3057851;2740,049587;26,43801653;0,231404959;570,2975207;7,107438017;96,01652893;5,396694215;0,041322314;28,92561983;530,0578512;29,78512397;0,231404959;159,6859504;4562,413223;True;4;False;1;False;1;;;;;
07.09.2025;4587,123967;25,81818182;;2573,305785;14282,91736;4587,123967;6,694214876;442,7355372;;;165,2892562;2457,363636;;;917,4214876;7,107438017;80,23140496;12,00826446;0,041322314;20,66115702;445,3140496;66,62809917;0,231404959;114,677686;4587,123967;True;4;False;1;False;1;3,438181818;20,92384298;1007,031405;;
08.09.2025;4611,834711;25,50413223;5,661157025;2487,049587;13878,49587;4611,834711;6,776859504;350,2479339;8,041322314;0,041322314;165,2892562;1954,495868;44,85123967;0,231404959;922,3636364;7,107438017;95;5,79338843;0,041322314;27,27272727;530,1322314;32,33884298;0,231404959;152,1900826;4611,834711;True;4;False;1;False;1;;;;;
09.09.2025;4636,545455;25,31404959;2,603305785;2063,553719;11576,98347;4636,545455;6,859504132;490,7438017;;;181,8181818;2753,181818;;;1020,041322;7,190082645;115,4297521;5,520661157;0,041322314;28,92561983;647,5867769;30,95041322;0,231404959;162,2809917;4636,545455;True;4;False;1;False;1;;;;;
10.09.2025;4793,487603;24,79338843;;2163,710744;12549,76033;4727,371901;6,694214876;438,7107438;4,876033058;0,041322314;139,6694215;2509,479339;27,89256198;0,239669422;798,9256198;7,190082645;116,6115702;5,380165289;0,041322314;49,58677686;657,7024793;30,3553719;0,231404959;279,677686;4661,256198;True;4;False;1;False;1;;;;;
11.09.2025;4768,61157;24,23140496;;2309,057851;13323,31405;4752,082645;6,694214876;580,3140496;;;157,0247934;3336,818182;;;902,892562;7,190082645;112,2561983;5,289256198;0,041322314;33,05785124;636,4958678;29,99173554;0,231404959;187,4380165;4685,966942;True;4;False;1;False;1;;;;;
12.09.2025;4760,264463;24,01652893;;2566,826446;14784,71074;4743,735537;6,694214876;681,892562;11,56198347;0,041322314;206,6115702;3914,008264;66,36363636;0,239669422;1185,933884;7,024793388;141,1487603;23,5785124;0,041322314;49,58677686;804,5371901;134,3719008;0,231404959;282,6363636;4710,677686;True;4;False;1;False;1;;;;;
13.09.2025;4735,38843;23,49586777;;1889,495868;10826,44628;4735,38843;6,776859504;301,1239669;;;173,553719;1725,38843;;;;7,272727273;156,5619835;21,5785124;0,041322314;49,58677686;897,0743802;123,6198347;0,239669422;284,1239669;4735,38843;True;4;False;1;False;1;;;;;
14.09.2025;4826,214876;22,80165289;;1565,900826;9144,413223;4826,214876;6,694214876;271,5619835;14,72727273;0,702479339;140,4958678;1585,842975;86;4,099173554;820,4545455;7,272727273;661,5289256;24,87603306;0,454545455;495,8677686;3810,214876;143,2561983;2,611570248;2856,057851;4760,099174;True;4;False;1;False;1;;;;5,030578512;
15.09.2025;4850,92562;22,37190083;2,603305785;1795,983471;10541,71901;4850,92562;6,859504132;270,1239669;;;119,8347107;1585,520661;;;703,3801653;7,272727273;304,5867769;27,85123967;0,768595041;214,8760331;1763,438017;161,2231405;4,446280992;1244,049587;4784,809917;True;4;False;1;False;1;;;;;
16.09.2025;4859,107438;22,38016529;;2048,024793;12041,40496;4859,107438;6,859504132;265,9504132;26,85950413;0,917355372;107,4380165;1563,661157;157,9173554;5,371900826;631,6859504;7,272727273;100,2479339;27,52066116;0,619834711;28,92561983;583,3966942;160,1570248;3,619834711;168,3305785;4809,520661;True;4;False;1;False;1;;;;;
17.09.2025;4208,140496;22,42975207;;1776,578512;9046,082645;4208,140496;6,859504132;247,5206612;;;111,5702479;1260,338843;;;568,0991736;7,272727273;104,2066116;21,18181818;0,611570248;28,92561983;528,5206612;107,4132231;3,107438017;146,7024793;4191,61157;True;4;False;1;False;1;;;;;
18.09.2025;4297,793388;22,27272727;;1797,305785;9346,578512;4297,793388;6,776859504;282,3140496;26,69421488;0,909090909;97,52066116;1468,123967;138,8181818;4,743801653;507,1404959;7,190082645;89,21487603;21,18181818;0,603305785;27,27272727;462,1652893;109,7107438;3,140495868;141,2809917;4281,264463;True;4;False;1;False;1;;;;;
19.09.2025;4383,603306;22,19834711;;1649,256198;8747,917355;4383,603306;6,776859504;171,0909091;;;90,90909091;907,4958678;;;482,1983471;7,190082645;87,61157025;21,32231405;0,603305785;24,79338843;464,7024793;113,0991736;3,181818182;131,5041322;4383,603306;True;4;False;1;False;1;;;;;
20.09.2025;4371,669421;22,04132231;;1268,338843;6709,14876;4371,669421;6,859504132;139,892562;20,90082645;0,041322314;70,24793388;739,9917355;110,5619835;0,214876033;371,5950413;7,024793388;67,75206612;2,05785124;2,388429752;22,31404959;358,3884298;10,90082645;12,65289256;118,0330579;4371,669421;True;4;False;1;False;1;;;;;
21.09.2025;4448,950413;21,79338843;;1595,694215;8589,975207;4448,950413;6,776859504;152,4958678;;;86,7768595;820,9173554;;;467,1404959;7,107438017;97,25619835;0,636363636;3,917355372;18,59504132;523,553719;3,429752066;21,0661157;100,0991736;4448,950413;True;4;False;1;False;1;;;;;
22.09.2025;4550,049587;21,81818182;2,190082645;1509,421488;8310,214876;4550,049587;6,776859504;121,2644628;24,70247934;0,041322314;70,24793388;667,6280992;136;0,231404959;386,7520661;7,107438017;65,15702479;0,842975207;5,132231405;16,52892562;358,7272727;4,644628099;28,25619835;91;4550,049587;True;4;False;1;False;1;;;;;
23.09.2025;4576,727273;22,95867769;;1046;5792,595041;4576,727273;6,859504132;97,59504132;;;57,85123967;540,4628099;;;320,3719008;7,024793388;73,26446281;0,644628099;6,181818182;24,79338843;405,7272727;3,58677686;34,2231405;137,3057851;4576,727273;True;4;False;1;False;1;;;;;
24.09.2025;4628,842975;23,66942149;;1932,157025;10821,83471;4628,842975;6,776859504;243,8016529;37,80165289;8,256198347;66,11570248;1365,512397;211,7107438;46,23140496;370,3057851;7,024793388;65,39669421;0,545454546;6,694214876;18,18181818;366,2809917;3,05785124;37,48760331;101,8347107;4628,842975;True;4;False;1;False;1;;;;;
25.09.2025;4563,429752;25,59504132;;3406,77686;18811,36364;4563,429752;6,694214876;383,8842975;;;126,0330579;2119,710744;;;695,9256198;6,94214876;52,70247934;0,652892562;5,917355372;20,66115702;291,0082645;3,611570248;32,67768595;114,0826446;4563,429752;True;4;False;1;False;1;;;;;
26.09.2025;4807,818182;25,19008264;;2958,826446;17212,81818;4807,818182;6,52892562;345,7272727;37,56198347;8,214876033;132,231405;2011,256198;218,5123967;47,76859504;769,2479339;6,776859504;55,8677686;0,661157025;5,892561983;49,58677686;325,0082645;3,834710744;34,28099174;288,4710744;4807,818182;True;4;False;1;False;1;;;;;
27.09.2025;4636,727273;24,31404959;;3111,231405;17455,35537;4636,727273;6,694214876;467,8512397;;;114,0495868;2624,85124;;;639,8677686;6,94214876;59,10743802;40,31404959;8,181818182;25,61983471;331,6198347;226,1570248;45,88429752;143,7355372;4636,727273;True;4;False;1;False;1;;;;;
28.09.2025;4666,330579;24,8677686;;2800,14876;15810,33884;4666,330579;6,776859504;548,6363636;0,47107438;2,58677686;111,5702479;3097,743802;2,669421488;14,61157025;629,9504132;7,024793388;65,2892562;0,570247934;6,652892562;16,11570248;368,6363636;3,231404959;37,54545455;90,99173554;4666,330579;True;4;False;1;False;1;;;;;
29.09.2025;4702,123967;25,82644628;2,148760331;2380,008264;13541,24793;4702,123967;6,694214876;375,0743802;;;103,3057851;2134,016529;;;587,768595;7,107438017;48,29752066;0,355371901;4,049586777;13,2231405;274,7933884;2,008264463;23,03305785;75,23140496;4702,123967;True;4;False;1;False;1;;;;;
30.09.2025;4620,85124;25,51239669;;2788,247934;15589,70248;4620,85124;6,694214876;502,5454545;0,479338843;6,58677686;90,90909091;2809,842975;2,685950413;36,80991736;508,2892562;7,024793388;46,60330579;0,487603306;6,933884298;16,52892562;260,5702479;2,743801653;38,74380165;92,41322314;4620,85124;True;4;False;1;False;1;;;;;
01.10.2025;4513,024793;26,00826446;;3269,876033;17856,01653;4513,024793;6,611570248;527,338843;;;82,6446281;2879,669421;;;451,3057851;7,024793388;49,31404959;0,58677686;6,512396694;12,39669421;269,2892562;3,214876033;35,56198347;67,69421488;4513,024793;True;4;False;1;False;1;;;;;
02.10.2025;4419,181818;26,54545455;;2915,520661;15589,8843;4419,181818;6,52892562;553,1818182;0,603305785;3,239669421;74,38016529;2957,983471;3,239669421;17,29752066;397,7272727;7,107438017;42,4214876;0,504132231;5,884297521;14,87603306;226,8347107;2,710743802;31,46280992;79,54545455;4419,181818;True;4;False;1;False;1;;;;;
03.10.2025;4593,322314;26,68595041;;2730,619835;15176,56198;4585,057851;6,776859504;472,7272727;;;123,9669421;2622,652893;;;687,7603306;7,107438017;44,44628099;0,52892562;5,115702479;19,00826446;246,5867769;2,950413223;28,38016529;105,4545455;4585,057851;True;4;False;1;False;1;;;;;
04.10.2025;4729,181818;26,34710744;;2956,14876;16916;4687,859504;6,694214876;707,338843;1,314049587;3,173553719;163,6363636;4012,247934;7,438016529;18,01652893;928,1983471;7,107438017;55,30578512;0,752066116;3,818181818;11,15702479;313,7107438;4,256198347;21,63636364;63,2892562;4687,859504;True;4;False;1;False;1;;;;;
05.10.2025;4666,570248;26,20661157;;2671,884298;15086,90909;4625,247934;6,611570248;463,9586777;;;115,7024793;2596,570248;;;647,5371901;6,94214876;49,95041322;0,669421488;4,033057851;14,54545455;279,553719;3,760330579;22,57024793;81,40495868;4625,247934;True;4;False;1;False;1;;;;;
06.10.2025;4593,297521;26,2231405;2,685950413;2622,528926;14575,73554;4551,975207;6,611570248;450,1652893;0,578512397;1,644628099;66,11570248;2479,46281;3,190082645;9,05785124;364,1570248;7,107438017;40,46280992;0,479338843;0,256198347;15,70247934;222,8677686;2,628099174;1,421487603;86,48760331;4551,975207;True;4;False;1;False;1;;;;;
07.10.2025;4705,586777;26,51239669;;2464,950413;14034,81818;4639,471074;6,694214876;390,1818182;;;90,90909091;2190,38843;;;510,338843;7,190082645;51,74380165;0,330578512;1,752066116;24,79338843;290,4793388;1,851239669;9,818181818;139,1818182;4639,471074;True;4;False;1;False;1;;;;;
08.10.2025;4643,520661;26,45454545;;2927,859504;16450,66942;4577,404959;6,776859504;460,9917355;0,504132231;0,041322314;95,04132231;2553,280992;2,776859504;0,231404959;526,4049587;7,190082645;49,47933884;0,355371901;7,049586777;18,18181818;274,0495868;1,983471074;39,02479339;100,7024793;4577,404959;True;4;False;1;False;1;;;;;
09.10.2025;4714,752066;26,56198347;2,685950413;2945,247934;16802,20661;4673,429752;6,776859504;413,3057851;;;103,3057851;2337,181818;;;584,1818182;7,107438017;56,44628099;1,090909091;7,363636364;15,70247934;319,1983471;6,165289256;41,65289256;88,79338843;4673,429752;True;4;False;1;False;1;;;;;
10.10.2025;4708,132231;26,46280992;;2937,966942;16737,13223;4642,016529;6,776859504;465,2892562;1,049586777;4,008264463;109,5041322;2613,454545;5,884297521;22,51239669;615,0661157;7,272727273;48,53719008;0,611570248;7,603305785;16,52892562;272,6280992;3,454545455;42,69421488;92,84297521;4642,016529;True;4;False;1;False;1;;;;;
11.10.2025;4676,727273;26,95867769;;2604,719008;14739,68595;4610,61157;6,776859504;402,892562;;;66,11570248;2247,669421;;;368,8512397;7,272727273;50,79338843;0,669421488;6,504132231;16,52892562;283,3719008;3,743801653;36,2892562;92,21487603;4610,61157;True;4;False;1;False;1;;;;;
12.10.2025;4976,958678;27,14876033;;2646,479339;15937,40496;4910,842975;6,859504132;399,1404959;0,710743802;7,909090909;119,8347107;2371,743802;4,231404959;47;712,0743802;7,272727273;53,95041322;0,966942149;1,140495868;17,76859504;320,5785124;5,768595041;6,785123967;105,5867769;4910,842975;True;4;False;1;False;1;;;;;
13.10.2025;4957,512397;26,95041322;5,289256198;2965,561983;17789,17355;4891,396694;6,859504132;483,6528926;;;151,2396694;2862,545455;;;895,1239669;7,272727273;41,42975207;0,917355372;1,26446281;24,79338843;245,2066116;5,404958678;7,47107438;146,7438017;4891,396694;True;4;False;1;False;1;;;;;
14.10.2025;4886,603306;26,46280992;;2942,355372;17397,53719;4886,603306;6,776859504;542,0247934;0,495867769;6,685950413;165,2892562;3204,884298;2,94214876;39,50413223;977,322314;7,190082645;52,99173554;0,504132231;7,223140496;24,79338843;313,3305785;2,975206612;42,72727273;146,5950413;4886,603306;True;4;False;1;False;1;;;;;
15.10.2025;4823,702479;26,61983471;;2558,099174;14930,80992;4823,702479;6,776859504;535,4545455;;;132,231405;3125,280992;;;771,7933884;7,190082645;32,3553719;0,867768595;7,578512397;28,92561983;188,8512397;5,05785124;44,23140496;168,8264463;4823,702479;True;4;False;1;False;1;;;;;
16.10.2025;4687,454545;26,73553719;;2964,38843;16813,47934;4687,454545;6,776859504;569,7520661;0,694214876;0,041322314;128,0991736;3231,528926;3,950413223;0,231404959;726,553719;7,190082645;66,79338843;0,347107438;7,801652893;18,18181818;378,8429752;1,983471074;44,23140496;103,1239669;4687,454545;True;4;False;1;False;1;;;;;
17.10.2025;4872,743802;26,95867769;;2992,768595;17645,42149;4839,68595;6,859504132;643,7190083;;;111,5702479;3769,628099;;;653,3553719;7,190082645;55,38842975;0,52892562;6,876033058;18,18181818;324,3553719;3,099173554;40,28099174;106,4710744;4839,68595;True;4;False;1;False;1;;;;;
18.10.2025;4924,603306;26,39669421;;3157,793388;18816,54545;4924,603306;6,859504132;880,1652893;0,595041322;7,173553719;117,768595;5244,702479;3,52892562;42,74380165;701,7520661;7,190082645;58,90082645;0,52892562;6,066115702;20,66115702;350,9752066;3,140495868;36,14876033;123,1157025;4924,603306;True;4;False;1;False;1;255,8446281;255,8446281;329,4367769;;
19.10.2025;4953,735537;26,01652893;;3280,876033;19665,64463;4920,677686;6,859504132;1004,132231;;;101,2396694;5978,619835;;;602,785124;7,190082645;51,76033058;0,537190083;5,67768595;18,18181818;308,1818182;3,173553719;33,80991736;108,2561983;4920,677686;True;4;False;1;False;1;;;;;
20.10.2025;4918,272727;26,42975207;5,20661157;3051,363636;18159,00826;4852,157025;6,694214876;939,1239669;0,983471074;9,272727273;165,2892562;5513,702479;5,79338843;54,43801653;970,4297521;7,190082645;54,94214876;0,892561984;6,694214876;16,94214876;322,5702479;5,247933884;39,29752066;99,47107438;4852,157025;True;4;False;1;False;1;;;;;
21.10.2025;4948,380165;26,37190083;2,644628099;3241,115702;19406,32231;4882,264463;6,611570248;993,8512397;;;114,0495868;5871,22314;;;673,7520661;7,107438017;56,09917355;0,851239669;5,752066116;17,3553719;331,4049587;5,016528926;33,95867769;102,5289256;4882,264463;True;4;False;1;False;1;;;;;
22.10.2025;4895,322314;26,65289256;5,041322314;3137,917355;18586,91736;4845,735537;6,694214876;858,677686;0,26446281;1,79338843;95,04132231;5034,719008;1,537190083;10,51239669;557,2561983;7,107438017;55,87603306;0,20661157;6,033057851;11,57024793;327,6198347;1,214876033;35,37190083;67,84297521;4845,735537;True;4;False;1;False;1;;;;;
23.10.2025;4750,115702;26,89256198;;2917,305785;16767,61157;4700,528926;6,694214876;775,7024793;;;103,3057851;4411,917355;;;587,5702479;7,190082645;53,52892562;0,652892562;5,454545455;5,991735537;304,4545455;3,719008264;31;34,08264463;4700,528926;True;4;False;1;False;1;;;;;
24.10.2025;4670,024793;26,50413223;;2416,322314;13653,99174;4670,024793;6,694214876;536,2809917;0,644628099;0,041322314;86,7768595;3030,380165;3,644628099;0,231404959;490,3553719;7,190082645;43,96694215;0,537190083;6,115702479;11,15702479;248,446281;3,033057851;34,53719008;63,04132231;4670,024793;True;4;False;1;False;1;;;;;
25.10.2025;4747,809917;26,14876033;;2233,371901;12830,3719;4681,694215;6,694214876;455,7438017;;;117,768595;2581,719008;;;667,1404959;7,190082645;55,96694215;0,652892562;6,115702479;11,98347107;317,0413223;3,685950413;34,62809917;67,88429752;4681,694215;True;4;False;1;False;1;;;;;
26.10.2025;4759,479339;26,62809917;;2457,008264;14149,81818;4693,363636;6,776859504;558,677686;0,504132231;9,975206612;109,5041322;3172,710744;2,859504132;56,6446281;621,8677686;7,190082645;50,76033058;0,479338843;6,438016529;10,74380165;288,2644628;2,710743802;36,53719008;61,01652893;4693,363636;True;4;False;1;False;1;;;;;
27.10.2025;4782,826446;26,8677686;5,619834711;3012,115702;17431,78512;4782,826446;6,776859504;550;;;101,2396694;3182,966942;;;585,892562;7,190082645;57,60330579;0,504132231;7,785123967;10,33057851;333,3636364;2,933884298;45,0661157;59,78512397;4782,826446;True;4;False;1;False;1;;;;;
28.10.2025;4789,933884;27,0661157;;2811,330579;16293,98347;4723,818182;6,776859504;610,5619835;0,785123967;7,743801653;119,8347107;3489,867769;4,487603306;44,26446281;684,9504132;7,190082645;40,9338843;0,603305785;6,512396694;9,917355372;233,9669421;3,454545455;37,23966942;56,68595041;4723,818182;True;4;False;1;False;1;;;;;
29.10.2025;4821,900826;27,33884298;;2711,644628;15821,08264;4821,900826;6,694214876;567,7933884;;;66,11570248;3312,793388;;;385,7520661;7,190082645;45,90909091;0,933884298;7,033057851;11,98347107;267,8595041;5,47107438;41,03305785;69,91735537;4821,900826;True;4;False;1;False;1;;;;;
30.10.2025;4797,975207;27,36363636;;2639,710744;15324,97521;4731,859504;6,694214876;588,2644628;0,363636364;7,636363636;161,1570248;3368,140496;2,082644628;43,7107438;922,7107438;7,190082645;46,92561983;0,247933884;6,933884298;12,39669421;268,677686;1,41322314;39,69421488;70,97520661;4731,859504;True;4;False;1;False;1;;;;2,271900826;
31.10.2025;4772,008264;27,23140496;;2335,190083;13483,66116;4705,892562;6,694214876;530,4132231;;;111,5702479;3020,239669;;;635,2975207;7,190082645;42,01652893;0,553719008;7,148760331;11,57024793;239,2479339;3,173553719;40,70247934;65,88429752;4705,892562;True;4;False;1;False;1;;;;;
01.11.2025;4679,595041;27,02479339;;2428,512397;13750,99174;4663,066116;6,776859504;513,3057851;0,644628099;0,074380165;80,5785124;2896,231405;3,619834711;0,404958678;454,6528926;7,272727273;48,67768595;0,545454546;7,429752066;12,80991736;274,6528926;3,090909091;41,91735537;72,28099174;4663,066116;True;4;False;1;False;1;;;;;
02.11.2025;4712,471074;26,17355372;;2325,983471;13262,95868;4712,471074;6,694214876;384,3801653;;;97,10743802;2191,768595;;;553,7190083;7,190082645;42,56198347;0,553719008;7,603305785;12,39669421;242,6942149;3,140495868;43,3553719;70,68595041;4712,471074;True;4;False;1;False;1;;;;;
03.11.2025;4761,876033;26,0661157;2,272727273;2820,363636;16250,55372;4761,876033;6,776859504;579,4628099;0,545454546;2,066115702;107,4380165;3338,785124;3,140495868;11,90082645;619,0413223;7,272727273;45,29752066;0,438016529;7,876033058;12,39669421;261;2,512396694;45,3553719;71,42975207;4761,876033;True;4;False;1;False;1;;;;;
04.11.2025;4665,140496;26,75206612;;2491,53719;14064,29752;4665,140496;6,694214876;634,0495868;;;165,2892562;3579,099174;;;933,0247934;7,272727273;50,14876033;0,487603306;6,181818182;13,2231405;283,0826446;2,73553719;34,87603306;74,6446281;4665,140496;True;4;False;1;False;1;;;;;
05.11.2025;4667,966942;26,25619835;;2559,280992;14455,42149;4667,966942;6,776859504;571,4545455;0,727272727;6,173553719;92,97520661;3227,719008;4,099173554;34,88429752;525,1487603;7,190082645;38,47107438;0,652892562;8,305785124;14,04958678;217,2975207;3,702479339;46,90909091;79,3553719;4667,966942;True;4;False;1;False;1;;;;;
06.11.2025;4690,22314;26,19008264;;2591,520661;14707,30579;4690,22314;6,694214876;459,8264463;;;75,61983471;2609,595041;;;429,1570248;7,190082645;36,9338843;0,628099174;8,214876033;12,80991736;209,6033058;3,58677686;46,59504132;72,70247934;4690,22314;True;4;False;1;False;1;;;;;
07.11.2025;4707,504132;26,76033058;;2918,297521;16622,84298;4707,504132;6,776859504;616,4793388;0,487603306;7,752066116;100,8264463;3511,512397;2,79338843;44,14876033;574,3140496;7,272727273;39,31404959;0,462809917;6,479338843;11,15702479;223,9338843;2,644628099;36,88429752;63,55371901;4707,504132;True;4;False;1;False;1;151;150,5123967;750,6628099;;
08.11.2025;4665,231405;27,14049587;;2489,628099;14053,76033;4665,231405;6,611570248;595,6528926;;;190,0826446;3362,413223;;;1073;7,107438017;52,27272727;0,487603306;7,421487603;12,39669421;295,0743802;2,73553719;41,88429752;69,97520661;4665,231405;True;4;False;1;False;1;;;;;
09.11.2025;4703,694215;27,18181818;;2971,859504;16914,2562;4703,694215;6,611570248;675,6280992;0,603305785;10,8677686;107,4380165;3845,31405;3,421487603;61,83471074;611,4793388;7,024793388;53,66115702;0,537190083;8,719008264;8,26446281;305,4132231;3,033057851;49,61983471;47,03305785;4703,694215;True;4;False;1;False;1;;;;2,135123967;
10.11.2025;4661,752066;27,04958678;2,520661157;2902,809917;16373,93388;4661,752066;6,611570248;675,9917355;;;90,90909091;3813,082645;;;512,7933884;7,024793388;41,23140496;0,710743802;8,107438017;12,39669421;232,5785124;4,016528926;45,7107438;69,92561983;4661,752066;True;4;False;1;False;1;;;;;
11.11.2025;4657,719008;26,39669421;2,603305785;2829,553719;15946,90909;4657,719008;6,694214876;664,9586777;0,52892562;6,826446281;115,7024793;3747,595041;2,983471074;38,48760331;652,0826446;7,107438017;45,20661157;0,661157025;7,685950413;12,39669421;254,7768595;3,727272727;43,31404959;69,8677686;4657,719008;True;4;False;1;False;1;;;;;
12.11.2025;4664,090909;26,19008264;;2977,429752;16803,24793;4664,090909;6,694214876;651,4876033;;;132,231405;3676,702479;;;746,2561983;7,190082645;49,59504132;0,669421488;7,438016529;14,04958678;279,892562;3,785123967;41,97520661;79,2892562;4664,090909;True;4;False;1;False;1;;;;;
13.11.2025;4700,099174;25,79338843;;3260,661157;18543,76033;4700,099174;6,611570248;636,3140496;0,570247934;5,933884298;66,11570248;3618,793388;3,223140496;33,76859504;376,0082645;7,024793388;52,08264463;0,578512397;6,859504132;16,11570248;296,1983471;3,272727273;39,02479339;91,65289256;4700,099174;True;4;False;1;False;1;;;;;
14.11.2025;4722,347107;25,68595041;;2993,785124;17106,57025;4722,347107;6,363636364;793,338843;;;289,2561983;4533,165289;;;1652,818182;7,190082645;56,69421488;0,479338843;7,58677686;14,04958678;323,9504132;2,73553719;43,36363636;80,28099174;4722,347107;True;4;False;1;False;1;;;;;
15.11.2025;4772,702479;26,38016529;;3345,818182;19322;4772,702479;6,52892562;807,6859504;0,570247934;6,165289256;173,553719;4664,363636;3,272727273;35,61983471;1002,264463;7,107438017;55,70247934;0,487603306;7,049586777;15,2892562;321,677686;2,809917355;40,7107438;88,29752066;4772,702479;True;4;False;1;False;1;;;;;
16.11.2025;4661,661157;26,99173554;;2540,619835;14330,65289;4661,661157;6,611570248;668,1157025;;;152,892562;3768,578512;;;862,4049587;7,107438017;56,68595041;0,504132231;7,388429752;18,59504132;319,7438017;2,818181818;41,66942149;104,8842975;4661,661157;True;4;False;1;False;1;;;;;
17.11.2025;4706,636364;26,72727273;2,644628099;2096,082645;11937,26446;4706,636364;6,611570248;475,3553719;0,545454546;4,710743802;132,231405;2707,165289;3,123966942;26,81818182;753,0578512;7,107438017;60,38016529;0,58677686;6,842975207;18,18181818;343,8677686;3,32231405;38,95041322;103,5454545;4706,636364;True;4;False;1;False;1;;;;;
18.11.2025;4713,280992;25,97520661;;2042,487603;11648,46281;4713,280992;6,694214876;345,3471074;;;82,6446281;1969,53719;;;471,3305785;7,107438017;69,94214876;0,768595041;6,876033058;24,79338843;398,8842975;4,363636364;39,2231405;141,3966942;4713,280992;True;4;False;1;False;1;;;;;
19.11.2025;4777,876033;26,44628099;;2038,297521;11783,8595;4777,876033;6,776859504;491,1157025;0,58677686;3,966942149;74,38016529;2839,256198;3,396694215;22,9338843;430,0082645;7,190082645;60,43801653;0,413223141;5,702479339;23,14049587;349,4049587;2,404958678;32,96694215;133,7768595;4777,876033;True;4;False;1;False;1;;;;;
20.11.2025;4645,793388;27,1322314;;2785,413223;15657,95041;4645,793388;6,694214876;886,8595041;;;264,4628099;4985,404959;;;1486,652893;7,107438017;57,75206612;0,520661157;5,41322314;19,83471074;324,6446281;2,933884298;30,42975207;111,4958678;4645,793388;True;4;False;1;False;1;;;;;
21.11.2025;4597,190083;26,83471074;;3061,115702;17027,75207;4597,190083;6,611570248;883,5041322;0,537190083;8,355371901;252,0661157;4914,578512;2,975206612;46,47933884;1402,140496;7,107438017;48,47107438;0,380165289;6,41322314;14,04958678;269,6280992;2,107438017;35,68595041;78,14876033;4597,190083;True;4;False;1;False;1;;;;;
22.11.2025;4705,347107;26,68595041;;2785,702479;15860,32231;4705,347107;6,776859504;614,661157;;;92,97520661;3499,553719;;;529,3553719;7,107438017;47,26446281;0,363636364;6,132231405;14,46280992;269,0991736;2,090909091;34,92561983;82,34710744;4705,347107;True;4;False;1;False;1;;;;;
23.11.2025;4659,834711;27,30578512;;2530,049587;14265,43802;4659,834711;6,694214876;419,214876;0,570247934;6,876033058;67,76859504;2363,702479;3,231404959;38,7768595;382,107438;7,190082645;45,19008264;0,479338843;7,338842975;13,2231405;254,8016529;2,710743802;41,39669421;74,55371901;4659,834711;True;4;False;1;False;1;;;;;
24.11.2025;4675,008264;27,38016529;2,314049587;2654,256198;15014,49587;4675,008264;6,52892562;356,6033058;;;67,76859504;2017,22314;;;383,3471074;7,107438017;47,62809917;0,479338843;7,223140496;14,87603306;269,4214876;2,702479339;40,83471074;84,14876033;4675,008264;True;4;False;1;False;1;;;;;
25.11.2025;4721,338843;26,75206612;;3077,049587;17578,61983;4721,338843;6,446280992;433,5619835;0,537190083;9,223140496;74,38016529;2476,859504;3,05785124;52,66942149;424,9173554;7,024793388;69,85123967;0,388429752;8,694214876;14,04958678;399,0495868;2,20661157;49,66115702;80,26446281;4721,338843;True;4;False;1;False;1;;;;;
26.11.2025;4757,173554;26,7107438;;2599,07438;14960,70248;4757,173554;6,446280992;447,3553719;;;82,6446281;2575,057851;;;475,7190083;6,94214876;50,17355372;0,462809917;7,958677686;12,39669421;288,8099174;2,661157025;45,78512397;71,3553719;4757,173554;True;4;False;1;False;1;;;;;
27.11.2025;4756,22314;25,90082645;;3064,487603;17636,19008;4756,22314;6,611570248;439;0,545454546;9,231404959;107,4380165;2526,454545;3,123966942;53,11570248;618,3057851;7,024793388;49,25619835;1,256198347;12,02479339;11,57024793;283,4710744;7,20661157;69,18181818;66,58677686;4756,22314;True;4;False;1;False;1;;;;;
28.11.2025;4621,520661;25,36363636;;2352,090909;13152,96694;4621,520661;6,611570248;459,9669421;;;107,4380165;2572,157025;;;600,8016529;7,107438017;40,17355372;0,636363636;7,190082645;11,57024793;224,6528926;3,545454545;40,20661157;64,70247934;4621,520661;True;4;False;1;False;1;;;;;
29.11.2025;4634,280992;25,31404959;;2504,239669;14042,45455;4634,280992;6,611570248;395,2892562;0,479338843;7,355371901;342,9752066;2216,578512;2,702479339;41,2231405;1923,22314;7,024793388;57,40495868;10,83471074;5,26446281;15,37190083;321,9008264;60,76033058;29,52066116;86,19834711;4634,280992;True;4;False;1;False;1;;;;;
30.11.2025;4698,520661;25,34710744;;2602,917355;14798,10744;4698,520661;6,52892562;382,768595;;;81,81818182;2176,115702;;;465,1570248;7,107438017;39,95041322;0,223140496;4,727272727;9,090909091;227,1239669;1,26446281;26,87603306;51,68595041;4698,520661;True;4;False;1;False;1;;;;;
01.12.2025;4661,297521;25,55371901;2,479338843;2627,404959;14819,01653;4661,297521;6,52892562;413,5867769;0,595041322;8,033057851;92,56198347;2332,702479;3,347107438;45,33057851;522,0661157;7,107438017;44,6446281;0,347107438;6,925619835;11,57024793;251,8016529;1,94214876;39,04958678;65,25619835;4661,297521;True;4;False;1;False;1;;;;;
02.12.2025;4662,22314;25,7768595;;3005,421488;16954,46281;4596,107438;6,52892562;468,4628099;;;119,8347107;2605,256198;;;666,4380165;7,107438017;50,12396694;0,363636364;6,710743802;12,39669421;278,7520661;2,016528926;37,33057851;68,94214876;4596,107438;True;4;False;1;False;1;;;;;
03.12.2025;4682,867769;25,85950413;;2806,92562;15904,7686;4616,752066;6,446280992;512,107438;0,975206612;7,148760331;175,6198347;2860,768595;5,421487603;39,95041322;981,0578512;7,024793388;45,08264463;0,578512397;8;10,33057851;251,8429752;3,231404959;44,67768595;57,7107438;4616,752066;True;4;False;1;False;1;;;;;
04.12.2025;4617,644628;25,67768595;;2784,760331;15559,43802;4551,528926;6,52892562;558,1818182;;;200,4132231;3074,099174;;;1103,743802;7,024793388;41,7768595;0,561983471;7,132231405;10,33057851;230,0826446;3,107438017;39,2892562;56,89256198;4551,528926;True;4;False;1;False;1;;;;;
05.12.2025;4498,743802;25,48760331;;3210,619835;17476,95041;4432,628099;6,611570248;806,1983471;0,214876033;8,595041322;373,9669421;4324,033058;1,132231405;46,09917355;2005,768595;7,107438017;38,5785124;0,553719008;7,033057851;9,917355372;206,9173554;2,950413223;37,71900826;53,19008264;4432,628099;True;4;False;1;False;1;;;;;
06.12.2025;4550,958678;25,48760331;;3156,198347;17380,10744;4484,842975;6,694214876;971,9008264;;;431,8181818;5274,173554;;;2343,330579;7,107438017;41,61983471;0,247933884;12,62809917;28,92561983;225,8595041;1,330578512;68,52066116;156,9669421;4484,842975;True;4;False;1;False;1;;;;;
07.12.2025;4809,041322;25,38016529;;3342,22314;19448,17355;4742,92562;7,107438017;598,6528926;0,280991736;6,801652893;196,6942149;3435,628099;1,619834711;39,04132231;1128,818182;7,190082645;51,67768595;0,421487603;7,495867769;9,090909091;296,5785124;2,396694215;42,99173554;52,17355372;4742,92562;True;4;False;1;False;1;;;;;
08.12.2025;4843,661157;24,84297521;5,371900826;3388,727273;19860,75207;4777,545455;6,694214876;627,3057851;;;157,0247934;3626,347107;;;907,7355372;7,107438017;51,29752066;0,371900826;6,73553719;9,504132231;296,5454545;2,123966942;38,9338843;54,94214876;4777,545455;True;4;False;1;False;1;;;;;
09.12.2025;4769,471074;24,70247934;;3017,966942;17416,86777;4769,471074;6,776859504;488,5950413;0,785123967;6,94214876;190,0826446;2819,710744;4,520661157;40,0661157;1096,975207;7,190082645;49,03305785;0,760330579;7,462809917;10,74380165;282,9752066;4,380165289;43,04132231;62;4769,471074;True;4;False;1;False;1;;;;;
10.12.2025;4773,049587;24,62809917;;3495,710744;20189,1157;4773,049587;6,694214876;662,892562;;;206,6115702;3828,46281;;;1193,264463;7,107438017;48,38842975;1,074380165;8,066115702;10,74380165;279,4628099;6,198347107;46,60330579;62,04958678;4773,049587;True;4;False;1;False;1;;;;;
11.12.2025;4776,628099;25,30578512;;3353;19379,38843;4776,628099;6,52892562;761,9421488;0,429752066;8,107438017;202,4793388;4403,818182;2,504132231;46,84297521;1170,272727;7,107438017;50,04132231;0,371900826;8,47107438;11,15702479;289,2231405;2,165289256;48,94214876;64,48760331;4776,628099;True;4;False;1;False;1;;;;;
12.12.2025;4779,801653;25,80165289;;3317,636364;19187,71901;4779,801653;6,611570248;950,7438017;;;247,9338843;5498,677686;;;1433,942149;7,024793388;50,2892562;0,454545455;7,570247934;10,33057851;290,8512397;2,636363636;43,76033058;59,74380165;4779,801653;True;4;False;1;False;1;;;;;
13.12.2025;4844,636364;26,04132231;;3012,801653;17661,07438;4844,636364;6,694214876;876,8595041;0,79338843;6,115702479;231,4049587;5140,165289;4,628099174;35,8677686;1356,495868;7,024793388;68,82644628;0,661157025;7,752066116;14,87603306;403,4628099;3,892561983;45,42975207;87,20661157;4844,636364;True;4;False;1;False;1;;;;;
14.12.2025;4772,504132;26,59504132;;2996,520661;17304,09091;4772,504132;6,694214876;776,8595041;;;192,1487603;4486,157025;;;1109,61157;7,024793388;63,31404959;0,702479339;6,338842975;13,2231405;365,6198347;4,041322314;36,61983471;76,36363636;4772,504132;True;4;False;1;False;1;;;993,5454545;;
15.12.2025;4761,099174;26,05785124;5;3107,942149;17904,66116;4761,099174;6,611570248;536,8677686;0,570247934;5,67768595;148,7603306;3092,859504;3,280991736;32,68595041;857;7,107438017;71,07438017;0,479338843;6,719008264;10,74380165;409,4545455;2,752066116;38,68595041;61,89256198;4761,099174;True;4;False;1;False;1;;;;;
16.12.2025;4860,512397;25,61983471;;2911,363636;17122,35537;4819,190083;6,52892562;553,5702479;;;293,3884298;3227,983471;;;1710,809917;7,107438017;67,70247934;0,578512397;7,314049587;11,57024793;394,785124;3,388429752;42,66942149;67,47107438;4819,190083;True;4;False;1;False;1;;;;;
17.12.2025;4870,016529;25,50413223;;2210,570248;13026,2562;4828,694215;6,694214876;646,1157025;1,818181818;5,371900826;355,3719008;3775,07438;10,59504132;31,38842975;;7,190082645;59,84297521;1,099173554;6,479338843;5,991735537;347,8512397;6,388429752;37,65289256;34,82644628;4803,900826;True;4;False;1;False;1;;;;;
18.12.2025;4839,024793;25,48760331;;2494,214876;14604,17355;4772,909091;6,694214876;373,7190083;;;140,4958678;2158,305785;;;811,3966942;7,190082645;61,68595041;0,561983471;6,223140496;4,338842975;354,3966942;3,247933884;35,72727273;24,92561983;4748,115702;True;4;False;1;False;1;;;;;
19.12.2025;4783,603306;25,96694215;;2275,933884;13173,44628;4717,487603;6,694214876;515,6198347;1,297520661;3,958677686;371,9008264;2943,239669;7,421487603;22,58677686;2122,867769;7,190082645;53,63636364;1,20661157;6,140495868;5,371900826;306,1652893;6,884297521;35,05785124;30,66115702;4717,487603;True;4;False;1;False;1;;;;;
20.12.2025;4771,669421;26,02479339;;2353,355372;13587,63636;4705,553719;6,611570248;374,0082645;;;101,2396694;2129,495868;;;576,4297521;7,107438017;52,39669421;0,661157025;6,826446281;7,851239669;298,3305785;3,743801653;38,8677686;44,70247934;4705,553719;True;4;False;1;False;1;;;;;
21.12.2025;4835,479339;27,51239669;;2720,710744;15918,70248;4835,479339;6,776859504;304,5454545;0,578512397;3,694214876;82,6446281;1781,876033;3,396694215;21,61157025;483,5454545;7,190082645;51,49586777;0,487603306;6,917355372;14,04958678;301,2975207;2,826446281;40,47107438;82,20661157;4835,479339;True;4;False;1;False;1;;;;;
22.12.2025;4816,917355;27,14876033;5,537190083;2439,132231;14216,42149;4816,917355;6,694214876;314,8760331;;;92,97520661;1835,247934;;;541,9008264;7,190082645;51,72727273;0,520661157;6,52892562;6,611570248;301,4876033;3,016528926;38,03305785;38,53719008;4816,917355;True;4;False;1;False;1;;;;;
23.12.2025;4876,53719;26,68595041;;2625,247934;15490,56198;4810,421488;6,694214876;381,785124;0,917355372;3,520661157;66,11570248;2222,22314;5,347107438;20,48760331;384,8347107;7,190082645;45,47933884;0,818181818;6,140495868;7,438016529;264,7190083;4,785123967;35,74380165;43,29752066;4810,421488;True;4;False;1;False;1;;;;;
24.12.2025;4886,239669;26,19834711;;2856,528926;16888,79339;4820,123967;6,363636364;397,6859504;;;132,231405;2319,446281;;;771,2231405;7,190082645;52,95867769;0,570247934;4,867768595;8,26446281;308,8760331;3,314049587;28,38842975;48,19834711;4820,123967;True;4;False;1;False;1;;;;;
25.12.2025;4317,206612;25,8677686;2,314049587;3078,22314;16080,09917;4317,206612;6,611570248;291,8760331;1,157024793;2,041322314;49,58677686;1524,710744;6,024793388;10,66115702;259,0330579;7,190082645;34,52892562;0,644628099;4,801652893;7,438016529;180,3719008;3,388429752;25,05785124;38,85123967;4317,206612;True;4;False;1;False;1;;;;1,947107438;
26.12.2025;4595,826446;26,00826446;5;2629,198347;14620,80992;4529,710744;6,52892562;483,7933884;;;123,9669421;2651,644628;;;679,4545455;7,107438017;54,62809917;0,966942149;6,198347107;10,74380165;299,4132231;5,289256198;33,98347107;58,88429752;4529,710744;True;4;False;1;False;1;;;;;
27.12.2025;4808,322314;26,33884298;2,727272727;2862,46281;16653,98347;4742,206612;6,52892562;1068,016529;0,537190083;5,628099174;599,1735537;6128,355372;3,090909091;32,2892562;3438,099174;7,107438017;49,54545455;0,611570248;6,363636364;6,818181818;284,2975207;3,495867769;36,53719008;39,12396694;4742,206612;True;4;False;1;False;1;;;;;
28.12.2025;4825,38843;26,1322314;;2990,545455;17460,97521;4759,272727;6,52892562;987,4380165;;;367,768595;5686,380165;;;2117,876033;7,107438017;46,94214876;0,479338843;6,363636364;6,611570248;270,3305785;2,776859504;36,66942149;38,07438017;4759,272727;True;4;False;1;False;1;;;;;
29.12.2025;4776,231405;26,12396694;5,330578512;2749,132231;15887,90083;4710,115702;6,611570248;494,6280992;0,462809917;5,876033058;167,3553719;2819,008264;2,652892562;33,48760331;953,8016529;7,107438017;37,33884298;0,495867769;6,851239669;6,198347107;212,8016529;2,842975207;39,02479339;35,32231405;4710,115702;True;4;False;1;False;1;;;;;
30.12.2025;4992,206612;25,84297521;;2937,561983;17744,56198;4926,090909;6,611570248;435,9504132;;;66,11570248;2598,512397;;;394,0909091;7,107438017;40,1322314;0,504132231;6,512396694;4,958677686;239,214876;3,024793388;38,83471074;29,55371901;4926,090909;True;4;False;1;False;1;;;;;
31.12.2025;5059,818182;25,79338843;;2804,719008;17171,57025;5026,760331;6,776859504;408,7768595;0,438016529;5,661157025;74,38016529;2486,338843;2,636363636;34,43801653;452,4049587;6,94214876;41,33884298;0,47107438;6,140495868;6,280991736;251,4380165;2,884297521;37,33057851;38,20661157;5026,760331;True;4;False;1;False;1;;;;;
