Date;pH_0_12H;SS_0_12H;COD_0_12H;is_averaged_S0;measurement_density_S0
01.01.2022 6:00;4,876033058;;2389,958678;True;2
01.01.2022 18:00;5,537190083;86,7768595;1998,553719;True;2
02.01.2022 6:00;4,628099174;;2071,384298;True;2
02.01.2022 18:00;4,958677686;105,3719008;1845,557851;True;2
03.01.2022 6:00;4,58677686;;2374,586777;True;2
03.01.2022 18:00;6,818181818;66,11570248;2334,297521;True;2
04.01.2022 6:00;4,876033058;;2293,38843;True;2
04.01.2022 18:00;4,917355372;109,5041322;2312,396694;True;2
05.01.2022 6:00;4,752066116;;2753,057851;True;2
05.01.2022 18:00;4,834710744;107,4380165;2958,429752;True;2
06.01.2022 6:00;4,876033058;;2384,132231;True;2
06.01.2022 18:00;4,58677686;107,4380165;1904,669421;True;2
07.01.2022 6:00;5,041322314;;2180,88843;True;2
07.01.2022 18:00;4,462809917;132,231405;2261,466942;True;2
08.01.2022 6:00;4,876033058;;2491,42562;True;2
08.01.2022 18:00;4,58677686;140,4958678;2400,950413;True;2
09.01.2022 6:00;5;;2153,657025;True;2
09.01.2022 18:00;4,834710744;92,97520661;2595,247934;True;2
10.01.2022 6:00;4,669421488;;2565,392562;True;2
10.01.2022 18:00;5,041322314;76,44628099;2331,301653;True;2
11.01.2022 6:00;4,380165289;;3211,053719;True;2
11.01.2022 18:00;5,247933884;92,97520661;2464,049587;True;2
12.01.2022 6:00;5,247933884;;3669,008264;True;2
12.01.2022 18:00;5,371900826;109,5041322;2184,504132;True;2
13.01.2022 6:00;5,702479339;;2405,413223;True;2
13.01.2022 18:00;5;1363,636364;10470,43802;True;2
14.01.2022 6:00;5,537190083;;3329,81405;True;2
14.01.2022 18:00;5,826446281;181,8181818;2611,983471;True;2
15.01.2022 6:00;5,702479339;;2679,752066;True;2
15.01.2022 18:00;5,661157025;115,7024793;2268,760331;True;2
16.01.2022 6:00;5,578512397;;2572,933884;True;2
16.01.2022 18:00;5,123966942;82,6446281;3167,789256;True;2
17.01.2022 6:00;5,289256198;;2754,028926;True;2
17.01.2022 18:00;5,289256198;59,09090909;2527,066116;True;2
18.01.2022 6:00;4,545454545;;2790,392562;True;2
18.01.2022 18:00;5,41322314;59,91735537;2794,11157;True;2
19.01.2022 6:00;5,165289256;;2600,103306;True;2
19.01.2022 18:00;5,041322314;53,71900826;2321,280992;True;2
20.01.2022 6:00;4,917355372;;2881,818182;True;2
20.01.2022 18:00;5,041322314;86,7768595;2454,545455;True;2
21.01.2022 6:00;5,041322314;;3270,764463;True;2
21.01.2022 18:00;4,917355372;39,25619835;3007,892562;True;2
22.01.2022 6:00;5,41322314;;3797,85124;True;2
22.01.2022 18:00;5,289256198;55,78512397;2752,603306;True;2
23.01.2022 6:00;5,165289256;;2924,173554;True;2
23.01.2022 18:00;5,330578512;82,6446281;2548,119835;True;2
24.01.2022 6:00;5,20661157;;2425,847107;True;2
24.01.2022 18:00;5,454545455;90,90909091;2656,632231;True;2
25.01.2022 6:00;5,247933884;;2594,793388;True;2
25.01.2022 18:00;4,380165289;59,09090909;2531,198347;True;2
26.01.2022 6:00;5,123966942;;2792,768595;True;2
26.01.2022 18:00;5,247933884;67,3553719;2378,719008;True;2
27.01.2022 6:00;5,082644628;;2627,066116;True;2
27.01.2022 18:00;5,454545455;247,9338843;2954,545455;True;2
28.01.2022 6:00;4,958677686;;3440,909091;True;2
28.01.2022 18:00;5,330578512;202,4793388;2694,008264;True;2
29.01.2022 6:00;5,247933884;;2174,46281;True;2
29.01.2022 18:00;4,876033058;99,17355372;2484,008264;True;2
30.01.2022 6:00;4,958677686;;2089,690083;True;2
30.01.2022 18:00;5;173,553719;2162,334711;True;2
31.01.2022 6:00;5,165289256;;2928,099174;True;2
31.01.2022 18:00;4,917355372;181,8181818;2837,809917;True;2
01.02.2022 6:00;5,165289256;;2346,301653;True;2
01.02.2022 18:00;5;161,1570248;2899,896694;True;2
02.02.2022 6:00;5;;2690,681818;True;2
02.02.2022 18:00;4,710743802;136,3636364;2766,735537;True;2
03.02.2022 6:00;4,917355372;;2428,512397;True;2
03.02.2022 18:00;4,876033058;165,2892562;2929,214876;True;2
04.02.2022 6:00;4,917355372;;2817,355372;True;2
04.02.2022 18:00;4,752066116;223,1404959;2861,77686;True;2
05.02.2022 6:00;4,008264463;;3067,396694;True;2
05.02.2022 18:00;5,495867769;140,4958678;2140,268595;True;2
06.02.2022 6:00;4,876033058;;2377,376033;True;2
06.02.2022 18:00;4,752066116;12,39669421;2125,18595;True;2
07.02.2022 6:00;5,082644628;;2870,35124;True;2
07.02.2022 18:00;4,834710744;309,9173554;2939,896694;True;2
08.02.2022 6:00;5,165289256;;2172,520661;True;2
08.02.2022 18:00;5,082644628;276,8595041;3023,822314;True;2
09.02.2022 6:00;5,041322314;;2696,177686;True;2
09.02.2022 18:00;5,247933884;293,3884298;2681,219008;True;2
10.02.2022 6:00;5,123966942;;2365,413223;True;2
10.02.2022 18:00;4,917355372;293,3884298;2758,595041;True;2
11.02.2022 6:00;5;;2729,855372;True;2
11.02.2022 18:00;5,330578512;194,214876;2549,380165;True;2
12.02.2022 6:00;4,917355372;;2602,892562;True;2
12.02.2022 18:00;4,710743802;491,7355372;2719,421488;True;2
13.02.2022 6:00;4,834710744;;2784,297521;True;2
13.02.2022 18:00;4,710743802;198,3471074;2591,570248;True;2
14.02.2022 6:00;4,917355372;;2787,520661;True;2
14.02.2022 18:00;4,58677686;309,9173554;3092,747934;True;2
15.02.2022 6:00;4,876033058;;2674,979339;True;2
15.02.2022 18:00;5;268,5950413;2369,483471;True;2
16.02.2022 6:00;4,876033058;;3132,644628;True;2
16.02.2022 18:00;5,041322314;247,9338843;2724,235537;True;2
17.02.2022 6:00;4,917355372;;2682,438017;True;2
17.02.2022 18:00;4,834710744;264,4628099;3152,68595;True;2
18.02.2022 6:00;5,041322314;;2657,706612;True;2
18.02.2022 18:00;5,537190083;134,2975207;2210,330579;True;2
19.02.2022 6:00;4,683471074;;2851,446281;True;2
19.02.2022 18:00;5,289256198;142,5619835;2582,541322;True;2
20.02.2022 6:00;5,123966942;;2725,619835;True;2
20.02.2022 18:00;4,421487603;181,8181818;3077,892562;True;2
21.02.2022 6:00;5,096694215;;2611,708264;True;2
21.02.2022 18:00;5,20661157;119,8347107;2593,38843;True;2
22.02.2022 6:00;5,289256198;;2411,818182;True;2
22.02.2022 18:00;4,504132231;99,17355372;2526,115702;True;2
23.02.2022 6:00;4,58677686;;2372,252066;True;2
23.02.2022 18:00;4,545454545;107,4380165;2519,256198;True;2
24.02.2022 6:00;4,58677686;;2674,793388;True;2
24.02.2022 18:00;4,628099174;309,9173554;3499,400826;True;2
25.02.2022 6:00;5,082644628;;2525,950413;True;2
25.02.2022 18:00;5,41322314;161,1570248;2574,070248;True;2
26.02.2022 6:00;5,619834711;;2729,256198;True;2
26.02.2022 18:00;5,330578512;161,1570248;2897,933884;True;2
27.02.2022 6:00;5,330578512;;2876,549587;True;2
27.02.2022 18:00;4,958677686;138,4297521;2975,103306;True;2
28.02.2022 6:00;5,247933884;;2717,665289;True;2
28.02.2022 18:00;4,917355372;136,3636364;3096,07438;True;2
01.03.2022 6:00;5,082644628;;2802,272727;True;2
01.03.2022 18:00;5,661157025;76,44628099;2462,603306;True;2
02.03.2022 6:00;4,876033058;;2777,355372;True;2
02.03.2022 18:00;5,041322314;206,6115702;3381,384298;True;2
03.03.2022 6:00;4,752066116;;3507,582645;True;2
03.03.2022 18:00;4,545454545;280,9917355;2931,590909;True;2
04.03.2022 6:00;4,752066116;;2832,438017;True;2
04.03.2022 18:00;4,132231405;231,4049587;3091,219008;True;2
05.03.2022 6:00;4,173553719;;2517,293388;True;2
05.03.2022 18:00;4,380165289;181,8181818;3910,743802;True;2
06.03.2022 6:00;4,710743802;;2841,632231;True;2
06.03.2022 18:00;4,58677686;318,1818182;2871,590909;True;2
07.03.2022 6:00;4,297520661;;2683,057851;True;2
07.03.2022 18:00;4,917355372;268,5950413;2299,27686;True;2
08.03.2022 6:00;4,338842975;;3098,553719;True;2
08.03.2022 18:00;4,79338843;365,7024793;3115,702479;True;2
09.03.2022 6:00;4,876033058;;2443,38843;True;2
09.03.2022 18:00;5,123966942;167,3553719;2208,264463;True;2
10.03.2022 6:00;5,289256198;;2426,528926;True;2
10.03.2022 18:00;5,330578512;128,0991736;2154,545455;True;2
11.03.2022 6:00;5,082644628;;2543,181818;True;2
11.03.2022 18:00;4,917355372;99,17355372;2181,404959;True;2
12.03.2022 6:00;4,628099174;;2387,706612;True;2
12.03.2022 18:00;4,297520661;68,18181818;1537,293388;True;2
13.03.2022 6:00;4,380165289;;3020,247934;True;2
13.03.2022 18:00;4,917355372;90,90909091;3107,85124;True;2
14.03.2022 6:00;5,20661157;;2302,272727;True;2
14.03.2022 18:00;5,123966942;126,0330579;2341,632231;True;2
15.03.2022 6:00;4,710743802;;2769,938017;True;2
15.03.2022 18:00;4,79338843;183,8842975;2691,012397;True;2
16.03.2022 6:00;5,014049587;;2492,355372;True;2
16.03.2022 18:00;4,958677686;117,768595;1557,85124;True;2
17.03.2022 6:00;4,958677686;;2242,975207;True;2
17.03.2022 18:00;4,958677686;111,5702479;3026,033058;True;2
18.03.2022 6:00;5,289256198;;2327,623967;True;2
18.03.2022 18:00;5,495867769;123,9669421;2405,578512;True;2
19.03.2022 6:00;5,20661157;;1603,099174;True;2
19.03.2022 18:00;5,082644628;107,4380165;3287,334711;True;2
20.03.2022 6:00;5,123966942;;2748,760331;True;2
20.03.2022 18:00;4,958677686;128,0991736;3175,785124;True;2
21.03.2022 6:00;5,165289256;;2402,871901;True;2
21.03.2022 18:00;4,917355372;157,0247934;2817,438017;True;2
22.03.2022 6:00;5,123966942;;2485,640496;True;2
22.03.2022 18:00;5,041322314;252,0661157;3061,363636;True;2
23.03.2022 6:00;4,834710744;;2798,760331;True;2
23.03.2022 18:00;5,123966942;185,9504132;2722,623967;True;2
24.03.2022 6:00;4,79338843;;2564,669421;True;2
24.03.2022 18:00;4,752066116;219,0082645;3094,214876;True;2
25.03.2022 6:00;5,082644628;;3141,322314;True;2
25.03.2022 18:00;4,958677686;152,892562;3523,553719;True;2
26.03.2022 6:00;4,876033058;;2931,260331;True;2
26.03.2022 18:00;4,710743802;169,4214876;2927,933884;True;2
27.03.2022 6:00;5,165289256;;3224,400826;True;2
27.03.2022 18:00;5,165289256;115,7024793;2538,719008;True;2
28.03.2022 6:00;4,958677686;;3024,070248;True;2
28.03.2022 18:00;4,752066116;123,9669421;3064,731405;True;2
29.03.2022 6:00;5,165289256;;2893,533058;True;2
29.03.2022 18:00;4,876033058;90,90909091;3164,090909;True;2
30.03.2022 6:00;4,876033058;;3116,219008;True;2
30.03.2022 18:00;5,082644628;128,0991736;2558,987603;True;2
31.03.2022 6:00;4,876033058;;2657,438017;True;2
31.03.2022 18:00;4,421487603;119,8347107;3271,07438;True;2
01.04.2022 6:00;4,669421488;;2674,173554;True;2
01.04.2022 18:00;4,876033058;185,9504132;2637,809917;False;1
02.04.2022 6:00;4,876033058;;2997,107438;True;2
02.04.2022 18:00;5,041322314;202,4793388;2570,661157;True;2
03.04.2022 6:00;4,545454545;;2417,190083;True;2
03.04.2022 18:00;4,518181818;132,231405;2740,330579;True;2
04.04.2022 6:00;4,380165289;;3082,809917;True;2
04.04.2022 18:00;4,58677686;107,4380165;2648,099174;True;2
05.04.2022 6:00;4,380165289;;2141,632231;True;2
05.04.2022 18:00;4,380165289;119,8347107;2758,884298;True;2
06.04.2022 6:00;4,421487603;;2782,830579;True;2
06.04.2022 18:00;4,834710744;268,5950413;3358,347107;True;2
07.04.2022 6:00;5,165289256;;3416,900826;True;2
07.04.2022 18:00;5,371900826;202,4793388;2637,913223;True;2
08.04.2022 6:00;4,338842975;;3036,673554;True;2
08.04.2022 18:00;4,462809917;212,8099174;3385,53719;True;2
09.04.2022 6:00;4,58677686;;3064,359504;True;2
09.04.2022 18:00;4,338842975;169,4214876;3343,38843;True;2
10.04.2022 6:00;4,380165289;;3197,520661;True;2
10.04.2022 18:00;4,380165289;169,4214876;2958,264463;True;2
11.04.2022 6:00;4,669421488;;2790,165289;True;2
11.04.2022 18:00;4,504132231;181,8181818;2914,524793;True;2
12.04.2022 6:00;4,338842975;;2951,838843;True;2
12.04.2022 18:00;4,462809917;256,1983471;2845,082645;True;2
13.04.2022 6:00;4,297520661;;2660,743802;True;2
13.04.2022 18:00;4,214876033;330,5785124;2743,38843;True;2
14.04.2022 6:00;4,173553719;;3137,293388;True;2
14.04.2022 18:00;4,297520661;330,5785124;3302,066116;True;2
15.04.2022 6:00;4,338842975;;2326,239669;True;2
15.04.2022 18:00;4,79338843;268,5950413;3495,041322;True;2
16.04.2022 6:00;5,179338843;;2929,132231;True;2
16.04.2022 18:00;5,041322314;177,6859504;2363,429752;True;2
17.04.2022 6:00;4,380165289;;2642,458678;True;2
17.04.2022 18:00;4,380165289;252,0661157;2844,628099;True;2
18.04.2022 6:00;4,958677686;;3233,884298;True;2
18.04.2022 18:00;5;252,0661157;2394,214876;True;2
19.04.2022 6:00;5,082644628;;2872,376033;True;2
19.04.2022 18:00;4,504132231;198,3471074;2161,570248;True;2
20.04.2022 6:00;5,123966942;;1379,132231;True;2
20.04.2022 18:00;4,958677686;433,8842975;2790,289256;True;2
21.04.2022 6:00;5,165289256;;2645,35124;True;2
21.04.2022 18:00;4,504132231;305,785124;3515,599174;True;2
22.04.2022 6:00;4,834710744;;2769,214876;True;2
22.04.2022 18:00;5,20661157;181,8181818;2790,082645;True;2
23.04.2022 6:00;4,752066116;;2961,983471;True;2
23.04.2022 18:00;5,247933884;301,6528926;2791,632231;True;2
24.04.2022 6:00;4,931404959;;2637,671901;True;2
24.04.2022 18:00;5,289256198;202,4793388;2304,752066;True;2
25.04.2022 6:00;4,876033058;;2795,557851;True;2
25.04.2022 18:00;5;152,892562;2260,330579;True;2
26.04.2022 6:00;5,371900826;;2664,46281;True;2
26.04.2022 18:00;5,578512397;128,0991736;2036,77686;True;2
27.04.2022 6:00;4,752066116;;3862,809917;True;2
27.04.2022 18:00;5,247933884;165,2892562;1687,603306;True;2
28.04.2022 6:00;5,165289256;;2289,049587;True;2
28.04.2022 18:00;5,165289256;185,9504132;2191,322314;True;2
29.04.2022 6:00;5,247933884;;2490,18595;True;2
29.04.2022 18:00;4,834710744;140,4958678;3099,27686;True;2
30.04.2022 6:00;5,20661157;;2737,706612;True;2
30.04.2022 18:00;4,214876033;165,2892562;3369,834711;True;2
01.05.2022 6:00;5,123966942;;3330,785124;True;2
01.05.2022 18:00;4,958677686;128,0991736;2722,623967;True;2
02.05.2022 6:00;5,082644628;;2515,805785;True;2
02.05.2022 18:00;5,165289256;227,2727273;2699,483471;True;2
03.05.2022 6:00;5,289256198;;2962,293388;True;2
03.05.2022 18:00;5,123966942;198,3471074;3105,785124;True;2
04.05.2022 6:00;5,041322314;;2547,31405;True;2
04.05.2022 18:00;5,247933884;318,1818182;2431,818182;True;2
05.05.2022 6:00;5,041322314;;3091,942149;True;2
05.05.2022 18:00;5,082644628;351,2396694;3008,471074;True;2
06.05.2022 6:00;4,79338843;;2886,570248;True;2
06.05.2022 18:00;4,917355372;338,8429752;2682,644628;True;2
07.05.2022 6:00;4,958677686;;2789,152893;True;2
07.05.2022 18:00;4,79338843;450,4132231;3039,152893;True;2
08.05.2022 6:00;4,958677686;;2308,367769;True;2
08.05.2022 18:00;3,67768595;285,1239669;2650,826446;True;2
09.05.2022 6:00;4,710743802;;2571,487603;True;2
09.05.2022 18:00;4,628099174;491,7355372;2957,747934;True;2
10.05.2022 6:00;4,710743802;;2688,946281;True;2
10.05.2022 18:00;5,165289256;376,0330579;2441,012397;True;2
11.05.2022 6:00;5;;2051,756198;True;2
11.05.2022 18:00;4,876033058;479,338843;1942,561983;True;2
12.05.2022 6:00;4,917355372;;2270,247934;True;2
12.05.2022 18:00;4,79338843;363,6363636;2352,892562;True;2
13.05.2022 6:00;4,876033058;;2443,657025;True;2
13.05.2022 18:00;5,41322314;264,4628099;1931,404959;True;2
14.05.2022 6:00;5;;2132,438017;True;2
14.05.2022 18:00;4,917355372;433,8842975;2354,958678;True;2
15.05.2022 6:00;4,79338843;;2620,661157;True;2
15.05.2022 18:00;4,917355372;268,5950413;2757,747934;True;2
16.05.2022 6:00;4,876033058;;2907,128099;True;2
16.05.2022 18:00;4,917355372;268,5950413;2935,020661;True;2
17.05.2022 6:00;5,289256198;;1967,14876;True;2
17.05.2022 18:00;4,917355372;177,6859504;2142,045455;True;2
18.05.2022 6:00;4,958677686;;1755,268595;True;2
18.05.2022 18:00;5,041322314;185,9504132;2239,669421;True;2
19.05.2022 6:00;4,958677686;;2037,706612;True;2
19.05.2022 18:00;4,958677686;119,8347107;2645,867769;True;2
20.05.2022 6:00;5,041322314;;2763,636364;True;2
20.05.2022 18:00;4,545454545;216,9421488;2658,471074;True;2
21.05.2022 6:00;4,58677686;;2889,46281;True;2
21.05.2022 18:00;5;268,5950413;2506,818182;True;2
22.05.2022 6:00;4,752066116;;2384,710744;True;2
22.05.2022 18:00;4,834710744;256,1983471;2497,31405;True;2
23.05.2022 6:00;4,710743802;;2113,326446;True;2
23.05.2022 18:00;4,710743802;338,8429752;2667,665289;True;2
24.05.2022 6:00;4,917355372;;2724,27686;True;2
24.05.2022 18:00;3,966942149;206,6115702;2713,946281;True;2
25.05.2022 6:00;4,876033058;;2515,082645;True;2
25.05.2022 18:00;4,917355372;260,3305785;2079,752066;True;2
26.05.2022 6:00;4,876033058;;2191,42562;True;2
26.05.2022 18:00;5,165289256;338,8429752;2179,235537;True;2
27.05.2022 6:00;4,421487603;;2838,946281;True;2
27.05.2022 18:00;4,710743802;293,3884298;2565,289256;True;2
28.05.2022 6:00;4,79338843;;2237,190083;True;2
28.05.2022 18:00;4,462809917;268,5950413;3152,892562;True;2
29.05.2022 6:00;4,752066116;;1913,016529;True;2
29.05.2022 18:00;4,958677686;206,6115702;2157,14876;True;2
30.05.2022 6:00;4,710743802;;2961,652893;True;2
30.05.2022 18:00;5,041322314;190,0826446;2764,958678;True;2
31.05.2022 6:00;5;;2554,855372;True;2
31.05.2022 18:00;4,669421488;231,4049587;2696,983471;True;2
01.06.2022 6:00;4,917355372;;2785,082645;True;2
01.06.2022 18:00;4,338842975;338,8429752;2970,909091;True;2
02.06.2022 6:00;5,123966942;;2156,157025;True;2
02.06.2022 18:00;4,917355372;326,446281;2459,194215;True;2
03.06.2022 6:00;4,628099174;;2510,640496;True;2
03.06.2022 18:00;4,958677686;177,6859504;2777,376033;True;2
04.06.2022 6:00;4,380165289;;3046,969421;True;2
04.06.2022 18:00;4,462809917;256,1983471;2897,107438;True;2
05.06.2022 6:00;4,752066116;;2537,603306;True;2
05.06.2022 18:00;4,504132231;231,4049587;2494,421488;True;2
06.06.2022 6:00;4,876033058;;2241,652893;True;2
06.06.2022 18:00;5,247933884;239,6694215;2751,921488;True;2
07.06.2022 6:00;4,58677686;;2660,144628;True;2
07.06.2022 18:00;4,820661157;256,1983471;2680,964463;True;2
08.06.2022 6:00;4,876033058;;3539,46281;True;2
08.06.2022 18:00;4,710743802;49,58677686;2834,483471;False;1
09.06.2022 6:00;4,958677686;;4218,57438;True;2
09.06.2022 18:00;4,876033058;128,0991736;3577,128099;True;2
10.06.2022 6:00;4,958677686;;2996,42562;True;2
10.06.2022 18:00;4,917355372;103,3057851;2809,607438;True;2
11.06.2022 6:00;4,710743802;;2630,061983;True;2
11.06.2022 18:00;5,041322314;169,4214876;2611,673554;True;2
12.06.2022 6:00;5,041322314;;2500,061983;True;2
12.06.2022 18:00;4,628099174;90,90909091;2857,458678;True;2
13.06.2022 6:00;4,600826446;;2351,005785;True;2
13.06.2022 18:00;4,79338843;74,38016529;2773,140496;True;2
14.06.2022 6:00;4,917355372;;2586,570248;True;2
14.06.2022 18:00;4,917355372;70,24793388;2231,07438;True;2
15.06.2022 6:00;4,834710744;;2156,652893;True;2
15.06.2022 18:00;4,834710744;100,8264463;2240,929752;True;2
16.06.2022 6:00;4,79338843;;2508,842975;True;2
16.06.2022 18:00;4,876033058;95,04132231;2456,818182;True;2
17.06.2022 6:00;4,834710744;;2235,433884;True;2
17.06.2022 18:00;4,79338843;68,18181818;2632,334711;True;2
18.06.2022 6:00;4,917355372;;2342,561983;True;2
18.06.2022 18:00;4,917355372;68,18181818;2182,541322;True;2
19.06.2022 6:00;5,041322314;;2287,293388;True;2
19.06.2022 18:00;5,041322314;50,82644628;2506,198347;True;2
20.06.2022 6:00;4,669421488;;2282,520661;True;2
20.06.2022 18:00;4,917355372;59,50413223;2664,235537;True;2
21.06.2022 6:00;4,834710744;;2809,256198;True;2
21.06.2022 18:00;4,58677686;67,76859504;3019,607438;True;2
22.06.2022 6:00;5,082644628;;2670,661157;True;2
22.06.2022 18:00;4,917355372;42,97520661;3111,033058;True;2
23.06.2022 6:00;4,958677686;;3311,219008;True;2
23.06.2022 18:00;5,165289256;79,33884298;2545,144628;True;2
24.06.2022 6:00;5;;2979,752066;True;2
24.06.2022 18:00;4,917355372;68,18181818;2647,004132;True;2
25.06.2022 6:00;4,958677686;;2666,012397;True;2
25.06.2022 18:00;5,041322314;59,91735537;2413,842975;True;2
26.06.2022 6:00;5,123966942;;2803,719008;True;2
26.06.2022 18:00;5,165289256;384,2975207;3147,210744;True;2
27.06.2022 6:00;4,710743802;;2467,458678;True;2
27.06.2022 18:00;5,123966942;55,78512397;2578,822314;True;2
28.06.2022 6:00;4,903305785;;2310,55124;True;2
28.06.2022 18:00;4,876033058;136,3636364;2520,661157;True;2
29.06.2022 6:00;5,041322314;;2583,485124;True;2
29.06.2022 18:00;4,628099174;70,24793388;3239,669421;True;2
30.06.2022 6:00;4,752066116;;2838,429752;True;2
30.06.2022 18:00;4,834710744;65,2892562;2014,938017;True;2
01.07.2022 6:00;5,123966942;;3085,764463;True;2
01.07.2022 18:00;5,041322314;82,6446281;2792,458678;True;2
02.07.2022 6:00;4,79338843;;2426,61157;True;2
02.07.2022 18:00;4,710743802;76,44628099;2673,243802;True;2
03.07.2022 6:00;4,834710744;;2395,764463;True;2
03.07.2022 18:00;4,58677686;90,90909091;2552,892562;True;2
04.07.2022 6:00;4,214876033;;2111,77686;True;2
04.07.2022 18:00;5,123966942;92,97520661;2376,96281;True;2
05.07.2022 6:00;4,876033058;;2244,834711;True;2
05.07.2022 18:00;5,165289256;119,8347107;2573,347107;True;2
06.07.2022 6:00;5,179338843;;2718,884298;True;2
06.07.2022 18:00;4,79338843;80,99173554;1097,107438;True;2
07.07.2022 6:00;4,848760331;;2046,680165;True;2
07.07.2022 18:00;5,041322314;115,7024793;2435,950413;True;2
08.07.2022 6:00;4,876033058;;2321,694215;True;2
08.07.2022 18:00;4,958677686;85,12396694;2440,433884;True;2
09.07.2022 6:00;4,752066116;;2826,404959;True;2
09.07.2022 18:00;5,123966942;81,81818182;2397,623967;True;2
10.07.2022 6:00;4,917355372;;2377,5;True;2
10.07.2022 18:00;4,669421488;115,7024793;2253,409091;True;2
11.07.2022 6:00;4,628099174;;2378,719008;True;2
11.07.2022 18:00;4,876033058;132,231405;2998,243802;True;2
12.07.2022 6:00;4,834710744;;2829,958678;True;2
12.07.2022 18:00;5,20661157;95,04132231;1954,958678;True;2
13.07.2022 6:00;4,79338843;;2089,049587;True;2
13.07.2022 18:00;4,917355372;84,7107438;2219,731405;True;2
14.07.2022 6:00;5,041322314;;2538,595041;True;2
14.07.2022 18:00;4,462809917;115,7024793;2767,85124;True;2
15.07.2022 6:00;4,710743802;;2466,012397;True;2
15.07.2022 18:00;4,752066116;90,90909091;2476,363636;True;2
16.07.2022 6:00;4,79338843;;2430,165289;True;2
16.07.2022 18:00;4,752066116;66,11570248;2348,698347;True;2
17.07.2022 6:00;4,628099174;;2436,900826;True;2
17.07.2022 18:00;4,600826446;59,50413223;2447,14876;True;2
18.07.2022 6:00;5,123966942;;2611,363636;True;2
18.07.2022 18:00;5;59,91735537;2324,586777;True;2
19.07.2022 6:00;4,752066116;;2657,85124;True;2
19.07.2022 18:00;5,20661157;68,18181818;2472,31405;True;2
20.07.2022 6:00;4,834710744;;2722,31405;True;2
20.07.2022 18:00;5,082644628;128,0991736;2659,297521;True;2
21.07.2022 6:00;4,58677686;;2661,880165;True;2
21.07.2022 18:00;4,752066116;117,768595;3076,033058;True;2
22.07.2022 6:00;4,710743802;;2899,876033;True;2
22.07.2022 18:00;4,917355372;119,8347107;2652,809917;True;2
23.07.2022 6:00;4,903305785;;2736,295041;True;2
23.07.2022 18:00;4,79338843;111,5702479;2866,528926;True;2
24.07.2022 6:00;4,917355372;;2670,661157;True;2
24.07.2022 18:00;4,876033058;115,7024793;2876,735537;True;2
25.07.2022 6:00;4,628099174;;2461,983471;True;2
25.07.2022 18:00;4,903305785;90,08264463;2407,328099;True;2
26.07.2022 6:00;4,628099174;;2896,900826;True;2
26.07.2022 18:00;4,545454545;115,7024793;2805,88843;True;2
27.07.2022 6:00;4,876033058;;2827,789256;True;2
27.07.2022 18:00;4,380165289;115,7024793;3032,541322;True;2
28.07.2022 6:00;4,710743802;;2747,107438;True;2
28.07.2022 18:00;5,165289256;119,8347107;2824,483471;True;2
29.07.2022 6:00;4,876033058;;2539,152893;True;2
29.07.2022 18:00;4,752066116;136,3636364;2715,495868;True;2
30.07.2022 6:00;4,820661157;;2729,118182;True;2
30.07.2022 18:00;4,462809917;173,553719;2704,132231;True;2
31.07.2022 6:00;4,628099174;;2528,609091;True;2
31.07.2022 18:00;4,710743802;111,5702479;2635,123967;True;2
01.08.2022 6:00;5;;2436,487603;True;2
01.08.2022 18:00;5,537190083;99,17355372;2542,68595;True;2
02.08.2022 6:00;5,247933884;;2578,243802;True;2
02.08.2022 18:00;5,371900826;123,9669421;2445,743802;True;2
03.08.2022 6:00;5,082644628;;2676,260331;True;2
03.08.2022 18:00;4,958677686;247,9338843;2666,921488;True;2
04.08.2022 6:00;5,454545455;;2638,140496;True;2
04.08.2022 18:00;5,082644628;214,8760331;2728,409091;True;2
05.08.2022 6:00;5,41322314;;2744,793388;True;2
05.08.2022 18:00;5,20661157;223,1404959;3593,698347;True;2
06.08.2022 6:00;5,041322314;;2754,64876;True;2
06.08.2022 18:00;5,247933884;216,9421488;2452,066116;True;2
07.08.2022 6:00;4,628099174;;2450,805785;True;2
07.08.2022 18:00;5,20661157;161,1570248;2545,557851;True;2
08.08.2022 6:00;5,330578512;;2718,326446;True;2
08.08.2022 18:00;5,082644628;219,0082645;2705,123967;True;2
09.08.2022 6:00;5,123966942;;2575,289256;True;2
09.08.2022 18:00;5,20661157;173,553719;2736,466942;True;2
10.08.2022 6:00;4,876033058;;2405,991736;True;2
10.08.2022 18:00;5,123966942;181,8181818;2506,584298;True;2
11.08.2022 6:00;4,628099174;;2377,479339;True;2
11.08.2022 18:00;4,710743802;214,8760331;2921,983471;True;2
12.08.2022 6:00;5,165289256;;2755,289256;True;2
12.08.2022 18:00;5,20661157;99,17355372;2469,132231;True;2
13.08.2022 6:00;5,123966942;;2807,024793;True;2
13.08.2022 18:00;5,41322314;144,6280992;3058,367769;True;2
14.08.2022 6:00;5,165289256;;2739,876033;True;2
14.08.2022 18:00;5,165289256;157,0247934;2958,884298;True;2
15.08.2022 6:00;4,669421488;;2779,876033;True;2
15.08.2022 18:00;5,247933884;128,0991736;2644,896694;True;2
16.08.2022 6:00;5,247933884;;3070,661157;True;2
16.08.2022 18:00;5,082644628;202,4793388;2704,545455;True;2
17.08.2022 6:00;4,710743802;;3301,053719;True;2
17.08.2022 18:00;5,082644628;227,2727273;2441,61157;True;2
18.08.2022 6:00;4,876033058;;2515,041322;True;2
18.08.2022 18:00;5;264,4628099;2522,789256;True;2
19.08.2022 6:00;4,958677686;;2563,326446;True;2
19.08.2022 18:00;4,710743802;280,9917355;2431,714876;True;2
20.08.2022 6:00;5,123966942;;2436,012397;True;2
20.08.2022 18:00;4,710743802;198,3471074;2737,231405;True;2
21.08.2022 6:00;4,917355372;;2546,756198;True;2
21.08.2022 18:00;4,876033058;161,1570248;2706,714876;True;2
22.08.2022 6:00;4,834710744;;2847,830579;True;2
22.08.2022 18:00;5,082644628;128,0991736;3381,61157;True;2
23.08.2022 6:00;5,082644628;;2341,921488;True;2
23.08.2022 18:00;4,752066116;128,0991736;2599,380165;True;2
24.08.2022 6:00;4,848760331;;2177,16281;True;2
24.08.2022 18:00;4,710743802;113,6363636;2636,363636;True;2
25.08.2022 6:00;4,79338843;;2554,214876;True;2
25.08.2022 18:00;5,247933884;82,6446281;2466,673554;True;2
26.08.2022 6:00;4,917355372;;2303,471074;True;2
26.08.2022 18:00;4,820661157;82,6446281;2803,746281;True;2
27.08.2022 6:00;4,297520661;;2805,371901;True;2
27.08.2022 18:00;4,876033058;99,17355372;2513,140496;True;2
28.08.2022 6:00;5,247933884;;2436,61157;True;2
28.08.2022 18:00;4,79338843;123,9669421;2831,528926;True;2
29.08.2022 6:00;4,958677686;;2852,789256;True;2
29.08.2022 18:00;4,876033058;78,51239669;3079,64876;True;2
30.08.2022 6:00;4,504132231;;2463,119835;True;2
30.08.2022 18:00;4,79338843;78,51239669;2486,157025;True;2
31.08.2022 6:00;5,261983471;;2815,454545;True;2
31.08.2022 18:00;4,958677686;95,04132231;2318,347107;True;2
01.09.2022 6:00;4,958677686;;2057,438017;True;2
01.09.2022 18:00;4,834710744;111,5702479;2396,446281;True;2
02.09.2022 6:00;5,20661157;;2381,404959;True;2
02.09.2022 18:00;5,041322314;181,8181818;2673,553719;True;2
03.09.2022 6:00;4,834710744;;2713,22314;True;2
03.09.2022 18:00;4,876033058;173,553719;2809,917355;True;2
04.09.2022 6:00;4,710743802;;2426,466942;True;2
04.09.2022 18:00;4,917355372;140,4958678;2390,403306;True;2
05.09.2022 6:00;5,247933884;;2165,009917;True;2
05.09.2022 18:00;5,330578512;157,0247934;1687,965289;True;2
06.09.2022 6:00;5,247933884;;1370,867769;True;2
06.09.2022 18:00;4,917355372;161,1570248;2933,822314;True;2
07.09.2022 6:00;4,710743802;;2947,128099;True;2
07.09.2022 18:00;5,082644628;173,553719;2262,819835;True;2
08.09.2022 6:00;4,903305785;;2891,204959;True;2
08.09.2022 18:00;4,876033058;123,9669421;2772,31405;True;2
09.09.2022 6:00;5,082644628;;2479,896694;True;2
09.09.2022 18:00;4,628099174;99,17355372;3231,818182;True;2
10.09.2022 6:00;5,165289256;;2350;True;2
10.09.2022 18:00;5,151239669;114,8760331;2725,964463;True;2
11.09.2022 6:00;5,619834711;;2023,553719;True;2
11.09.2022 18:00;5,344628099;86,7768595;2442,396694;True;2
12.09.2022 6:00;5,371900826;;2654,876033;True;2
12.09.2022 18:00;5,454545455;76,44628099;2515,403306;True;2
13.09.2022 6:00;5,20661157;;1971,869421;True;2
13.09.2022 18:00;5,495867769;68,18181818;2206,466942;True;2
14.09.2022 6:00;5,785123967;;1639,256198;True;2
14.09.2022 18:00;5,082644628;78,51239669;2399,824793;True;2
15.09.2022 6:00;5,20661157;;2081,404959;True;2
15.09.2022 18:00;5,330578512;70,24793388;2132,386777;True;2
16.09.2022 6:00;5,537190083;;2699,224793;True;2
16.09.2022 18:00;5,041322314;115,7024793;2853,057851;True;2
17.09.2022 6:00;5,41322314;;2936,61157;True;2
17.09.2022 18:00;5,371900826;57,85123967;2203,657025;True;2
18.09.2022 6:00;5,165289256;;2159,917355;True;2
18.09.2022 18:00;5,330578512;99,17355372;2649,958678;True;2
19.09.2022 6:00;5,123966942;;2608,904959;True;2
19.09.2022 18:00;5,123966942;148,7603306;2621,797521;True;2
20.09.2022 6:00;5,041322314;;2283,904959;True;2
20.09.2022 18:00;5,082644628;132,231405;2512,26281;True;2
21.09.2022 6:00;5,123966942;;2098,398347;True;2
21.09.2022 18:00;5,20661157;136,3636364;2448,533058;True;2
22.09.2022 6:00;5,082644628;;2053,305785;True;2
22.09.2022 18:00;5,20661157;111,5702479;2192,334711;True;2
23.09.2022 6:00;5,123966942;;2560,578512;True;2
23.09.2022 18:00;5,330578512;128,0991736;2317,066116;True;2
24.09.2022 6:00;5,247933884;;2560,775207;True;2
24.09.2022 18:00;5,165289256;109,5041322;2760,557851;True;2
25.09.2022 6:00;5,289256198;;2063,361157;True;2
25.09.2022 18:00;5,20661157;119,8347107;2867,768595;True;2
26.09.2022 6:00;5,247933884;;2862,809917;True;2
26.09.2022 18:00;5,289256198;86,7768595;2261,673554;True;2
27.09.2022 6:00;5,289256198;;2448,078512;True;2
27.09.2022 18:00;5,289256198;74,38016529;2276,012397;True;2
28.09.2022 6:00;5,247933884;;2032,252066;True;2
28.09.2022 18:00;5,20661157;99,17355372;2496,77686;True;2
29.09.2022 6:00;5,165289256;;2313,657025;True;2
29.09.2022 18:00;5;76,44628099;2431,849587;True;2
30.09.2022 6:00;5,082644628;;2447,789256;True;2
30.09.2022 18:00;5,289256198;144,6280992;2826,828099;True;2
01.10.2022 6:00;5,082644628;;2853,822314;True;2
01.10.2022 18:00;5,165289256;173,553719;2331,900826;True;2
02.10.2022 6:00;5,123966942;;2266,714876;True;2
02.10.2022 18:00;4,917355372;338,8429752;2356,466942;True;2
03.10.2022 6:00;5,041322314;;2357,390083;True;2
03.10.2022 18:00;5,123966942;280,9917355;3192,31405;True;2
04.10.2022 6:00;5,371900826;;2583,615702;True;2
04.10.2022 18:00;5,123966942;74,38016529;2211,404959;True;2
05.10.2022 6:00;5,247933884;;1989,628099;True;2
05.10.2022 18:00;5,123966942;264,4628099;2388,533058;True;2
06.10.2022 6:00;5,247933884;;2068,77438;True;2
06.10.2022 18:00;5,082644628;219,0082645;2216,900826;True;2
07.10.2022 6:00;5,20661157;;2349,27686;True;2
07.10.2022 18:00;5,289256198;396,6942149;3001,838843;True;2
08.10.2022 6:00;5,123966942;;2375,18595;True;2
08.10.2022 18:00;4,338842975;43,38842975;2651,549587;True;2
09.10.2022 6:00;4,834710744;;2434,400826;True;2
09.10.2022 18:00;5,123966942;326,446281;2371,900826;True;2
10.10.2022 6:00;4,958677686;;2999,917355;True;2
10.10.2022 18:00;5,247933884;173,553719;2326,880165;True;2
11.10.2022 6:00;5,123966942;;2283,264463;True;2
11.10.2022 18:00;4,958677686;157,0247934;2279,504132;True;2
12.10.2022 6:00;5,330578512;;2485,53719;True;2
12.10.2022 18:00;5,20661157;148,7603306;2422,727273;True;2
13.10.2022 6:00;5,371900826;;2272,789256;True;2
13.10.2022 18:00;5,20661157;140,4958678;2409,483471;True;2
14.10.2022 6:00;5;;2439,64876;True;2
14.10.2022 18:00;5,289256198;103,3057851;2140,371901;True;2
15.10.2022 6:00;5,247933884;;2305,599174;True;2
15.10.2022 18:00;5;289,2561983;2707,789256;True;2
16.10.2022 6:00;5,041322314;;2586,157025;True;2
16.10.2022 18:00;5,330578512;173,553719;2500,72314;True;2
17.10.2022 6:00;4,752066116;;3124,793388;True;2
17.10.2022 18:00;5,578512397;161,1570248;1393,491736;True;2
18.10.2022 6:00;5,661157025;;1181,786777;True;2
18.10.2022 18:00;5,991735537;252,0661157;2126,271074;True;2
19.10.2022 6:00;5,578512397;;4579,070248;True;2
19.10.2022 18:00;6,074380165;227,2727273;3157,85124;True;2
20.10.2022 6:00;5,619834711;;2079,194215;True;2
20.10.2022 18:00;6,363636364;198,3471074;2383,016529;True;2
21.10.2022 6:00;5,785123967;;2861,012397;True;2
21.10.2022 18:00;5,950413223;181,8181818;2703,533058;True;2
22.10.2022 6:00;5,661157025;;2707,541322;True;2
22.10.2022 18:00;5,41322314;99,17355372;3178,822314;True;2
23.10.2022 6:00;5,537190083;;2495,454545;True;2
23.10.2022 18:00;5,619834711;231,4049587;2623,305785;True;2
24.10.2022 6:00;5,826446281;;2561,404959;True;2
24.10.2022 18:00;5,785123967;181,8181818;2586,466942;True;2
25.10.2022 6:00;5,702479339;;2757,024793;True;2
25.10.2022 18:00;5,826446281;198,3471074;2778,305785;True;2
26.10.2022 6:00;5,702479339;;2117,644628;True;2
26.10.2022 18:00;5,867768595;144,6280992;2239,834711;True;2
27.10.2022 6:00;5,743801653;;2036,632231;True;2
27.10.2022 18:00;5,454545455;181,8181818;1602,582645;True;2
28.10.2022 6:00;5,909090909;;2182,355372;True;2
28.10.2022 18:00;6,074380165;157,0247934;2239,342975;True;2
29.10.2022 6:00;5,785123967;;2475,991736;True;2
29.10.2022 18:00;5,082644628;148,7603306;2926,239669;True;2
30.10.2022 6:00;5,330578512;;2755,392562;True;2
30.10.2022 18:00;5,495867769;165,2892562;3294,81405;True;2
31.10.2022 6:00;5,082644628;;3043,305785;True;2
31.10.2022 18:00;4,917355372;231,4049587;3466,549587;True;2
01.11.2022 6:00;5,330578512;;3716,632231;True;2
01.11.2022 18:00;5,537190083;314,0495868;2701,549587;True;2
02.11.2022 6:00;5,123966942;;3393,38843;True;2
02.11.2022 18:00;5,619834711;289,2561983;3211,053719;True;2
03.11.2022 6:00;5,826446281;;2649,607438;True;2
03.11.2022 18:00;5,578512397;185,9504132;2745,103306;True;2
04.11.2022 6:00;5,509917355;;3474,586777;True;2
04.11.2022 18:00;5,454545455;169,4214876;3371,900826;True;2
05.11.2022 6:00;5,661157025;;3117,355372;True;2
05.11.2022 18:00;5,661157025;247,9338843;2591,983471;True;2
06.11.2022 6:00;5,454545455;;2764,64876;True;2
06.11.2022 18:00;5,619834711;160,3305785;2624,669421;True;2
07.11.2022 6:00;5,537190083;;2782,334711;True;2
07.11.2022 18:00;5,619834711;301,6528926;3053,099174;True;2
08.11.2022 6:00;5,454545455;;2894,834711;True;2
08.11.2022 18:00;5,661157025;516,5289256;3266,322314;True;2
09.11.2022 6:00;5,537190083;;3428,92562;True;2
09.11.2022 18:00;5,578512397;330,5785124;3551,033058;True;2
10.11.2022 6:00;5,785123967;;2872,520661;True;2
10.11.2022 18:00;5,537190083;330,5785124;3238,636364;True;2
11.11.2022 6:00;5,495867769;;3092,913223;True;2
11.11.2022 18:00;5,495867769;409,0909091;3500,041322;True;2
12.11.2022 6:00;5,371900826;;2824,11157;True;2
12.11.2022 18:00;5,702479339;334,7107438;3276,96281;True;2
13.11.2022 6:00;5,495867769;;2804,545455;True;2
13.11.2022 18:00;5,578512397;326,446281;2790,867769;True;2
14.11.2022 6:00;5,495867769;;2858,099174;True;2
14.11.2022 18:00;5,20661157;355,3719008;2514,070248;True;2
15.11.2022 6:00;5,371900826;;2844,958678;True;2
15.11.2022 18:00;5,20661157;396,6942149;2544,421488;True;2
16.11.2022 6:00;5,289256198;;2730,371901;True;2
16.11.2022 18:00;5,454545455;392,5619835;2939,669421;True;2
17.11.2022 6:00;5,495867769;;2842,355372;True;2
17.11.2022 18:00;5,330578512;231,4049587;2993,181818;True;2
18.11.2022 6:00;5,247933884;;2654,545455;True;2
18.11.2022 18:00;5,165289256;198,3471074;2337,603306;True;2
19.11.2022 6:00;5,165289256;;2949,566116;True;2
19.11.2022 18:00;5,330578512;285,1239669;3098,698347;True;2
20.11.2022 6:00;4,876033058;;2012,14876;True;2
20.11.2022 18:00;5,454545455;128,0991736;2470,805785;True;2
21.11.2022 6:00;5,330578512;;2557,85124;True;2
21.11.2022 18:00;5,289256198;206,6115702;2238,099174;True;2
22.11.2022 6:00;5,20661157;;2869,400826;True;2
22.11.2022 18:00;5,289256198;247,9338843;2620,88843;True;2
23.11.2022 6:00;5,123966942;;3225,929752;True;2
23.11.2022 18:00;5,041322314;128,0991736;2740,702479;True;2
24.11.2022 6:00;5,41322314;;2184,297521;True;2
24.11.2022 18:00;5,165289256;181,8181818;3284,297521;True;2
25.11.2022 6:00;5,289256198;;2945,867769;True;2
25.11.2022 18:00;5,41322314;231,4049587;2544,421488;True;2
26.11.2022 6:00;5;;2723,140496;True;2
26.11.2022 18:00;5,247933884;247,9338843;2643,595041;True;2
27.11.2022 6:00;5,20661157;;2580,805785;True;2
27.11.2022 18:00;5,41322314;293,3884298;2909,958678;True;2
28.11.2022 6:00;5,289256198;;2030,433884;True;2
28.11.2022 18:00;5,20661157;185,9504132;2059,338843;True;2
29.11.2022 6:00;5,330578512;;2634,710744;True;2
29.11.2022 18:00;5,289256198;289,2561983;2232,582645;True;2
30.11.2022 6:00;5,371900826;;2347,727273;True;2
30.11.2022 18:00;5,537190083;280,9917355;2369,896694;True;2
01.12.2022 6:00;5,371900826;;2538,347107;True;2
01.12.2022 18:00;5,20661157;429,7520661;3007,210744;True;2
02.12.2022 6:00;4,752066116;;3035,309917;True;2
02.12.2022 18:00;5,330578512;190,0826446;2617,045455;True;2
03.12.2022 6:00;4,958677686;;3371,404959;True;2
03.12.2022 18:00;5,41322314;363,6363636;2679,235537;True;2
04.12.2022 6:00;4,79338843;;2889,46281;True;2
04.12.2022 18:00;4,58677686;159,0909091;2868,595041;True;2
05.12.2022 6:00;5,165289256;;2659,834711;True;2
05.12.2022 18:00;5,123966942;260,3305785;2600,020661;True;2
06.12.2022 6:00;5,041322314;;3219,297521;True;2
06.12.2022 18:00;5,247933884;247,9338843;2251,838843;True;2
07.12.2022 6:00;5,289256198;;2351,859504;True;2
07.12.2022 18:00;5,330578512;347,107438;2130,640496;True;2
08.12.2022 6:00;5,371900826;;2621,590909;True;2
08.12.2022 18:00;5,041322314;280,9917355;2475,640496;True;2
09.12.2022 6:00;5,123966942;;2673,03719;True;2
09.12.2022 18:00;5,20661157;619,8347107;3226,239669;True;2
10.12.2022 6:00;5,165289256;;3030,165289;True;2
10.12.2022 18:00;5,20661157;268,5950413;2441,219008;True;2
11.12.2022 6:00;5,247933884;;2883,264463;True;2
11.12.2022 18:00;5,371900826;210,7438017;2553,92562;True;2
12.12.2022 6:00;5,165289256;;2841,942149;True;2
12.12.2022 18:00;5,247933884;181,8181818;2698,140496;True;2
13.12.2022 6:00;5,330578512;;2581,07438;True;2
13.12.2022 18:00;5,330578512;165,2892562;2572,272727;True;2
14.12.2022 6:00;5,123966942;;2075,309917;True;2
14.12.2022 18:00;5,123966942;18,59504132;2246,61157;True;2
15.12.2022 6:00;5,330578512;;2123,966942;True;2
15.12.2022 18:00;5,20661157;148,7603306;2595,433884;True;2
16.12.2022 6:00;5,123966942;;2449,421488;True;2
16.12.2022 18:00;5,20661157;148,7603306;2661,632231;True;2
17.12.2022 6:00;5,165289256;;2466,673554;True;2
17.12.2022 18:00;4,958677686;322,3140496;2634,090909;True;2
18.12.2022 6:00;4,628099174;;2985,020661;True;2
18.12.2022 18:00;4,958677686;516,5289256;2897,933884;True;2
19.12.2022 6:00;4,79338843;;3074,380165;True;2
19.12.2022 18:00;5,495867769;413,2231405;2764,979339;True;2
20.12.2022 6:00;4,79338843;;2932,644628;True;2
20.12.2022 18:00;5,330578512;181,8181818;2728,305785;True;2
21.12.2022 6:00;5,619834711;;2207,458678;True;2
21.12.2022 18:00;5,454545455;648,7603306;2389,400826;True;2
22.12.2022 6:00;5,371900826;;2494,256198;True;2
22.12.2022 18:00;5,123966942;376,0330579;2716,818182;True;2
23.12.2022 6:00;5,454545455;;3030,041322;True;2
23.12.2022 18:00;5,123966942;454,5454545;3055,247934;True;2
24.12.2022 6:00;5,247933884;;3597,045455;True;2
24.12.2022 18:00;5,330578512;454,5454545;3434,731405;True;2
25.12.2022 6:00;5,247933884;;3034,483471;True;2
25.12.2022 18:00;5,289256198;454,5454545;3140,227273;True;2
26.12.2022 6:00;5,330578512;;3297,747934;True;2
26.12.2022 18:00;4,752066116;578,5123967;3017,128099;True;2
27.12.2022 6:00;5;;3777,603306;True;2
27.12.2022 18:00;5,371900826;578,5123967;3222,520661;True;2
28.12.2022 6:00;4,917355372;;3255,578512;True;2
28.12.2022 18:00;5,123966942;599,1735537;3094,628099;True;2
29.12.2022 6:00;5,123966942;;2802,85124;True;2
29.12.2022 18:00;4,876033058;574,3801653;2820,206612;True;2
30.12.2022 6:00;5,123966942;;2878,099174;True;2
30.12.2022 18:00;5,454545455;623,9669421;2286,590909;True;2
31.12.2022 6:00;5,289256198;;3330,578512;True;2
31.12.2022 18:00;;;;True;2
01.01.2023 6:00;5,619834711;;3229,752066;False;1
01.01.2023 18:00;5,247933884;561,9834711;3024,214876;False;1
02.01.2023 6:00;5,454545455;;3762,623967;True;2
02.01.2023 18:00;5,330578512;351,2396694;2510,165289;True;2
03.01.2023 6:00;5,247933884;;2915,35124;True;2
03.01.2023 18:00;5,082644628;309,9173554;2951,528926;True;2
04.01.2023 6:00;5;;1902,066116;True;2
04.01.2023 18:00;5;165,2892562;2399,855372;True;2
05.01.2023 6:00;5,20661157;;2427,210744;True;2
05.01.2023 18:00;5,041322314;115,7024793;2913,140496;True;2
06.01.2023 6:00;5,41322314;;2418,429752;True;2
06.01.2023 18:00;5,41322314;342,9752066;2368,38843;True;2
07.01.2023 6:00;5,20661157;;2488,57438;True;2
07.01.2023 18:00;5,495867769;128,0991736;2275,991736;True;2
08.01.2023 6:00;5,20661157;;2311,77686;True;2
08.01.2023 18:00;5;200;2355,847107;True;2
09.01.2023 6:00;5,165289256;;2489,049587;True;2
09.01.2023 18:00;5,123966942;289,2561983;2181,818182;True;2
10.01.2023 6:00;5;;2670,971074;True;2
10.01.2023 18:00;4,834710744;338,8429752;2885,082645;True;2
11.01.2023 6:00;5,247933884;;3622,913223;True;2
11.01.2023 18:00;4,876033058;454,5454545;2931,818182;True;2
12.01.2023 6:00;4,710743802;;2751,652893;True;2
12.01.2023 18:00;5,20661157;330,5785124;2856,363636;True;2
13.01.2023 6:00;5,165289256;;3232,231405;True;2
13.01.2023 18:00;5,247933884;165,2892562;2755,764463;True;2
14.01.2023 6:00;5;;2308,698347;True;2
14.01.2023 18:00;5;326,446281;2912,603306;True;2
15.01.2023 6:00;5,165289256;;2907,830579;True;2
15.01.2023 18:00;4,917355372;260,3305785;2843,099174;True;2
16.01.2023 6:00;5,165289256;;2857,85124;True;2
16.01.2023 18:00;5;388,4297521;2622,210744;True;2
17.01.2023 6:00;5,289256198;;2548,512397;True;2
17.01.2023 18:00;5;495,8677686;2688,367769;True;2
18.01.2023 6:00;5,247933884;;2840,743802;True;2
18.01.2023 18:00;4,958677686;454,5454545;2659,896694;True;2
19.01.2023 6:00;5,041322314;;2911,115702;True;2
19.01.2023 18:00;4,958677686;392,5619835;2829,380165;True;2
20.01.2023 6:00;5,165289256;;2628,512397;True;2
20.01.2023 18:00;5,330578512;413,2231405;2695,516529;True;2
21.01.2023 6:00;5,330578512;;2992,5;True;2
21.01.2023 18:00;5,289256198;367,768595;2633,161157;True;2
22.01.2023 6:00;5,165289256;;2737,665289;True;2
22.01.2023 18:00;5;243,8016529;2588,347107;True;2
23.01.2023 6:00;5,165289256;;2874,669421;True;2
23.01.2023 18:00;5,330578512;326,446281;3060,640496;True;2
24.01.2023 6:00;4,876033058;;2914,876033;True;2
24.01.2023 18:00;4,917355372;293,3884298;2479,876033;True;2
25.01.2023 6:00;4,79338843;;2870,661157;True;2
25.01.2023 18:00;4,958677686;293,3884298;2873,842975;True;2
26.01.2023 6:00;5;;3117,789256;True;2
26.01.2023 18:00;4,710743802;392,5619835;3279,256198;True;2
27.01.2023 6:00;5,165289256;;2760,330579;True;2
27.01.2023 18:00;5,330578512;309,9173554;2497,789256;True;2
28.01.2023 6:00;5,123966942;;2468,533058;True;2
28.01.2023 18:00;5;268,5950413;2578,429752;True;2
29.01.2023 6:00;5,330578512;;2816,280992;True;2
29.01.2023 18:00;4,958677686;297,5206612;2980,309917;True;2
30.01.2023 6:00;5,289256198;;2328,884298;True;2
30.01.2023 18:00;5,289256198;231,4049587;2664,132231;True;2
31.01.2023 6:00;5,165289256;;2002,789256;True;2
31.01.2023 18:00;5,371900826;272,7272727;2325,020661;True;2
01.02.2023 6:00;5,537190083;;2086,694215;True;2
01.02.2023 18:00;4,876033058;305,785124;2595,661157;True;2
02.02.2023 6:00;4,752066116;;3019,834711;True;2
02.02.2023 18:00;5,123966942;380,1652893;3328,884298;True;2
03.02.2023 6:00;5,537190083;;2681,797521;True;2
03.02.2023 18:00;5,454545455;520,661157;2707,355372;True;2
04.02.2023 6:00;5,289256198;;2879,028926;True;2
04.02.2023 18:00;5,165289256;338,8429752;3265,289256;True;2
05.02.2023 6:00;5,289256198;;2984,318182;True;2
05.02.2023 18:00;5,20661157;268,5950413;2641,921488;True;2
06.02.2023 6:00;5,123966942;;2864,710744;True;2
06.02.2023 18:00;5,20661157;309,9173554;2929,524793;True;2
07.02.2023 6:00;5,371900826;;2718,780992;True;2
07.02.2023 18:00;5,537190083;280,9917355;2862,396694;True;2
08.02.2023 6:00;5,578512397;;2555,289256;True;2
08.02.2023 18:00;5,123966942;347,107438;2878,491736;True;2
09.02.2023 6:00;5,247933884;;3163,181818;True;2
09.02.2023 18:00;5,247933884;268,5950413;2845,826446;True;2
10.02.2023 6:00;5,20661157;;3041,404959;True;2
10.02.2023 18:00;5,247933884;219,0082645;2762,727273;True;2
11.02.2023 6:00;5,41322314;;2673,471074;True;2
11.02.2023 18:00;5,289256198;227,2727273;2829,194215;True;2
12.02.2023 6:00;5,247933884;;2513,935537;True;2
12.02.2023 18:00;5,371900826;202,4793388;2233,461157;True;2
13.02.2023 6:00;5,041322314;;2471,012397;True;2
13.02.2023 18:00;5,330578512;351,2396694;2192,227273;True;2
14.02.2023 6:00;5,247933884;;2378,285124;True;2
14.02.2023 18:00;5,123966942;309,9173554;2865,268595;True;2
15.02.2023 6:00;5,371900826;;2590,805785;True;2
15.02.2023 18:00;5,454545455;227,2727273;2506,921488;True;2
16.02.2023 6:00;5,289256198;;2054,586777;True;2
16.02.2023 18:00;5,330578512;252,0661157;2118,595041;True;2
17.02.2023 6:00;5,289256198;;1996,280992;True;2
17.02.2023 18:00;5,165289256;285,1239669;2280,805785;True;2
18.02.2023 6:00;5,289256198;;2814,64876;True;2
18.02.2023 18:00;5,20661157;219,0082645;2688,305785;True;2
19.02.2023 6:00;5,371900826;;2661,363636;True;2
19.02.2023 18:00;5,289256198;194,214876;2663,22314;True;2
20.02.2023 6:00;5,123966942;;2794,442149;True;2
20.02.2023 18:00;5,082644628;144,6280992;2110,495868;True;2
21.02.2023 6:00;5,41322314;;2514,070248;True;2
21.02.2023 18:00;4,958677686;144,6280992;2629,938017;True;2
22.02.2023 6:00;5,371900826;;3094,049587;True;2
22.02.2023 18:00;5,247933884;243,8016529;2517,066116;True;2
23.02.2023 6:00;5,20661157;;2377,396694;True;2
23.02.2023 18:00;5,537190083;177,6859504;2259,400826;True;2
24.02.2023 6:00;5,247933884;;2193,801653;True;2
24.02.2023 18:00;5,247933884;123,9669421;2701,033058;True;2
25.02.2023 6:00;5,123966942;;2540,227273;True;2
25.02.2023 18:00;5,123966942;126,0330579;2370,743802;True;2
26.02.2023 6:00;4,958677686;;3255,702479;True;2
26.02.2023 18:00;5,165289256;126,0330579;2532,045455;True;2
27.02.2023 6:00;5,165289256;;2266,673554;True;2
27.02.2023 18:00;5,165289256;140,4958678;2486,342975;True;2
28.02.2023 6:00;5,371900826;;2303,512397;True;2
28.02.2023 18:00;5,20661157;115,7024793;2371,570248;True;2
01.03.2023 6:00;5,41322314;;2862,541322;True;2
01.03.2023 18:00;5,20661157;105,3719008;2311,466942;True;2
02.03.2023 6:00;4,79338843;;3004,64876;True;2
02.03.2023 18:00;5,041322314;107,4380165;2805,475207;True;2
03.03.2023 6:00;5,247933884;;2695,785124;True;2
03.03.2023 18:00;5,165289256;150,8264463;2496,07438;True;2
04.03.2023 6:00;5,41322314;;2527,975207;True;2
04.03.2023 18:00;4,958677686;144,6280992;2250,557851;True;2
05.03.2023 6:00;4,917355372;;2671,07438;True;2
05.03.2023 18:00;5,041322314;157,0247934;2438,842975;True;2
06.03.2023 6:00;5,041322314;;2664,400826;True;2
06.03.2023 18:00;4,958677686;297,5206612;2374,132231;True;2
07.03.2023 6:00;5,041322314;;2673,119835;True;2
07.03.2023 18:00;5,371900826;268,5950413;2574,793388;True;2
08.03.2023 6:00;5,619834711;;2052,272727;True;2
08.03.2023 18:00;5,743801653;169,4214876;2422,830579;True;2
09.03.2023 6:00;5,619834711;;2064,049587;True;2
09.03.2023 18:00;5,41322314;293,3884298;2280,681818;True;2
10.03.2023 6:00;5,495867769;;2201,549587;True;2
10.03.2023 18:00;5,578512397;256,1983471;2284,400826;True;2
11.03.2023 6:00;5,537190083;;2038,38843;True;2
11.03.2023 18:00;5,371900826;161,1570248;2395,743802;True;2
12.03.2023 6:00;5,41322314;;2650,227273;True;2
12.03.2023 18:00;5;107,4380165;2719,793388;True;2
13.03.2023 6:00;5,20661157;;2772,31405;True;2
13.03.2023 18:00;5,165289256;103,3057851;2444,256198;True;2
14.03.2023 6:00;4,958677686;;2845,35124;True;2
14.03.2023 18:00;4,669421488;95,04132231;2645,061983;True;2
15.03.2023 6:00;5;;2274,421488;True;2
15.03.2023 18:00;4,710743802;173,553719;2355,371901;True;2
16.03.2023 6:00;4,917355372;;2463,636364;True;2
16.03.2023 18:00;5;140,4958678;2731,198347;True;2
17.03.2023 6:00;4,669421488;;2798,760331;True;2
17.03.2023 18:00;5,371900826;152,892562;2098,863636;True;2
18.03.2023 6:00;5,289256198;;2528,409091;True;2
18.03.2023 18:00;5,165289256;111,5702479;2118,285124;True;2
19.03.2023 6:00;5,041322314;;2786,714876;True;2
19.03.2023 18:00;4,917355372;109,5041322;3053,698347;True;2
20.03.2023 6:00;5,537190083;;2477,892562;True;2
20.03.2023 18:00;5,289256198;86,7768595;2432,376033;True;2
21.03.2023 6:00;5,330578512;;2284,090909;True;2
21.03.2023 18:00;5,247933884;66,11570248;2482,169421;True;2
22.03.2023 6:00;5,165289256;;2624,256198;True;2
22.03.2023 18:00;5,165289256;123,9669421;2625,991736;True;2
23.03.2023 6:00;5,082644628;;2593,03719;True;2
23.03.2023 18:00;5,041322314;107,4380165;2731,508264;True;2
24.03.2023 6:00;4,669421488;;2677,376033;True;2
24.03.2023 18:00;5,330578512;123,9669421;2488,22314;True;2
25.03.2023 6:00;5,247933884;;2249,173554;True;2
25.03.2023 18:00;4,917355372;92,97520661;2152,066116;True;2
26.03.2023 6:00;5;;1547,68595;True;2
26.03.2023 18:00;5,371900826;103,3057851;2121,219008;True;2
27.03.2023 6:00;5,165289256;;2469,421488;True;2
27.03.2023 18:00;5,20661157;123,9669421;1992,768595;True;2
28.03.2023 6:00;5,082644628;;2513,367769;True;2
28.03.2023 18:00;4,710743802;115,7024793;2242,871901;True;2
29.03.2023 6:00;4,876033058;;2357,479339;True;2
29.03.2023 18:00;4,917355372;114,8760331;2317,995868;True;2
30.03.2023 6:00;5,123966942;;2203,801653;True;2
30.03.2023 18:00;5,20661157;90,90909091;2139,752066;True;2
31.03.2023 6:00;5,041322314;;2194,483471;True;2
31.03.2023 18:00;4,58677686;128,0991736;2242,975207;True;2
01.04.2023 6:00;4,297520661;;2370,971074;True;2
01.04.2023 18:00;5,041322314;18,18181818;2136,363636;True;2
02.04.2023 6:00;4,504132231;;2706,570248;True;2
02.04.2023 18:00;4,752066116;136,3636364;2433,140496;True;2
03.04.2023 6:00;5,082644628;;2183,595041;True;2
03.04.2023 18:00;4,710743802;134,2975207;2119,752066;True;2
04.04.2023 6:00;5,041322314;;2216,745455;True;2
04.04.2023 18:00;5,041322314;119,8347107;1982,644628;True;2
05.04.2023 6:00;4,710743802;;1808,522314;True;2
05.04.2023 18:00;5,247933884;113,6363636;2050,753719;True;2
06.04.2023 6:00;4,917355372;;1986,342975;True;2
06.04.2023 18:00;5,165289256;86,7768595;1959,752066;True;2
07.04.2023 6:00;5;;1860,196694;True;2
07.04.2023 18:00;5,041322314;78,51239669;2280,35124;True;2
08.04.2023 6:00;4,917355372;;2327,180165;True;2
08.04.2023 18:00;4,958677686;82,6446281;2549,235537;True;2
09.04.2023 6:00;6,198347107;;2365,88843;True;2
09.04.2023 18:00;5,165289256;66,11570248;2089,793388;True;2
10.04.2023 6:00;5,082644628;;2727,747934;True;2
10.04.2023 18:00;5,247933884;74,38016529;2317,975207;True;2
11.04.2023 6:00;4,669421488;;2814,049587;True;2
11.04.2023 18:00;4,917355372;90,90909091;3070,867769;True;2
12.04.2023 6:00;5,165289256;;2323,057851;True;2
12.04.2023 18:00;4,58677686;88,84297521;2709,720661;True;2
13.04.2023 6:00;5,289256198;;1753,842975;True;2
13.04.2023 18:00;5,289256198;101,2396694;3132,066116;True;2
14.04.2023 6:00;5,537190083;;2007,438017;True;2
14.04.2023 18:00;5,537190083;66,94214876;1649,483471;True;2
15.04.2023 6:00;5,247933884;;1772,892562;True;2
15.04.2023 18:00;5,247933884;49,17355372;2594,566116;True;2
16.04.2023 6:00;5,123966942;;1683,957025;True;2
16.04.2023 18:00;5,371900826;59,91735537;1968,181818;True;2
17.04.2023 6:00;5,289256198;;2169,421488;True;2
17.04.2023 18:00;4,79338843;59,91735537;2553,719008;True;2
18.04.2023 6:00;5,289256198;;2211,157025;True;2
18.04.2023 18:00;5,165289256;66,11570248;2557,231405;True;2
19.04.2023 6:00;5,123966942;;2566,735537;True;2
19.04.2023 18:00;5,20661157;107,4380165;1786,570248;True;2
20.04.2023 6:00;5,082644628;;1895,020661;True;2
20.04.2023 18:00;5,165289256;50,41322314;2513,38843;True;2
21.04.2023 6:00;5,247933884;;2197,995868;True;2
21.04.2023 18:00;4,917355372;71,90082645;2748,615702;True;2
22.04.2023 6:00;5,123966942;;2429,338843;True;2
22.04.2023 18:00;4,834710744;70,24793388;2580,454545;True;2
23.04.2023 6:00;5,082644628;;2190,247934;True;2
23.04.2023 18:00;4,462809917;61,98347107;2913,326446;True;2
24.04.2023 6:00;4,917355372;;2567,530579;True;2
24.04.2023 18:00;4,710743802;59,91735537;2325,206612;True;2
25.04.2023 6:00;4,462809917;;2501,859504;True;2
25.04.2023 18:00;4,462809917;43,38842975;2744,11157;True;2
26.04.2023 6:00;4,917355372;;2664,876033;True;2
26.04.2023 18:00;4,545454545;59,91735537;2705,165289;True;2
27.04.2023 6:00;4,917355372;;2861,466942;True;2
27.04.2023 18:00;5,247933884;51,65289256;2009,81405;True;2
28.04.2023 6:00;5,041322314;;2625;True;2
28.04.2023 18:00;4,338842975;49,58677686;2479,938017;True;2
29.04.2023 6:00;5,041322314;;2733,884298;True;2
29.04.2023 18:00;5;49,58677686;2544,834711;True;2
30.04.2023 6:00;5,289256198;;2370,826446;True;2
30.04.2023 18:00;4,58677686;51,65289256;1903,099174;True;2
01.05.2023 6:00;4,876033058;;2275,876033;True;2
01.05.2023 18:00;4,545454545;71,07438017;3249,256198;True;2
02.05.2023 6:00;4,958677686;;2847,975207;True;2
02.05.2023 18:00;4,876033058;51,65289256;2587,396694;True;2
03.05.2023 6:00;5,247933884;;2338,016529;True;2
03.05.2023 18:00;4,958677686;51,65289256;2606,61157;True;2
04.05.2023 6:00;4,958677686;;2403,305785;True;2
04.05.2023 18:00;5,165289256;59,91735537;2280,785124;True;2
05.05.2023 6:00;5,20661157;;2491,42562;True;2
05.05.2023 18:00;5,165289256;53,71900826;2225,619835;True;2
06.05.2023 6:00;5,41322314;;1963,078512;True;2
06.05.2023 18:00;4,710743802;51,65289256;2413,161157;True;2
07.05.2023 6:00;5,247933884;;2438,161157;True;2
07.05.2023 18:00;5,537190083;59,91735537;2506,012397;True;2
08.05.2023 6:00;5,289256198;;2321,280992;True;2
08.05.2023 18:00;5,165289256;39,66942149;2291,714876;True;2
09.05.2023 6:00;5,123966942;;2442,892562;True;2
09.05.2023 18:00;5,123966942;48,76033058;3026,42562;True;2
10.05.2023 6:00;5,041322314;;3659,028926;True;2
10.05.2023 18:00;5,165289256;4,752066116;2903,512397;True;2
11.05.2023 6:00;5,495867769;;2626,756198;True;2
11.05.2023 18:00;5,082644628;59,91735537;3258,367769;True;2
12.05.2023 6:00;5,247933884;;2458,884298;True;2
12.05.2023 18:00;5,537190083;51,65289256;2295,454545;True;2
13.05.2023 6:00;5,371900826;;2329,132231;True;2
13.05.2023 18:00;5,454545455;51,65289256;2184,504132;True;2
14.05.2023 6:00;5,495867769;;2892,871901;True;2
14.05.2023 18:00;5,371900826;43,38842975;2550,268595;True;2
15.05.2023 6:00;5;;2585,041322;True;2
15.05.2023 18:00;5,082644628;49,58677686;2777,665289;True;2
16.05.2023 6:00;4,752066116;;2960,950413;True;2
16.05.2023 18:00;5,20661157;38,42975207;2478,863636;True;2
17.05.2023 6:00;5,20661157;;2436,012397;True;2
17.05.2023 18:00;4,79338843;45,45454545;2540,681818;True;2
18.05.2023 6:00;5,082644628;;2814,11157;True;2
18.05.2023 18:00;5,123966942;51,65289256;2656,508264;True;2
19.05.2023 6:00;5,123966942;;2550,103306;True;2
19.05.2023 18:00;4,752066116;43,38842975;2809,607438;True;2
20.05.2023 6:00;5,20661157;;2421,900826;True;2
20.05.2023 18:00;5,165289256;51,65289256;2412,913223;True;2
21.05.2023 6:00;5;;2329,669421;True;2
21.05.2023 18:00;5,330578512;61,98347107;2303,078512;True;2
22.05.2023 6:00;5,041322314;;2615,826446;True;2
22.05.2023 18:00;5,165289256;49,58677686;2505,847107;True;2
23.05.2023 6:00;5,330578512;;2402,169421;True;2
23.05.2023 18:00;5,41322314;70,24793388;2880,041322;True;2
24.05.2023 6:00;5,289256198;;3351,859504;True;2
24.05.2023 18:00;5,165289256;53,71900826;2280,578512;True;2
25.05.2023 6:00;5,578512397;;2476,838843;True;2
25.05.2023 18:00;5,371900826;49,58677686;2130,578512;True;2
26.05.2023 6:00;5,082644628;;2284,090909;True;2
26.05.2023 18:00;4,958677686;51,65289256;2468,38843;True;2
27.05.2023 6:00;4,834710744;;2452,68595;True;2
27.05.2023 18:00;5,123966942;90,90909091;2637,293388;True;2
28.05.2023 6:00;5,247933884;;2651,900826;True;2
28.05.2023 18:00;5,454545455;86,7768595;2417,747934;True;2
29.05.2023 6:00;5;;2614,979339;True;2
29.05.2023 18:00;5,289256198;57,85123967;2441,404959;True;2
30.05.2023 6:00;4,917355372;;3292,128099;True;2
30.05.2023 18:00;5,578512397;82,6446281;2605,454545;True;2
31.05.2023 6:00;5,495867769;;2537,024793;True;2
31.05.2023 18:00;5,289256198;115,7024793;3213,719008;True;2
01.06.2023 6:00;5,578512397;;2742,14876;True;2
01.06.2023 18:00;5,619834711;173,1404959;2499,442149;True;2
02.06.2023 6:00;5,578512397;;2583,677686;True;2
02.06.2023 18:00;5,619834711;173,553719;2743,92562;True;2
03.06.2023 6:00;5,454545455;;2778,367769;True;2
03.06.2023 18:00;5,371900826;140,4958678;2927,830579;True;2
04.06.2023 6:00;5,330578512;;2745,847107;True;2
04.06.2023 18:00;5,247933884;107,4380165;2491,363636;True;2
05.06.2023 6:00;5;;2459,979339;True;2
05.06.2023 18:00;5,041322314;132,231405;2222,252066;True;2
06.06.2023 6:00;4,917355372;;2929,152893;True;2
06.06.2023 18:00;5,247933884;148,7603306;2668,842975;True;2
07.06.2023 6:00;5,165289256;;2240,929752;True;2
07.06.2023 18:00;5,20661157;119,8347107;2415,599174;True;2
08.06.2023 6:00;5,247933884;;2911,528926;True;2
08.06.2023 18:00;5,247933884;111,5702479;2449,194215;True;2
09.06.2023 6:00;5,20661157;;2571,198347;True;2
09.06.2023 18:00;5,247933884;95,04132231;2545;True;2
10.06.2023 6:00;5,371900826;;2394,194215;True;2
10.06.2023 18:00;5,165289256;97,52066116;3195,392562;True;2
11.06.2023 6:00;5,165289256;;2194,11157;True;2
11.06.2023 18:00;5,041322314;95,04132231;2183,202479;True;2
12.06.2023 6:00;5,20661157;;2302,603306;True;2
12.06.2023 18:00;5,20661157;107,4380165;2573,285124;True;2
13.06.2023 6:00;5,041322314;;2665,123967;True;2
13.06.2023 18:00;4,834710744;72,31404959;2495,661157;True;2
14.06.2023 6:00;4,917355372;;2606,61157;True;2
14.06.2023 18:00;5,247933884;140,4958678;2702,789256;True;2
15.06.2023 6:00;4,958677686;;2179,628099;True;2
15.06.2023 18:00;5;119,8347107;2125,950413;True;2
16.06.2023 6:00;5,165289256;;2789,256198;True;2
16.06.2023 18:00;4,834710744;90,90909091;2032,768595;True;2
17.06.2023 6:00;5,371900826;;2398,38843;True;2
17.06.2023 18:00;5,289256198;99,17355372;2622,190083;True;2
18.06.2023 6:00;4,958677686;;2429,855372;True;2
18.06.2023 18:00;4,876033058;115,7024793;2645,53719;True;2
19.06.2023 6:00;4,710743802;;3030,847107;True;2
19.06.2023 18:00;5,165289256;72,72727273;2033,863636;True;2
20.06.2023 6:00;5,082644628;;2069,070248;True;2
20.06.2023 18:00;4,669421488;46,28099174;2442,045455;True;2
21.06.2023 6:00;4,876033058;;2104,008264;True;2
21.06.2023 18:00;5,247933884;103,3057851;2347,830579;True;2
22.06.2023 6:00;5,20661157;;2509,090909;True;2
22.06.2023 18:00;5,454545455;136,3636364;2569,008264;True;2
23.06.2023 6:00;5,371900826;;2668,533058;True;2
23.06.2023 18:00;5,165289256;115,7024793;2137,210744;True;2
24.06.2023 6:00;5,123966942;;2015,702479;True;2
24.06.2023 18:00;5,041322314;82,6446281;1894,958678;True;2
25.06.2023 6:00;4,876033058;;2243,471074;True;2
25.06.2023 18:00;4,79338843;82,6446281;2277,169421;True;2
26.06.2023 6:00;4,958677686;;2125;True;2
26.06.2023 18:00;4,628099174;66,11570248;2194,152893;True;2
27.06.2023 6:00;4,876033058;;2292,231405;True;2
27.06.2023 18:00;4,958677686;52,0661157;2400,123967;True;2
28.06.2023 6:00;4,628099174;;2368,057851;True;2
28.06.2023 18:00;4,752066116;53,71900826;2359,876033;True;2
29.06.2023 6:00;4,752066116;;2018,450413;True;2
29.06.2023 18:00;5,123966942;61,98347107;2416,42562;True;2
30.06.2023 6:00;5,247933884;;2725,206612;True;2
30.06.2023 18:00;5,330578512;68,18181818;2476,033058;True;2
01.07.2023 6:00;5,082644628;;3054,710744;True;2
01.07.2023 18:00;5,041322314;82,6446281;2753,553719;True;2
02.07.2023 6:00;5,041322314;;2720,020661;True;2
02.07.2023 18:00;5;68,18181818;2520,18595;True;2
03.07.2023 6:00;5,330578512;;2506,404959;True;2
03.07.2023 18:00;4,876033058;66,11570248;2721,260331;True;2
04.07.2023 6:00;5,041322314;;2187,706612;True;2
04.07.2023 18:00;5,041322314;66,11570248;2230,144628;True;2
05.07.2023 6:00;4,752066116;;2011,859504;True;2
05.07.2023 18:00;4,917355372;68,18181818;2300,764463;True;2
06.07.2023 6:00;4,834710744;;2507,31405;True;2
06.07.2023 18:00;4,79338843;90,90909091;2349,008264;True;2
07.07.2023 6:00;4,79338843;;2301,239669;True;2
07.07.2023 18:00;4,834710744;57,85123967;2632,107438;True;2
08.07.2023 6:00;4,917355372;;2154,400826;True;2
08.07.2023 18:00;5,289256198;82,6446281;2215,867769;True;2
09.07.2023 6:00;5,165289256;;2263,119835;True;2
09.07.2023 18:00;4,958677686;66,94214876;2478,863636;True;2
10.07.2023 6:00;4,58677686;;3213,946281;True;2
10.07.2023 18:00;5,082644628;52,0661157;2608,57438;True;2
11.07.2023 6:00;5,082644628;;2535,743802;True;2
11.07.2023 18:00;4,58677686;42,14876033;2661,239669;True;2
12.07.2023 6:00;4,876033058;;2440,289256;True;2
12.07.2023 18:00;4,876033058;66,11570248;2695,433884;True;2
13.07.2023 6:00;5,041322314;;2333,326446;True;2
13.07.2023 18:00;5,289256198;51,65289256;2251,053719;True;2
14.07.2023 6:00;4,958677686;;2773,181818;True;2
14.07.2023 18:00;5,041322314;51,65289256;2424,979339;True;2
15.07.2023 6:00;4,752066116;;2561,570248;True;2
15.07.2023 18:00;5,123966942;66,11570248;2528,987603;True;2
16.07.2023 6:00;5,123966942;;2884,545455;True;2
16.07.2023 18:00;5,123966942;82,6446281;2347,727273;True;2
17.07.2023 6:00;5,41322314;;2298,243802;True;2
17.07.2023 18:00;5,289256198;68,18181818;2463,657025;True;2
18.07.2023 6:00;5,123966942;;2704,752066;True;2
18.07.2023 18:00;4,917355372;92,97520661;2545,206612;True;2
19.07.2023 6:00;4,876033058;;2225,619835;True;2
19.07.2023 18:00;5;57,85123967;2585,123967;True;2
20.07.2023 6:00;5,041322314;;2784,731405;True;2
20.07.2023 18:00;4,710743802;49,58677686;2409,64876;True;2
21.07.2023 6:00;5,082644628;;2124,483471;True;2
21.07.2023 18:00;4,834710744;43,38842975;1922,417355;True;2
22.07.2023 6:00;4,917355372;;2254,235537;True;2
22.07.2023 18:00;4,58677686;51,65289256;2444,235537;True;2
23.07.2023 6:00;5,330578512;;2274,380165;True;2
23.07.2023 18:00;4,917355372;66,11570248;2473,38843;True;2
24.07.2023 6:00;4,876033058;;2409,173554;True;2
24.07.2023 18:00;5,165289256;57,85123967;2565,082645;True;2
25.07.2023 6:00;5,123966942;;2442,479339;True;2
25.07.2023 18:00;5,289256198;57,43801653;2687,582645;True;2
26.07.2023 6:00;5,20661157;;2748,739669;True;2
26.07.2023 18:00;5,041322314;51,23966942;2954,090909;True;2
27.07.2023 6:00;5,041322314;;2414,46281;True;2
27.07.2023 18:00;4,710743802;50,41322314;2740,971074;True;2
28.07.2023 6:00;4,834710744;;2457,169421;True;2
28.07.2023 18:00;4,79338843;49,58677686;2785,413223;True;2
29.07.2023 6:00;5;;2365,764463;True;2
29.07.2023 18:00;5;59,91735537;2421,797521;True;2
30.07.2023 6:00;5,165289256;;2284,979339;True;2
30.07.2023 18:00;5,495867769;59,91735537;2510,702479;True;2
31.07.2023 6:00;5,082644628;;2546,694215;True;2
31.07.2023 18:00;5,20661157;82,6446281;2681,818182;True;2
01.08.2023 6:00;4,958677686;;2565,909091;True;2
01.08.2023 18:00;4,834710744;43,38842975;2520,454545;True;2
02.08.2023 6:00;5,289256198;;2424,173554;True;2
02.08.2023 18:00;4,958677686;57,43801653;3099,018182;True;2
03.08.2023 6:00;5,20661157;;1936,219008;True;2
03.08.2023 18:00;5,123966942;84,7107438;2450,155372;True;2
04.08.2023 6:00;4,834710744;;2636,508264;True;2
04.08.2023 18:00;4,958677686;41,32231405;2732,231405;True;2
05.08.2023 6:00;5,082644628;;2584,772727;True;2
05.08.2023 18:00;4,917355372;41,32231405;2554,318182;True;2
06.08.2023 6:00;5,123966942;;2150,53719;True;2
06.08.2023 18:00;5,289256198;57,85123967;2058,946281;True;2
07.08.2023 6:00;5,371900826;;2064,132231;True;2
07.08.2023 18:00;5,082644628;59,50413223;2408,491736;True;2
08.08.2023 6:00;4,958677686;;2838,016529;True;2
08.08.2023 18:00;4,79338843;51,65289256;2536,466942;True;2
09.08.2023 6:00;4,628099174;;2735,123967;False;1
09.08.2023 18:00;4,958677686;;2537,190083;False;1
10.08.2023 6:00;4,462809917;41,32231405;2059,338843;False;1
10.08.2023 18:00;4,628099174;41,32231405;2379,46281;False;1
11.08.2023 6:00;4,79338843;49,58677686;1295,702479;False;1
11.08.2023 18:00;4,876033058;41,32231405;1392,85124;False;1
12.08.2023 6:00;4,876033058;51,23966942;3524,545455;False;1
12.08.2023 18:00;4,628099174;;3528,636364;False;1
13.08.2023 6:00;5,041322314;57,85123967;3295,702479;False;1
13.08.2023 18:00;4,79338843;;3678,099174;False;1
14.08.2023 6:00;5,041322314;57,85123967;3551,260331;False;1
14.08.2023 18:00;5,041322314;;3335,123967;False;1
15.08.2023 6:00;4,79338843;;3089,64876;False;1
15.08.2023 18:00;4,958677686;;2805,991736;False;1
16.08.2023 6:00;4,669421488;;2785,72314;False;1
16.08.2023 18:00;5,20661157;;2752,066116;False;1
17.08.2023 6:00;4,876033058;;2406,61157;False;1
17.08.2023 18:00;5,123966942;;2239,669421;False;1
18.08.2023 6:00;4,710743802;;2545,144628;False;1
18.08.2023 18:00;5,20661157;;2312,644628;False;1
19.08.2023 6:00;4,669421488;;2908,078512;False;1
19.08.2023 18:00;4,628099174;;3049,958678;False;1
20.08.2023 6:00;4,917355372;;2897,334711;False;1
20.08.2023 18:00;4,710743802;;2991,942149;False;1
21.08.2023 6:00;5;;2586,487603;False;1
21.08.2023 18:00;5,041322314;;2877,809917;False;1
22.08.2023 6:00;5,123966942;;2371,652893;False;1
22.08.2023 18:00;5,123966942;;2811,570248;False;1
23.08.2023 6:00;4,834710744;;2633,884298;False;1
23.08.2023 18:00;5,123966942;;2627,892562;False;1
24.08.2023 6:00;4,462809917;;3481,446281;False;1
24.08.2023 18:00;5,041322314;;2425,619835;False;1
25.08.2023 6:00;4,834710744;;2913,533058;False;1
25.08.2023 18:00;4,958677686;;2925,619835;False;1
26.08.2023 6:00;5,495867769;;3678,202479;False;1
26.08.2023 18:00;5,537190083;;2827,14876;False;1
27.08.2023 6:00;5,950413223;;4526,96281;False;1
27.08.2023 18:00;5,454545455;;4135,144628;False;1
28.08.2023 6:00;5,702479339;;2979,731405;False;1
28.08.2023 18:00;5,371900826;;2970,206612;False;1
29.08.2023 6:00;5,785123967;;1818,92562;False;1
29.08.2023 18:00;5,537190083;;2091,07438;False;1
30.08.2023 6:00;5,247933884;;1451,342975;False;1
30.08.2023 18:00;5,702479339;;1498,842975;False;1
31.08.2023 6:00;5,909090909;;2027,913223;False;1
31.08.2023 18:00;5,702479339;;2249,256198;False;1
01.09.2023 6:00;5,785123967;;2739,090909;False;1
01.09.2023 18:00;5,785123967;;2582,644628;False;1
02.09.2023 6:00;5,743801653;;2466,632231;False;1
02.09.2023 18:00;5,785123967;;1600,826446;False;1
03.09.2023 6:00;5,826446281;;2513,181818;False;1
03.09.2023 18:00;5,785123967;;2494,752066;False;1
04.09.2023 6:00;5,785123967;;2292,975207;False;1
04.09.2023 18:00;5,702479339;;2417,256198;False;1
05.09.2023 6:00;6,404958678;;2342,665289;False;1
05.09.2023 18:00;6,115702479;;2027,231405;False;1
06.09.2023 6:00;6,363636364;;1575,929752;False;1
06.09.2023 18:00;6,363636364;;2027,231405;False;1
07.09.2023 6:00;5,454545455;;3070,309917;False;1
07.09.2023 18:00;6,446280992;;3028,719008;False;1
08.09.2023 6:00;6,446280992;;4083,016529;False;1
09.09.2023 6:00;5,991735537;;2500,495868;False;1
09.09.2023 18:00;6,033057851;;2515,289256;False;1
10.09.2023 6:00;5,909090909;;1850,826446;False;1
10.09.2023 18:00;5,867768595;;2461,983471;False;1
11.09.2023 6:00;5,826446281;;2000,900826;False;1
11.09.2023 18:00;5,950413223;;1930,330579;False;1
12.09.2023 6:00;5,537190083;;2936,363636;False;1
12.09.2023 18:00;5,619834711;;2623,264463;False;1
13.09.2023 6:00;5,702479339;;1991,735537;False;1
13.09.2023 18:00;5,702479339;;1534,917355;False;1
14.09.2023 6:00;5,867768595;;1700,18595;False;1
14.09.2023 18:00;5,950413223;;1414,46281;False;1
15.09.2023 6:00;5,578512397;;1616,570248;False;1
15.09.2023 18:00;5,289256198;;2939,669421;False;1
16.09.2023 6:00;5,991735537;;3217,768595;False;1
16.09.2023 18:00;5,537190083;;3173,347107;False;1
17.09.2023 6:00;5,371900826;;3090,082645;False;1
17.09.2023 18:00;5,371900826;;3125,206612;False;1
18.09.2023 6:00;5,330578512;;3374,586777;False;1
18.09.2023 18:00;5,123966942;;3214,46281;False;1
19.09.2023 6:00;5,495867769;;2777,768595;False;1
19.09.2023 18:00;5,123966942;;1813,057851;False;1
20.09.2023 6:00;5,537190083;;2986,177686;False;1
20.09.2023 18:00;5,702479339;;2684,917355;False;1
21.09.2023 6:00;5,661157025;;3037,396694;False;1
21.09.2023 18:00;5,537190083;;2868,595041;False;1
22.09.2023 6:00;5,661157025;;4036,735537;False;1
22.09.2023 18:00;5,537190083;;3228,099174;False;1
23.09.2023 6:00;5,537190083;;2712,293388;False;1
23.09.2023 18:00;5,454545455;;2861,77686;False;1
24.09.2023 6:00;5,371900826;;2635,950413;False;1
24.09.2023 18:00;5,289256198;;2471,694215;False;1
25.09.2023 6:00;5,41322314;;2854,132231;False;1
25.09.2023 18:00;5,619834711;;2951,239669;False;1
26.09.2023 6:00;5,289256198;;2610,950413;False;1
26.09.2023 18:00;5,537190083;;2376,859504;False;1
27.09.2023 6:00;5,454545455;;2444,380165;False;1
27.09.2023 18:00;5,454545455;;2006,115702;False;1
28.09.2023 6:00;5,454545455;;3205,371901;False;1
28.09.2023 18:00;4,876033058;;4021,942149;False;1
29.09.2023 6:00;5,371900826;;2642,561983;False;1
29.09.2023 18:00;5,123966942;;2572,727273;False;1
30.09.2023 6:00;5,495867769;;2247,768595;False;1
30.09.2023 18:00;5,454545455;;2380,991736;False;1
01.10.2023 6:00;5,371900826;;2440,578512;False;1
01.10.2023 18:00;5,537190083;;2824,793388;False;1
02.10.2023 6:00;5,41322314;;2532,210744;False;1
02.10.2023 18:00;5,537190083;;2499,586777;False;1
03.10.2023 6:00;5,20661157;;2828,099174;False;1
03.10.2023 18:00;5,371900826;;2880,165289;False;1
04.10.2023 6:00;5,454545455;;2583,966942;False;1
04.10.2023 18:00;5,289256198;;2710,743802;False;1
05.10.2023 6:00;5,826446281;;2796,983471;False;1
05.10.2023 18:00;5,454545455;;2496,033058;False;1
06.10.2023 6:00;5,495867769;;2656,714876;False;1
06.10.2023 18:00;5,537190083;;2713,38843;False;1
07.10.2023 6:00;5,619834711;;3205,330579;False;1
07.10.2023 18:00;6,115702479;;3487,892562;False;1
08.10.2023 6:00;5,247933884;;3410,661157;False;1
08.10.2023 18:00;5,537190083;;2538,140496;False;1
09.10.2023 6:00;5,123966942;;3301,673554;False;1
09.10.2023 18:00;5,371900826;;2637,31405;False;1
10.10.2023 6:00;4,752066116;;2428,078512;False;1
10.10.2023 18:00;5,950413223;;2743,305785;False;1
11.10.2023 6:00;4,752066116;;2225,909091;False;1
11.10.2023 18:00;5,041322314;;2438,016529;False;1
12.10.2023 6:00;5,41322314;;2948,780992;False;1
12.10.2023 18:00;5,454545455;;2000;False;1
13.10.2023 6:00;5,454545455;;2116,322314;False;1
13.10.2023 18:00;5,289256198;;2333,842975;False;1
14.10.2023 6:00;5,082644628;;2823,842975;False;1
14.10.2023 18:00;5,289256198;;3308,512397;False;1
15.10.2023 6:00;5,495867769;;2777,107438;False;1
15.10.2023 18:00;5,702479339;;2115,578512;False;1
16.10.2023 6:00;5,330578512;;2748,533058;False;1
16.10.2023 18:00;5,371900826;;1770,454545;False;1
17.10.2023 6:00;5,330578512;;2869,64876;False;1
17.10.2023 18:00;5,289256198;;2351,983471;False;1
18.10.2023 6:00;5,537190083;;2328,904959;False;1
18.10.2023 18:00;7,520661157;;2985,165289;False;1
19.10.2023 6:00;5,20661157;;3105,082645;False;1
19.10.2023 18:00;5,537190083;;2747,933884;False;1
20.10.2023 6:00;5,289256198;;2950,330579;False;1
20.10.2023 18:00;5,371900826;;3049,586777;False;1
21.10.2023 6:00;5,289256198;;2722,706612;False;1
21.10.2023 18:00;5,537190083;;2460,661157;False;1
22.10.2023 6:00;5,371900826;;3013,202479;False;1
22.10.2023 18:00;5,454545455;;2712,024793;False;1
23.10.2023 6:00;5,041322314;;2669,008264;False;1
23.10.2023 18:00;5,041322314;;2642,975207;False;1
24.10.2023 6:00;5,082644628;;2977,190083;False;1
24.10.2023 18:00;5,371900826;;2709,917355;False;1
25.10.2023 6:00;5,371900826;;2969,545455;False;1
25.10.2023 18:00;5,537190083;;3214,793388;False;1
26.10.2023 6:00;5,20661157;;2850,991736;False;1
26.10.2023 18:00;5,371900826;;2641,404959;False;1
27.10.2023 6:00;5,20661157;;2619,421488;False;1
27.10.2023 18:00;4,958677686;;2892,561983;False;1
28.10.2023 6:00;5,661157025;;2744,318182;False;1
28.10.2023 18:00;5,702479339;;2487,603306;False;1
29.10.2023 6:00;5,247933884;;2733,553719;False;1
29.10.2023 18:00;5,619834711;;2888,22314;False;1
30.10.2023 6:00;5,330578512;;2712,933884;False;1
30.10.2023 18:00;5,123966942;;2625,082645;False;1
31.10.2023 6:00;5,330578512;;2614,876033;False;1
31.10.2023 18:00;4,710743802;;2560,330579;False;1
01.11.2023 6:00;5,330578512;;2592,190083;False;1
01.11.2023 18:00;5,454545455;;2566,942149;False;1
02.11.2023 6:00;5,123966942;;2822,5;False;1
02.11.2023 18:00;5,371900826;;2555,371901;False;1
03.11.2023 6:00;5,041322314;;2748,243802;False;1
03.11.2023 18:00;5,371900826;;2707,024793;False;1
04.11.2023 6:00;5,371900826;;2736,363636;False;1
04.11.2023 18:00;5,20661157;;3064,049587;False;1
05.11.2023 6:00;5,371900826;;3026,549587;False;1
05.11.2023 18:00;5,041322314;;2987,603306;False;1
06.11.2023 6:00;5,578512397;;2667,644628;False;1
06.11.2023 18:00;5,289256198;;2455,454545;False;1
07.11.2023 6:00;5,330578512;;3416,115702;False;1
07.11.2023 18:00;5,20661157;;3030,826446;False;1
08.11.2023 6:00;5,371900826;;2786,632231;False;1
08.11.2023 18:00;5,702479339;;3190,330579;False;1
09.11.2023 6:00;5,41322314;;1977,045455;False;1
09.11.2023 18:00;5,371900826;;3173,801653;False;1
10.11.2023 6:00;5,082644628;;3067,004132;False;1
10.11.2023 18:00;5,20661157;;2950;False;1
11.11.2023 6:00;5,330578512;;2855,18595;False;1
11.11.2023 18:00;5,289256198;;2825,619835;False;1
12.11.2023 6:00;5,371900826;;2928,491736;False;1
12.11.2023 18:00;5,20661157;;2458,677686;False;1
13.11.2023 6:00;5,537190083;;2381,61157;False;1
13.11.2023 18:00;5,702479339;;2595,041322;False;1
14.11.2023 6:00;5,619834711;;3100,206612;False;1
14.11.2023 18:00;5,289256198;;2336,818182;False;1
15.11.2023 6:00;5,578512397;;2207,975207;False;1
15.11.2023 18:00;5,289256198;;1637,355372;False;1
16.11.2023 6:00;5,165289256;;2427,830579;False;1
16.11.2023 18:00;5,041322314;;2363,966942;False;1
17.11.2023 6:00;4,834710744;;2101,735537;False;1
17.11.2023 18:00;5,041322314;;2204,173554;False;1
18.11.2023 6:00;5,123966942;;2404,214876;False;1
18.11.2023 18:00;4,545454545;;2673,140496;False;1
19.11.2023 6:00;5,041322314;;2774,504132;False;1
19.11.2023 18:00;5,041322314;;2718,38843;False;1
20.11.2023 6:00;5,247933884;;2748,760331;False;1
20.11.2023 18:00;5,041322314;;2413,22314;False;1
21.11.2023 6:00;5,20661157;;3189,772727;False;1
21.11.2023 18:00;5,20661157;;3462,809917;False;1
22.11.2023 6:00;5,289256198;;2788,367769;False;1
22.11.2023 18:00;5,371900826;;2727,520661;False;1
23.11.2023 6:00;5,247933884;;2792,14876;False;1
23.11.2023 18:00;4,958677686;;2943,347107;False;1
24.11.2023 6:00;4,834710744;;2942,975207;False;1
24.11.2023 18:00;4,876033058;;2938,305785;False;1
25.11.2023 6:00;5,247933884;;2596,714876;False;1
25.11.2023 18:00;5,123966942;;2384,628099;False;1
26.11.2023 6:00;5,537190083;;2614,566116;False;1
26.11.2023 18:00;5,454545455;;2470,041322;False;1
27.11.2023 6:00;5,330578512;;2781,260331;False;1
27.11.2023 18:00;5,371900826;;2402,272727;False;1
28.11.2023 6:00;5,082644628;;2839,669421;False;1
28.11.2023 18:00;5,289256198;;1508,264463;False;1
29.11.2023 6:00;5,330578512;;2770,454545;False;1
29.11.2023 18:00;5,041322314;;2995,867769;False;1
30.11.2023 6:00;5,371900826;;2434,028926;False;1
30.11.2023 18:00;5,289256198;;2154,586777;False;1
01.12.2023 6:00;5,289256198;;2185,950413;False;1
01.12.2023 18:00;5,123966942;;2582,747934;False;1
02.12.2023 6:00;5,247933884;;2694,628099;False;1
02.12.2023 18:00;5,123966942;;2887,190083;False;1
03.12.2023 6:00;5,289256198;;2785,082645;False;1
03.12.2023 18:00;4,876033058;;2701,652893;False;1
04.12.2023 6:00;5,454545455;;2535,020661;False;1
04.12.2023 18:00;5,289256198;;2588,429752;False;1
05.12.2023 6:00;5,165289256;;2668,904959;False;1
05.12.2023 18:00;5,20661157;;2424,793388;False;1
06.12.2023 6:00;5,289256198;;2552,066116;False;1
06.12.2023 18:00;5,537190083;;2464,46281;False;1
07.12.2023 6:00;5,537190083;;2528,305785;False;1
07.12.2023 18:00;5,371900826;;2613,22314;False;1
08.12.2023 6:00;5,289256198;;2901,239669;False;1
08.12.2023 18:00;5,454545455;;2586,61157;False;1
09.12.2023 6:00;5,495867769;;2904,586777;False;1
09.12.2023 18:00;5,454545455;;2728,92562;False;1
10.12.2023 6:00;5,41322314;;2591,322314;False;1
10.12.2023 18:00;5,454545455;;2521,900826;False;1
11.12.2023 6:00;5,454545455;;2551,280992;False;1
11.12.2023 18:00;5,289256198;;2755,371901;False;1
12.12.2023 6:00;5,371900826;;2892,830579;False;1
12.12.2023 18:00;5,537190083;;2424,545455;False;1
13.12.2023 6:00;5,371900826;;2293,553719;False;1
13.12.2023 18:00;5,20661157;;2275,826446;False;1
14.12.2023 6:00;5,165289256;;2918,38843;False;1
14.12.2023 18:00;5,619834711;;2597,520661;False;1
15.12.2023 6:00;5,41322314;;2674,400826;False;1
15.12.2023 18:00;5,289256198;;2986,77686;False;1
16.12.2023 6:00;5,20661157;;2704,132231;False;1
16.12.2023 18:00;5,371900826;;2902,479339;False;1
17.12.2023 6:00;5,702479339;;2518,057851;False;1
17.12.2023 18:00;4,876033058;;2272,561983;False;1
18.12.2023 6:00;5,165289256;;2770,309917;False;1
18.12.2023 18:00;5,20661157;;3168,347107;False;1
19.12.2023 6:00;5,289256198;;2636,77686;False;1
19.12.2023 18:00;5,123966942;;2612,272727;False;1
20.12.2023 6:00;5,165289256;;2757,045455;False;1
20.12.2023 18:00;5,123966942;;2961,487603;False;1
21.12.2023 6:00;5,123966942;;2058,780992;False;1
21.12.2023 18:00;5,041322314;;2761,983471;False;1
22.12.2023 6:00;5,20661157;;4861,053719;False;1
22.12.2023 18:00;5,537190083;;2756,61157;False;1
23.12.2023 6:00;5,330578512;;2681,280992;False;1
23.12.2023 18:00;5,289256198;;2543,801653;False;1
24.12.2023 6:00;5,41322314;;2586,921488;False;1
24.12.2023 18:00;5,371900826;;2844,628099;False;1
25.12.2023 6:00;5,785123967;;2568,326446;False;1
25.12.2023 18:00;5,702479339;;2574,793388;False;1
26.12.2023 6:00;5,826446281;;2553,92562;False;1
26.12.2023 18:00;5,867768595;;2573,553719;False;1
27.12.2023 6:00;5,826446281;;3077,14876;False;1
27.12.2023 18:00;5,785123967;;2884,297521;False;1
28.12.2023 6:00;5,702479339;;3072,768595;False;1
28.12.2023 18:00;5,619834711;;2676,570248;False;1
29.12.2023 6:00;5,661157025;;3110,475207;False;1
29.12.2023 18:00;5,619834711;;2885,950413;False;1
30.12.2023 6:00;5,537190083;;2660,330579;False;1
30.12.2023 18:00;5,371900826;;2983,884298;False;1
31.12.2023 6:00;5,371900826;;2863,22314;False;1
31.12.2023 18:00;5,289256198;;2797,933884;False;1
01.01.2024 6:00;5,41322314;;2802,975207;True;2
01.01.2024 18:00;5,578512397;57,85123967;2950,082645;True;2
02.01.2024 6:00;5,537190083;;3041,033058;True;2
02.01.2024 18:00;5,454545455;53,71900826;3002,024793;True;2
03.01.2024 6:00;5,495867769;;2629,917355;True;2
03.01.2024 18:00;5,247933884;49,58677686;2696,260331;True;2
04.01.2024 6:00;5,289256198;;2657,582645;True;2
04.01.2024 18:00;5,20661157;45,45454545;3668,161157;True;2
05.01.2024 6:00;5,247933884;;2833,264463;True;2
05.01.2024 18:00;5,537190083;49,58677686;3021,053719;True;2
06.01.2024 6:00;5,371900826;;2970,681818;True;2
06.01.2024 18:00;5,495867769;53,71900826;2339,958678;True;2
07.01.2024 6:00;5,495867769;;2119,710744;True;2
07.01.2024 18:00;5,454545455;59,91735537;2213,739669;True;2
08.01.2024 6:00;5,537190083;;2356,301653;True;2
08.01.2024 18:00;5,454545455;59,91735537;2542,355372;True;2
09.01.2024 6:00;5,20661157;;2231,128099;True;2
09.01.2024 18:00;5,330578512;47,9338843;2606,528926;True;2
10.01.2024 6:00;5,454545455;;2623,140496;True;2
10.01.2024 18:00;5,289256198;97,10743802;2861,900826;True;2
11.01.2024 6:00;5,454545455;;2673,140496;True;2
11.01.2024 18:00;5,247933884;49,58677686;2317,14876;True;2
12.01.2024 6:00;5,247933884;;2190,991736;True;2
12.01.2024 18:00;5,20661157;57,85123967;2515,681818;True;2
13.01.2024 6:00;5,123966942;;2448,739669;True;2
13.01.2024 18:00;5,123966942;51,65289256;2583,161157;True;2
14.01.2024 6:00;5,165289256;;2601,652893;True;2
14.01.2024 18:00;5,454545455;68,18181818;2539,979339;True;2
15.01.2024 6:00;5,20661157;;2549,586777;True;2
15.01.2024 18:00;5,371900826;67,3553719;2539,152893;True;2
16.01.2024 6:00;5,20661157;;2379,855372;True;2
16.01.2024 18:00;5,289256198;68,18181818;2585,950413;True;2
17.01.2024 6:00;5;;2747,252066;True;2
17.01.2024 18:00;5,247933884;74,38016529;2223,987603;True;2
18.01.2024 6:00;4,958677686;;2485,950413;True;2
18.01.2024 18:00;5,247933884;74,38016529;2193,636364;True;2
19.01.2024 6:00;5,123966942;;2509,090909;True;2
19.01.2024 18:00;5,082644628;66,11570248;2568,884298;True;2
20.01.2024 6:00;5,20661157;;2457,68595;True;2
20.01.2024 18:00;5,165289256;66,11570248;3119,132231;True;2
21.01.2024 6:00;5,289256198;;2959,81405;True;2
21.01.2024 18:00;5,165289256;51,65289256;2283,367769;True;2
22.01.2024 6:00;5,247933884;;2802,582645;True;2
22.01.2024 18:00;5;59,91735537;2829,338843;True;2
23.01.2024 6:00;5,041322314;;2443,801653;True;2
23.01.2024 18:00;5;59,91735537;2633,264463;True;2
24.01.2024 6:00;5,330578512;;2814,545455;True;2
24.01.2024 18:00;5,289256198;55,78512397;2356,177686;True;2
25.01.2024 6:00;5,289256198;61,98347107;2633,099174;True;2
25.01.2024 18:00;5,123966942;57,85123967;2428,347107;True;2
26.01.2024 6:00;5,165289256;;2703,181818;True;2
26.01.2024 18:00;5,330578512;57,85123967;3366,177686;True;2
27.01.2024 6:00;5,247933884;;2183,099174;True;2
27.01.2024 18:00;5,041322314;47,9338843;2302,727273;True;2
28.01.2024 6:00;5,165289256;;2498,842975;True;2
28.01.2024 18:00;5,371900826;61,98347107;2814,297521;True;2
29.01.2024 6:00;5,41322314;;2725,309917;True;2
29.01.2024 18:00;5,20661157;53,71900826;2774,359504;True;2
30.01.2024 6:00;5,41322314;;2197,231405;True;2
30.01.2024 18:00;5,330578512;56,19834711;2369,545455;True;2
31.01.2024 6:00;5,454545455;;2461,342975;True;2
31.01.2024 18:00;5,330578512;59,91735537;2627,376033;True;2
01.02.2024 6:00;5,330578512;;2377,190083;True;2
01.02.2024 18:00;5,289256198;59,91735537;2472,417355;True;2
02.02.2024 6:00;5,330578512;;2445,206612;True;2
02.02.2024 18:00;5,454545455;66,11570248;2310,041322;True;2
03.02.2024 6:00;5,495867769;;2767,644628;True;2
03.02.2024 18:00;5,495867769;57,85123967;2547,479339;True;2
04.02.2024 6:00;5,454545455;;2630,578512;True;2
04.02.2024 18:00;5,247933884;82,6446281;2698,264463;True;2
05.02.2024 6:00;5,41322314;;2789,607438;True;2
05.02.2024 18:00;5,041322314;77,68595041;2746,322314;True;2
06.02.2024 6:00;5,041322314;;2775,495868;True;2
06.02.2024 18:00;5,289256198;68,18181818;2718,471074;True;2
07.02.2024 6:00;4,79338843;;2693,615702;True;2
07.02.2024 18:00;5,20661157;76,44628099;2815,599174;True;2
08.02.2024 6:00;5,41322314;;2782,231405;True;2
08.02.2024 18:00;5,454545455;66,11570248;2932,727273;True;2
09.02.2024 6:00;5,537190083;;2874,545455;True;2
09.02.2024 18:00;5,454545455;74,38016529;3029,669421;True;2
10.02.2024 6:00;5,454545455;;3649,896694;True;2
10.02.2024 18:00;5,537190083;68,18181818;3138,842975;True;2
11.02.2024 6:00;5,661157025;;3218,987603;True;2
11.02.2024 18:00;5,702479339;74,38016529;2938,698347;True;2
12.02.2024 6:00;5,785123967;;2688,842975;True;2
12.02.2024 18:00;5,826446281;66,11570248;2831,880165;True;2
13.02.2024 6:00;5,661157025;;2738,409091;True;2
13.02.2024 18:00;5,578512397;49,58677686;2687,396694;True;2
14.02.2024 6:00;5,289256198;;2949,855372;True;2
14.02.2024 18:00;5,247933884;56,19834711;3099,669421;True;2
15.02.2024 6:00;5,41322314;;2664,256198;True;2
15.02.2024 18:00;5,20661157;42,97520661;2712,479339;True;2
16.02.2024 6:00;5,289256198;;2699,669421;True;2
16.02.2024 18:00;5,41322314;107,4380165;3164,27686;True;2
17.02.2024 6:00;5,909090909;;2734,070248;True;2
17.02.2024 18:00;5,661157025;61,98347107;2621,239669;True;2
18.02.2024 6:00;5,619834711;;2770,661157;True;2
18.02.2024 18:00;5,867768595;68,18181818;2581,632231;True;2
19.02.2024 6:00;5,826446281;;3353,698347;True;2
19.02.2024 18:00;5,826446281;68,18181818;3442,871901;True;2
20.02.2024 6:00;5,867768595;;3320,165289;True;2
20.02.2024 18:00;5,785123967;86,7768595;3276,528926;True;2
21.02.2024 6:00;5,909090909;;2681,466942;True;2
21.02.2024 18:00;5,785123967;82,6446281;3151,880165;True;2
22.02.2024 6:00;5,743801653;;3132,913223;True;2
22.02.2024 18:00;5,495867769;66,11570248;3085,206612;True;2
23.02.2024 6:00;5,454545455;;3250,268595;True;2
23.02.2024 18:00;5,454545455;67,76859504;2940,082645;True;2
24.02.2024 6:00;5,371900826;;3092,892562;True;2
24.02.2024 18:00;5,495867769;57,85123967;2927,14876;True;2
25.02.2024 6:00;5,537190083;;2805,18595;True;2
25.02.2024 18:00;5,537190083;74,38016529;2783,202479;True;2
26.02.2024 6:00;5,495867769;;3026,487603;True;2
26.02.2024 18:00;5,41322314;68,18181818;2794,896694;True;2
27.02.2024 6:00;5,41322314;;2732,5;True;2
27.02.2024 18:00;5,661157025;59,91735537;3033,429752;True;2
28.02.2024 6:00;5,578512397;;3058,243802;True;2
28.02.2024 18:00;5,495867769;66,11570248;3408,161157;True;2
29.02.2024 6:00;5,454545455;;3369,690083;True;2
29.02.2024 18:00;5,495867769;66,11570248;2940,371901;True;2
01.03.2024 6:00;5,330578512;;2775,991736;True;2
01.03.2024 18:00;5,165289256;56,19834711;3130,061983;True;2
02.03.2024 6:00;5,082644628;;3179,752066;True;2
02.03.2024 18:00;5,041322314;63,63636364;3169,008264;True;2
03.03.2024 6:00;5;;3229,421488;True;2
03.03.2024 18:00;5,123966942;67,3553719;2857,128099;True;2
04.03.2024 6:00;5,123966942;;2754,752066;True;2
04.03.2024 18:00;5,454545455;76,44628099;2764,359504;True;2
05.03.2024 6:00;5,578512397;;2478,698347;True;2
05.03.2024 18:00;5,495867769;76,44628099;2394,11157;True;2
06.03.2024 6:00;5,495867769;;2443,595041;True;2
06.03.2024 18:00;5,578512397;76,44628099;2369,11157;True;2
07.03.2024 6:00;5,495867769;;2784,400826;True;2
07.03.2024 18:00;5,661157025;82,6446281;2082,107438;True;2
08.03.2024 6:00;5,619834711;;2685,88843;True;2
08.03.2024 18:00;5,537190083;80,16528926;2905,433884;True;2
09.03.2024 6:00;5,495867769;;2874,81405;True;2
09.03.2024 18:00;5,619834711;72,72727273;2691,115702;True;2
10.03.2024 6:00;5,495867769;;2683,780992;True;2
10.03.2024 18:00;5,578512397;71,90082645;2563,512397;True;2
11.03.2024 6:00;5,41322314;;2727,789256;True;2
11.03.2024 18:00;5,578512397;76,44628099;2551,239669;True;2
12.03.2024 6:00;5,661157025;;2963,22314;True;2
12.03.2024 18:00;5,661157025;86,7768595;2818,491736;True;2
13.03.2024 6:00;5,289256198;;2968,326446;True;2
13.03.2024 18:00;5,20661157;68,18181818;3050,309917;True;2
14.03.2024 6:00;5,165289256;;3290,929752;True;2
14.03.2024 18:00;5,495867769;64,04958678;2937,747934;True;2
15.03.2024 6:00;5,578512397;;2784,979339;True;2
15.03.2024 18:00;5,454545455;66,11570248;2949,359504;True;2
16.03.2024 6:00;5,289256198;;2740,061983;True;2
16.03.2024 18:00;5,289256198;59,50413223;2702,727273;True;2
17.03.2024 6:00;5,454545455;;2609,194215;True;2
17.03.2024 18:00;5,619834711;59,50413223;2317,066116;True;2
18.03.2024 6:00;5,495867769;;2586,77686;True;2
18.03.2024 18:00;5,20661157;66,11570248;2389,710744;True;2
19.03.2024 6:00;5,247933884;;2288,533058;True;2
19.03.2024 18:00;5,20661157;55,78512397;2638,842975;True;2
20.03.2024 6:00;5,165289256;;2793,285124;True;2
20.03.2024 18:00;5,371900826;51,65289256;2712,086777;True;2
21.03.2024 6:00;5,454545455;;2916,673554;True;2
21.03.2024 18:00;5,082644628;51,65289256;3035,764463;True;2
22.03.2024 6:00;5,20661157;;2873,966942;True;2
22.03.2024 18:00;5,330578512;51,65289256;2049,380165;True;2
23.03.2024 6:00;5,289256198;;2868,595041;True;2
23.03.2024 18:00;5,014049587;49,58677686;2724,283471;True;2
24.03.2024 6:00;5;;2295,557851;True;2
24.03.2024 18:00;5,289256198;42,97520661;2597,252066;True;2
25.03.2024 6:00;5,041322314;;2276,570248;True;2
25.03.2024 18:00;5,20661157;49,58677686;2472,045455;True;2
26.03.2024 6:00;5,123966942;;2514,070248;True;2
26.03.2024 18:00;5,082644628;48,76033058;2543,38843;True;2
27.03.2024 6:00;5,041322314;;2347,024793;True;2
27.03.2024 18:00;5,165289256;55,78512397;2462,293388;True;2
28.03.2024 6:00;5,371900826;;2615,18595;True;2
28.03.2024 18:00;5,330578512;50,82644628;2305,268595;True;2
29.03.2024 6:00;5,371900826;;2865,247934;True;2
29.03.2024 18:00;5,20661157;51,65289256;3028,719008;True;2
30.03.2024 6:00;5,371900826;;3258,057851;True;2
30.03.2024 18:00;5,20661157;43,38842975;3104,11157;True;2
31.03.2024 6:00;5,289256198;;2879,318182;True;2
31.03.2024 18:00;5,371900826;51,23966942;2210,619835;True;2
01.04.2024 6:00;5,20661157;;2027,107438;True;2
01.04.2024 18:00;5,330578512;45,45454545;2959,64876;True;2
02.04.2024 6:00;5,20661157;;2537,623967;True;2
02.04.2024 18:00;5,371900826;51,65289256;2378,57438;True;2
03.04.2024 6:00;5,082644628;;2438,636364;True;2
03.04.2024 18:00;5,495867769;51,65289256;2401,466942;True;2
04.04.2024 6:00;5,20661157;;2702,892562;True;2
04.04.2024 18:00;5,537190083;66,11570248;2713,698347;True;2
05.04.2024 6:00;5,454545455;;2218,491736;True;2
05.04.2024 18:00;5,330578512;66,11570248;2513,884298;True;2
06.04.2024 6:00;5,20661157;;2486,818182;True;2
06.04.2024 18:00;5,261983471;41,32231405;2604,049587;True;2
07.04.2024 6:00;5,20661157;;2324,359504;True;2
07.04.2024 18:00;5,495867769;45,45454545;2739,793388;True;2
08.04.2024 6:00;5,454545455;;2753,719008;True;2
08.04.2024 18:00;5,330578512;49,58677686;2987,541322;True;2
09.04.2024 6:00;5,41322314;;3105,661157;True;2
09.04.2024 18:00;5,330578512;33,05785124;2916,797521;True;2
10.04.2024 6:00;5,123966942;;2816,880165;True;2
10.04.2024 18:00;5,289256198;35,12396694;2802,975207;True;2
11.04.2024 6:00;5,330578512;;3534,090909;True;2
11.04.2024 18:00;5,371900826;30,99173554;3959,338843;True;2
12.04.2024 6:00;5,165289256;;4094,628099;True;2
12.04.2024 18:00;5,041322314;24,79338843;4241,42562;True;2
13.04.2024 6:00;5,20661157;;3539,049587;True;2
13.04.2024 18:00;4,710743802;24,79338843;3676,96281;True;2
14.04.2024 6:00;5,165289256;;3701,77686;True;2
14.04.2024 18:00;5,578512397;37,19008264;3460,929752;True;2
15.04.2024 6:00;5,330578512;;3461,859504;True;2
15.04.2024 18:00;5,165289256;37,19008264;3560,950413;True;2
16.04.2024 6:00;5,289256198;;3072,727273;True;2
16.04.2024 18:00;5,20661157;37,19008264;2919,545455;True;2
17.04.2024 6:00;5,371900826;;3143,512397;True;2
17.04.2024 18:00;5,20661157;33,05785124;2893,367769;True;2
18.04.2024 6:00;5;;2829,359504;True;2
18.04.2024 18:00;4,958677686;39,25619835;2969,318182;True;2
19.04.2024 6:00;4,669421488;;2477,995868;True;2
19.04.2024 18:00;5,123966942;26,85950413;3045,557851;True;2
20.04.2024 6:00;5,330578512;;3680,991736;True;2
20.04.2024 18:00;5,537190083;43,38842975;3492,045455;True;2
21.04.2024 6:00;5,578512397;;3120,764463;True;2
21.04.2024 18:00;5,247933884;35,12396694;3295,557851;True;2
22.04.2024 6:00;5,537190083;;2981,942149;True;2
22.04.2024 18:00;5,537190083;41,32231405;2841,219008;True;2
23.04.2024 6:00;5,619834711;;2676,177686;True;2
23.04.2024 18:00;5,495867769;45,45454545;2528,884298;True;2
24.04.2024 6:00;5,454545455;;2497,933884;True;2
24.04.2024 18:00;5,661157025;49,58677686;2621,012397;True;2
25.04.2024 6:00;5,578512397;;2477,293388;True;2
25.04.2024 18:00;5,619834711;57,85123967;2491,177686;True;2
26.04.2024 6:00;5,289256198;;2565,557851;True;2
26.04.2024 18:00;5,082644628;51,65289256;2522,210744;True;2
27.04.2024 6:00;4,876033058;;3055,165289;True;2
27.04.2024 18:00;5,123966942;76,44628099;3043,698347;True;2
28.04.2024 6:00;5,661157025;;3076,446281;True;2
28.04.2024 18:00;5,454545455;59,91735537;3207,128099;True;2
29.04.2024 6:00;5,454545455;;3845,041322;True;2
29.04.2024 18:00;6,239669421;130,1652893;3766,219008;True;2
30.04.2024 6:00;5,289256198;;3671,012397;True;2
30.04.2024 18:00;5,454545455;84,7107438;3553,657025;True;2
01.05.2024 6:00;5,495867769;;3425,867769;True;2
01.05.2024 18:00;5,454545455;70,24793388;3815,661157;True;2
02.05.2024 6:00;5,454545455;;3386,96281;True;2
02.05.2024 18:00;5,537190083;49,58677686;3331,42562;True;2
03.05.2024 6:00;5,661157025;;3014,586777;True;2
03.05.2024 18:00;5,661157025;58,67768595;3092,665289;True;2
04.05.2024 6:00;5,991735537;;3226,198347;True;2
04.05.2024 18:00;5,537190083;67,76859504;3207,293388;True;2
05.05.2024 6:00;5,41322314;;3269,690083;True;2
05.05.2024 18:00;5,20661157;61,98347107;3445;True;2
06.05.2024 6:00;5,371900826;;3252,14876;True;2
06.05.2024 18:00;5,454545455;84,7107438;3451,033058;True;2
07.05.2024 6:00;5,495867769;;3119,11157;True;2
07.05.2024 18:00;5,289256198;76,44628099;3186,77686;True;2
08.05.2024 6:00;5,330578512;;2938,512397;True;2
08.05.2024 18:00;5,537190083;66,11570248;2933,016529;True;2
09.05.2024 6:00;5,785123967;;2542,954545;True;2
09.05.2024 18:00;5,495867769;57,85123967;2600,971074;True;2
10.05.2024 6:00;5,371900826;;2500,18595;True;2
10.05.2024 18:00;4,79338843;43,80165289;2319,710744;True;2
11.05.2024 6:00;5,041322314;;3202,665289;True;2
11.05.2024 18:00;5,330578512;41,32231405;2632,066116;True;2
12.05.2024 6:00;5,247933884;;3078,657025;True;2
12.05.2024 18:00;5,495867769;39,66942149;3124,359504;True;2
13.05.2024 6:00;5,289256198;;2689,380165;True;2
13.05.2024 18:00;4,917355372;61,98347107;3237,665289;True;2
14.05.2024 6:00;5,123966942;;4008,057851;True;2
14.05.2024 18:00;4,876033058;55,78512397;3802,272727;True;2
15.05.2024 6:00;5,20661157;;3149,173554;True;2
15.05.2024 18:00;4,958677686;;2991,735537;True;2
16.05.2024 6:00;5,014049587;66,11570248;2820,427273;True;2
16.05.2024 18:00;5,082644628;57,85123967;2369,11157;True;2
17.05.2024 6:00;4,752066116;;2573,636364;True;2
17.05.2024 18:00;5,123966942;42,97520661;2906,61157;True;2
18.05.2024 6:00;5,20661157;;3200,867769;True;2
18.05.2024 18:00;5,041322314;54,54545455;2460,640496;True;2
19.05.2024 6:00;4,834710744;;2992,086777;True;2
19.05.2024 18:00;4,79338843;38,01652893;2779,628099;True;2
20.05.2024 6:00;5,123966942;;2473,863636;True;2
20.05.2024 18:00;5,371900826;38,01652893;2361,570248;True;2
21.05.2024 6:00;4,958677686;;2478,285124;True;2
21.05.2024 18:00;5,165289256;33,88429752;3326,198347;True;2
22.05.2024 6:00;4,958677686;;3414,524793;True;2
22.05.2024 18:00;5,578512397;59,91735537;3169,731405;True;2
23.05.2024 6:00;5,41322314;;3258,057851;True;2
23.05.2024 18:00;5,661157025;78,51239669;2902,68595;True;2
24.05.2024 6:00;5,495867769;;2933,326446;True;2
24.05.2024 18:00;5,20661157;49,58677686;2663,842975;True;2
25.05.2024 6:00;5,247933884;;2772,85124;True;2
25.05.2024 18:00;5,20661157;37,19008264;2732,975207;True;2
26.05.2024 6:00;5,082644628;;2881,983471;True;2
26.05.2024 18:00;5,165289256;44,21487603;2755,475207;True;2
27.05.2024 6:00;5,537190083;;3076,818182;True;2
27.05.2024 18:00;5,233884298;57,02479339;2875,15124;True;2
28.05.2024 6:00;5,082644628;;2919,049587;True;2
28.05.2024 18:00;5,289256198;56,19834711;2371,714876;True;2
29.05.2024 6:00;4,917355372;;2697,871901;True;2
29.05.2024 18:00;5;56,19834711;2435,847107;True;2
30.05.2024 6:00;5,123966942;;2499,380165;True;2
30.05.2024 18:00;5,247933884;35,12396694;2773,553719;True;2
31.05.2024 6:00;5,165289256;;2575,082645;True;2
31.05.2024 18:00;5,20661157;134,2975207;2455,991736;True;2
01.06.2024 6:00;4,752066116;;2326,095041;True;2
01.06.2024 18:00;4,79338843;49,58677686;2655,454545;True;2
02.06.2024 6:00;4,834710744;;2595,661157;True;2
02.06.2024 18:00;4,752066116;49,17355372;2777,623967;True;2
03.06.2024 6:00;4,79338843;;2499,876033;True;2
03.06.2024 18:00;5,371900826;41,32231405;2923,347107;True;2
04.06.2024 6:00;4,917355372;;2880,743802;True;2
04.06.2024 18:00;5,20661157;57,85123967;2670,599174;True;2
05.06.2024 6:00;5;;3050,495868;True;2
05.06.2024 18:00;5;43,80165289;2766,590909;True;2
06.06.2024 6:00;5,123966942;;2682,066116;True;2
06.06.2024 18:00;5,371900826;;2828,471074;True;2
07.06.2024 6:00;5,014049587;48,76033058;3106,528926;True;2
07.06.2024 18:00;5;78,51239669;2827,541322;True;2
08.06.2024 6:00;4,917355372;;2670,227273;True;2
08.06.2024 18:00;5,289256198;66,11570248;2982,417355;True;2
09.06.2024 6:00;4,917355372;;3429,256198;True;2
09.06.2024 18:00;4,958677686;59,91735537;2984,917355;True;2
10.06.2024 6:00;5,041322314;;2845,681818;True;2
10.06.2024 18:00;5,20661157;59,91735537;2766,446281;True;2
11.06.2024 6:00;5,289256198;;2658,285124;True;2
11.06.2024 18:00;4,834710744;41,32231405;2751,466942;True;2
12.06.2024 6:00;4,669421488;;2731,549587;True;2
12.06.2024 18:00;5,041322314;56,19834711;3317,231405;True;2
13.06.2024 6:00;4,917355372;;3093,57438;True;2
13.06.2024 18:00;5,20661157;71,07438017;2919,214876;True;2
14.06.2024 6:00;5;;3244,359504;True;2
14.06.2024 18:00;5,20661157;61,98347107;3148,119835;True;2
15.06.2024 6:00;4,876033058;;2910,88843;True;2
15.06.2024 18:00;5,371900826;82,6446281;2791,77686;True;2
16.06.2024 6:00;5,20661157;;2733,553719;True;2
16.06.2024 18:00;4,917355372;41,32231405;2603,801653;True;2
17.06.2024 6:00;5,743801653;;3005,929752;True;2
17.06.2024 18:00;5,123966942;55,78512397;2804,27686;True;2
18.06.2024 6:00;5,041322314;;2958,822314;True;2
18.06.2024 18:00;5,041322314;43,38842975;2468,719008;True;2
19.06.2024 6:00;5,041322314;;2274,586777;True;2
19.06.2024 18:00;5,289256198;33,05785124;2404,173554;True;2
20.06.2024 6:00;4,876033058;;2160,53719;True;2
20.06.2024 18:00;5,247933884;37,19008264;2401,756198;True;2
21.06.2024 6:00;5,289256198;;2542,933884;True;2
21.06.2024 18:00;5,165289256;43,38842975;2483,181818;True;2
22.06.2024 6:00;5;;2451,61157;True;2
22.06.2024 18:00;4,79338843;39,25619835;2875,640496;True;2
23.06.2024 6:00;5,41322314;;2352,68595;True;2
23.06.2024 18:00;5,330578512;66,11570248;2630,702479;True;2
24.06.2024 6:00;5,123966942;;2333,367769;True;2
24.06.2024 18:00;5,371900826;74,38016529;2554,132231;True;2
25.06.2024 6:00;5,082644628;;2364,400826;True;2
25.06.2024 18:00;5,165289256;55,78512397;2489,855372;True;2
26.06.2024 6:00;5,123966942;;2522,644628;True;2
26.06.2024 18:00;5,123966942;51,65289256;2597,252066;True;2
27.06.2024 6:00;5,371900826;;2480,371901;True;2
27.06.2024 18:00;4,504132231;59,91735537;2595,805785;True;2
28.06.2024 6:00;4,462809917;;2460,991736;True;2
28.06.2024 18:00;4,462809917;59,91735537;2432,768595;True;2
29.06.2024 6:00;5;;2684,27686;True;2
29.06.2024 18:00;4,958677686;68,18181818;2436,466942;True;2
30.06.2024 6:00;4,79338843;;2623,140496;True;2
30.06.2024 18:00;5,20661157;86,7768595;2728,615702;True;2
01.07.2024 6:00;4,79338843;;2538,842975;True;2
01.07.2024 18:00;4,79338843;35,12396694;2248,347107;True;2
02.07.2024 6:00;4,710743802;;2373,450413;True;2
02.07.2024 18:00;4,917355372;35,12396694;2488,326446;True;2
03.07.2024 6:00;5;;2775,867769;True;2
03.07.2024 18:00;4,917355372;53,71900826;2794,81405;True;2
04.07.2024 6:00;5;;2785,557851;True;2
04.07.2024 18:00;5,165289256;57,85123967;2951,239669;True;2
05.07.2024 6:00;5;;2919,979339;True;2
05.07.2024 18:00;4,79338843;49,58677686;3115,392562;True;2
06.07.2024 6:00;5,082644628;;3195,702479;True;2
06.07.2024 18:00;5;57,02479339;3189,483471;True;2
07.07.2024 6:00;4,79338843;;2791,96281;True;2
07.07.2024 18:00;4,917355372;66,11570248;2872,396694;True;2
08.07.2024 6:00;4,958677686;;2828,739669;True;2
08.07.2024 18:00;5,330578512;49,58677686;2851,508264;True;2
09.07.2024 6:00;4,958677686;;2786,384298;True;2
09.07.2024 18:00;4,917355372;35,12396694;2808,057851;True;2
10.07.2024 6:00;4,917355372;;3064,979339;True;2
10.07.2024 18:00;5;43,38842975;2234,297521;True;2
11.07.2024 6:00;5,165289256;;2490,18595;True;2
11.07.2024 18:00;4,710743802;57,85123967;2381,219008;True;2
12.07.2024 6:00;4,834710744;;2545,247934;True;2
12.07.2024 18:00;4,752066116;49,58677686;2593,595041;True;2
13.07.2024 6:00;4,834710744;;2373,966942;True;2
13.07.2024 18:00;4,628099174;57,85123967;2859,049587;True;2
14.07.2024 6:00;5,041322314;;2399,070248;True;2
14.07.2024 18:00;4,834710744;82,6446281;2764,876033;True;2
15.07.2024 6:00;4,710743802;;2917,045455;True;2
15.07.2024 18:00;5,082644628;86,7768595;2721,177686;True;2
16.07.2024 6:00;4,79338843;;3134,070248;True;2
16.07.2024 18:00;4,917355372;68,18181818;3915,764463;True;2
17.07.2024 6:00;4,669421488;;2591,735537;True;2
17.07.2024 18:00;5,082644628;49,58677686;2458,429752;True;2
18.07.2024 6:00;4,834710744;;2724,566116;True;2
18.07.2024 18:00;5,123966942;57,85123967;2214,082645;True;2
19.07.2024 6:00;5,537190083;;3086,508264;True;2
19.07.2024 18:00;5,082644628;57,85123967;2783,38843;True;2
20.07.2024 6:00;5,247933884;;2513,739669;True;2
20.07.2024 18:00;5,495867769;101,2396694;2505,495868;True;2
21.07.2024 6:00;4,958677686;;2605,061983;True;2
21.07.2024 18:00;4,958677686;74,38016529;2906,838843;True;2
22.07.2024 6:00;4,958677686;;2750,330579;True;2
22.07.2024 18:00;5,082644628;61,15702479;2471,838843;True;2
23.07.2024 6:00;5,123966942;;2878,698347;True;2
23.07.2024 18:00;5,661157025;71,07438017;2761,570248;True;2
24.07.2024 6:00;4,752066116;;2762,623967;True;2
24.07.2024 18:00;5,082644628;61,98347107;2762,190083;True;2
25.07.2024 6:00;4,876033058;;2661,177686;True;2
25.07.2024 18:00;4,79338843;64,46280992;2655,454545;True;2
26.07.2024 6:00;4,876033058;;2515,330579;True;2
26.07.2024 18:00;5,041322314;68,18181818;2609,917355;True;2
27.07.2024 6:00;5;;2765,35124;True;2
27.07.2024 18:00;4,752066116;57,85123967;2865,805785;True;2
28.07.2024 6:00;4,958677686;;2502,727273;True;2
28.07.2024 18:00;4,876033058;84,7107438;2874,338843;True;2
29.07.2024 6:00;4,669421488;;2906,942149;True;2
29.07.2024 18:00;4,752066116;59,50413223;3251,673554;True;2
30.07.2024 6:00;4,58677686;;2979,793388;True;2
30.07.2024 18:00;4,628099174;32,23140496;3074,793388;True;2
31.07.2024 6:00;5,454545455;;3151,239669;True;2
31.07.2024 18:00;5,165289256;52,89256198;2802,334711;True;2
01.08.2024 6:00;4,917355372;;2948,780992;True;2
01.08.2024 18:00;5,41322314;76,85950413;2385,103306;True;2
02.08.2024 6:00;5,371900826;;2440,247934;True;2
02.08.2024 18:00;5,082644628;68,18181818;2440,082645;True;2
03.08.2024 6:00;5,371900826;;2221,797521;True;2
03.08.2024 18:00;5,330578512;76,44628099;2264,669421;True;2
04.08.2024 6:00;5,330578512;;2380;True;2
04.08.2024 18:00;5,330578512;68,18181818;2587,169421;True;2
05.08.2024 6:00;5,454545455;;2748,057851;True;2
05.08.2024 18:00;5,041322314;55,78512397;2337,128099;True;2
06.08.2024 6:00;5,371900826;;2721,07438;True;2
06.08.2024 18:00;5,289256198;41,32231405;2842,995868;True;2
07.08.2024 6:00;5,41322314;;2747,871901;True;2
07.08.2024 18:00;5,247933884;90,90909091;2820,72314;True;2
08.08.2024 6:00;5,123966942;;2973,491736;True;2
08.08.2024 18:00;5,247933884;86,7768595;2484,607438;True;2
09.08.2024 6:00;5,20661157;;2222,520661;True;2
09.08.2024 18:00;5,082644628;51,65289256;2156,508264;True;2
10.08.2024 6:00;5;;2622,520661;True;2
10.08.2024 18:00;5,371900826;47,52066116;2261,673554;True;2
11.08.2024 6:00;5,330578512;;2416,012397;True;2
11.08.2024 18:00;5,371900826;68,18181818;2639,772727;True;2
12.08.2024 6:00;5,537190083;;2600,929752;True;2
12.08.2024 18:00;5,495867769;59,91735537;2765,72314;True;2
13.08.2024 6:00;5,247933884;;2803,595041;True;2
13.08.2024 18:00;5,41322314;59,91735537;2413,161157;True;2
14.08.2024 6:00;4,834710744;;2998,760331;True;2
14.08.2024 18:00;4,958677686;66,11570248;2903,285124;True;2
15.08.2024 6:00;5,537190083;;2320,578512;True;2
15.08.2024 18:00;5,165289256;66,11570248;1982,706612;True;2
16.08.2024 6:00;5,41322314;;2201,115702;True;2
16.08.2024 18:00;5,371900826;72,31404959;2037,809917;True;2
17.08.2024 6:00;5,454545455;;2108,161157;True;2
17.08.2024 18:00;5,041322314;86,7768595;2428,719008;True;2
18.08.2024 6:00;5,247933884;;2225,206612;True;2
18.08.2024 18:00;5,247933884;68,18181818;2375,413223;True;2
19.08.2024 6:00;5,165289256;;2358,471074;True;2
19.08.2024 18:00;5,20661157;66,11570248;2238,946281;True;2
20.08.2024 6:00;5,082644628;;2384,318182;True;2
20.08.2024 18:00;5,123966942;68,18181818;2260,041322;True;2
21.08.2024 6:00;5,991735537;;2702,582645;True;2
21.08.2024 18:00;5,41322314;51,65289256;2857,479339;True;2
22.08.2024 6:00;5,454545455;;2561,363636;True;2
22.08.2024 18:00;5,950413223;115,7024793;2586,301653;True;2
23.08.2024 6:00;5,826446281;;2975,413223;True;2
23.08.2024 18:00;5,578512397;74,38016529;2744,256198;True;2
24.08.2024 6:00;5,537190083;;3300,805785;True;2
24.08.2024 18:00;5,41322314;59,91735537;3043,698347;True;2
25.08.2024 6:00;5,20661157;;2788,22314;True;2
25.08.2024 18:00;5,495867769;51,65289256;2523,03719;True;2
26.08.2024 6:00;5,247933884;;2673,347107;True;2
26.08.2024 18:00;5,082644628;49,58677686;2752,376033;True;2
27.08.2024 6:00;5;;2821,177686;True;2
27.08.2024 18:00;5,454545455;49,58677686;3084,504132;True;2
28.08.2024 6:00;5,123966942;;2515,268595;True;2
28.08.2024 18:00;5,041322314;43,38842975;2635,681818;True;2
29.08.2024 6:00;5,371900826;;2342,871901;True;2
29.08.2024 18:00;5,247933884;28,92561983;2490,557851;True;2
30.08.2024 6:00;5,619834711;;2451,446281;True;2
30.08.2024 18:00;5,661157025;40,49586777;2180,165289;True;2
31.08.2024 6:00;5,578512397;;2702,086777;True;2
31.08.2024 18:00;5,330578512;66,11570248;2717,644628;True;2
01.09.2024 6:00;5,619834711;;2970,247934;True;2
01.09.2024 18:00;5,247933884;68,18181818;2378,305785;True;2
02.09.2024 6:00;5,454545455;;2220,041322;True;2
02.09.2024 18:00;5,495867769;86,7768595;2216,42562;True;2
03.09.2024 6:00;5,289256198;;2204,690083;True;2
03.09.2024 18:00;5,619834711;161,1570248;2238,615702;True;2
04.09.2024 6:00;5,20661157;;2249,256198;True;2
04.09.2024 18:00;5,289256198;78,51239669;2589,27686;True;2
05.09.2024 6:00;5,247933884;;2489;True;2
05.09.2024 18:00;4,958677686;66,11570248;2721,136364;True;2
06.09.2024 6:00;5,371900826;;2614,359504;True;2
06.09.2024 18:00;5,371900826;66,11570248;2167,190083;True;2
07.09.2024 6:00;5,371900826;;2492,107438;True;2
07.09.2024 18:00;5,371900826;56,19834711;2665,929752;True;2
08.09.2024 6:00;5,041322314;;2491,446281;True;2
08.09.2024 18:00;4,917355372;57,85123967;2166,983471;True;2
09.09.2024 6:00;4,834710744;;2966,694215;True;2
09.09.2024 18:00;4,79338843;55,37190083;2407,830579;True;2
10.09.2024 6:00;4,752066116;;2540,702479;True;2
10.09.2024 18:00;5,165289256;107,4380165;2829,545455;True;2
11.09.2024 6:00;5,371900826;;2380,516529;True;2
11.09.2024 18:00;5,41322314;190,0826446;2292,892562;True;2
12.09.2024 6:00;5,41322314;;2735,18595;True;2
12.09.2024 18:00;5,330578512;82,6446281;2407,458678;True;2
13.09.2024 6:00;5,371900826;;2272,31405;True;2
13.09.2024 18:00;5,247933884;83,47107438;2815,041322;True;2
14.09.2024 6:00;5,41322314;;2840,640496;True;2
14.09.2024 18:00;5,743801653;133,0578512;2960,061983;True;2
15.09.2024 6:00;5,578512397;;2338,636364;True;2
15.09.2024 18:00;5,619834711;123,9669421;2788,553719;True;2
16.09.2024 6:00;5,619834711;;2192,293388;True;2
16.09.2024 18:00;5,619834711;122,3140496;2284,752066;True;2
17.09.2024 6:00;5,785123967;;2371,024793;True;2
17.09.2024 18:00;5,661157025;140,4958678;2206,177686;True;2
18.09.2024 6:00;5,619834711;;1858,822314;True;2
18.09.2024 18:00;5,661157025;123,9669421;2536,632231;True;2
19.09.2024 6:00;5,826446281;;2316,301653;True;2
19.09.2024 18:00;5,330578512;68,18181818;2064,979339;True;2
20.09.2024 6:00;5,578512397;;2380,681818;True;2
20.09.2024 18:00;5,537190083;90,90909091;2576,859504;True;2
21.09.2024 6:00;5,495867769;;1700,082645;True;2
21.09.2024 18:00;5,454545455;99,17355372;1915,061983;True;2
22.09.2024 6:00;5,826446281;;2208,863636;True;2
22.09.2024 18:00;5,702479339;68,18181818;2349,917355;True;2
23.09.2024 6:00;5,991735537;;2626,818182;True;2
23.09.2024 18:00;6,280991736;67,76859504;1997,458678;True;2
24.09.2024 6:00;5,909090909;;2414,772727;True;2
24.09.2024 18:00;5,495867769;74,38016529;2125,743802;True;2
25.09.2024 6:00;4,876033058;;2481,107438;True;2
25.09.2024 18:00;5,454545455;65,2892562;2605,206612;True;2
26.09.2024 6:00;5,371900826;;2533,801653;True;2
26.09.2024 18:00;5,247933884;76,03305785;2914,235537;True;2
27.09.2024 6:00;5,20661157;;2444,628099;True;2
27.09.2024 18:00;5,247933884;92,97520661;2248,243802;True;2
28.09.2024 6:00;5,454545455;;2479,545455;True;2
28.09.2024 18:00;5,454545455;68,18181818;2675,619835;True;2
29.09.2024 6:00;5,20661157;;3302,644628;True;2
29.09.2024 18:00;4,752066116;33,05785124;2817,665289;True;2
30.09.2024 6:00;5,247933884;;2199,896694;True;2
30.09.2024 18:00;5,123966942;49,58677686;2261,714876;True;2
01.10.2024 6:00;4,876033058;;2443,801653;True;2
01.10.2024 18:00;4,958677686;45,45454545;2429,483471;True;2
02.10.2024 6:00;4,917355372;;1951,157025;True;2
02.10.2024 18:00;5,41322314;51,23966942;1959,194215;True;2
03.10.2024 6:00;4,958677686;;2154,64876;True;2
03.10.2024 18:00;5,165289256;43,38842975;2155,227273;True;2
04.10.2024 6:00;5,123966942;;2444,421488;True;2
04.10.2024 18:00;4,58677686;59,91735537;3014,896694;True;2
05.10.2024 6:00;4,79338843;;2448,760331;True;2
05.10.2024 18:00;4,958677686;37,19008264;2576,714876;True;2
06.10.2024 6:00;4,876033058;;2072,086777;True;2
06.10.2024 18:00;5,289256198;57,85123967;2076,239669;True;2
07.10.2024 6:00;5,123966942;;2282,438017;True;2
07.10.2024 18:00;5,123966942;51,23966942;2543,38843;True;2
08.10.2024 6:00;5,123966942;;2167,85124;True;2
08.10.2024 18:00;4,752066116;37,19008264;2450,72314;True;2
09.10.2024 6:00;4,752066116;;2529,338843;True;2
09.10.2024 18:00;5;49,58677686;2435,18595;True;2
10.10.2024 6:00;4,834710744;;2485,413223;True;2
10.10.2024 18:00;4,79338843;52,0661157;2180,743802;True;2
11.10.2024 6:00;4,79338843;;2422,871901;True;2
11.10.2024 18:00;4,421487603;30,99173554;2512,024793;True;2
12.10.2024 6:00;4,462809917;;2406,714876;True;2
12.10.2024 18:00;4,380165289;76,44628099;2033,243802;True;2
13.10.2024 6:00;4,462809917;;2373,140496;True;2
13.10.2024 18:00;5,289256198;41,32231405;2591,219008;True;2
14.10.2024 6:00;4,917355372;;2487,334711;True;2
14.10.2024 18:00;4,917355372;82,6446281;2592,045455;True;2
15.10.2024 6:00;5,289256198;;3104,380165;True;2
15.10.2024 18:00;4,462809917;36,7768595;3079,834711;True;2
16.10.2024 6:00;5,041322314;;2136,694215;True;2
16.10.2024 18:00;4,876033058;49,58677686;2275,640496;True;2
17.10.2024 6:00;5,289256198;;1844,896694;True;2
17.10.2024 18:00;4,628099174;57,85123967;2159,793388;True;2
18.10.2024 6:00;5,20661157;;2038,987603;True;2
18.10.2024 18:00;4,876033058;123,9669421;1962,582645;True;2
19.10.2024 6:00;4,958677686;;2168,904959;True;2
19.10.2024 18:00;4,669421488;136,3636364;2182,14876;True;2
20.10.2024 6:00;5,041322314;;2335,991736;True;2
20.10.2024 18:00;5,123966942;68,18181818;2386,280992;True;2
21.10.2024 6:00;5,289256198;;2142,14876;True;2
21.10.2024 18:00;5,41322314;82,6446281;2401,177686;True;2
22.10.2024 6:00;4,710743802;;2935,578512;True;2
22.10.2024 18:00;5,454545455;115,7024793;2582,004132;True;2
23.10.2024 6:00;5,578512397;;2606,260331;True;2
23.10.2024 18:00;5,289256198;134,2975207;2347,561983;True;2
24.10.2024 6:00;5,41322314;;2257,727273;True;2
24.10.2024 18:00;4,710743802;92,97520661;2296,322314;True;2
25.10.2024 6:00;4,876033058;;2390,909091;True;2
25.10.2024 18:00;4,958677686;90,90909091;2726,983471;True;2
26.10.2024 6:00;4,958677686;;2982,789256;True;2
26.10.2024 18:00;4,876033058;59,50413223;2888,450413;True;2
27.10.2024 6:00;5,041322314;;2637,541322;True;2
27.10.2024 18:00;5,165289256;59,91735537;2397,128099;True;2
28.10.2024 6:00;4,79338843;;2306,239669;True;2
28.10.2024 18:00;5,165289256;68,18181818;2132,355372;True;2
29.10.2024 6:00;4,710743802;;2524,793388;True;2
29.10.2024 18:00;4,834710744;90,90909091;2512,066116;True;2
30.10.2024 6:00;4,876033058;;2263,801653;True;2
30.10.2024 18:00;5,082644628;82,6446281;1934,81405;True;2
31.10.2024 6:00;5,289256198;;2103,285124;True;2
31.10.2024 18:00;5,330578512;74,38016529;2158,264463;True;2
01.11.2024 6:00;5,247933884;;2327,768595;True;2
01.11.2024 18:00;5,330578512;126,0330579;1960,805785;True;2
02.11.2024 6:00;5,165289256;;3165,971074;True;2
02.11.2024 18:00;5,041322314;127,2727273;2900,516529;True;2
03.11.2024 6:00;5,165289256;;2615,867769;True;2
03.11.2024 18:00;4,58677686;118,5950413;3331,77686;True;2
04.11.2024 6:00;5;;2682,582645;True;2
04.11.2024 18:00;4,58677686;99,17355372;2600,516529;True;2
05.11.2024 6:00;4,710743802;;4271,797521;True;2
05.11.2024 18:00;4,710743802;123,9669421;3278,801653;True;2
06.11.2024 6:00;4,380165289;;2992,128099;True;2
06.11.2024 18:00;4,834710744;74,38016529;2645,371901;True;2
07.11.2024 6:00;4,876033058;;2760,929752;True;2
07.11.2024 18:00;4,380165289;24,79338843;3081,219008;True;2
08.11.2024 6:00;4,504132231;;3001,942149;True;2
08.11.2024 18:00;4,752066116;57,85123967;2322,644628;True;2
09.11.2024 6:00;4,79338843;;2329,008264;True;2
09.11.2024 18:00;4,628099174;53,71900826;2450,041322;True;2
10.11.2024 6:00;4,504132231;;2343,904959;True;2
10.11.2024 18:00;4,752066116;73,55371901;2303,078512;True;2
11.11.2024 6:00;4,958677686;;2369,876033;True;2
11.11.2024 18:00;4,628099174;57,85123967;2450,309917;True;2
12.11.2024 6:00;4,876033058;;2108,987603;True;2
12.11.2024 18:00;4,545454545;41,32231405;3070,206612;True;2
13.11.2024 6:00;4,834710744;;2575,557851;True;2
13.11.2024 18:00;4,876033058;80,99173554;2854,566116;True;2
14.11.2024 6:00;4,917355372;;2552,727273;True;2
14.11.2024 18:00;5,20661157;82,6446281;2242,272727;True;2
15.11.2024 6:00;5;;2400;True;2
15.11.2024 18:00;5,289256198;90,90909091;2434,81405;True;2
16.11.2024 6:00;5,247933884;;2584,81405;True;2
16.11.2024 18:00;5,041322314;74,38016529;2247,14876;True;2
17.11.2024 6:00;5,454545455;;2112,066116;True;2
17.11.2024 18:00;5,578512397;115,7024793;2304,008264;True;2
18.11.2024 6:00;5,41322314;;2176,136364;True;2
18.11.2024 18:00;5,041322314;56,61157025;2802,334711;True;2
19.11.2024 6:00;5,20661157;;3233,842975;True;2
19.11.2024 18:00;5,20661157;69,00826446;3098,243802;True;2
20.11.2024 6:00;5,041322314;;3088,636364;True;2
20.11.2024 18:00;5,371900826;80,99173554;2567,789256;True;2
21.11.2024 6:00;5,330578512;;2560,929752;True;2
21.11.2024 18:00;5,289256198;36,36363636;2495,826446;True;2
22.11.2024 6:00;4,79338843;;2885,475207;True;2
22.11.2024 18:00;4,917355372;59,91735537;2659,81405;True;2
23.11.2024 6:00;4,752066116;;2540,289256;True;2
23.11.2024 18:00;4,958677686;59,91735537;2682,644628;True;2
24.11.2024 6:00;4,669421488;;2875,330579;True;2
24.11.2024 18:00;5,165289256;128,0991736;2878,22314;True;2
25.11.2024 6:00;5,123966942;;2702,975207;True;2
25.11.2024 18:00;5;95,04132231;2523,595041;True;2
26.11.2024 6:00;5,041322314;;2050,950413;True;2
26.11.2024 18:00;5,082644628;165,2892562;2100,557851;True;2
27.11.2024 6:00;5,165289256;;2334,049587;True;2
27.11.2024 18:00;5,123966942;175,6198347;2244,11157;True;2
28.11.2024 6:00;4,79338843;;2619,090909;True;2
28.11.2024 18:00;4,917355372;99,17355372;2732,210744;True;2
29.11.2024 6:00;5,289256198;;1630,88843;True;2
29.11.2024 18:00;5,041322314;95,04132231;1936,095041;True;2
30.11.2024 6:00;5,041322314;;2176,219008;True;2
30.11.2024 18:00;5,371900826;128,0991736;2229,132231;True;2
01.12.2024 6:00;5,20661157;;2137,913223;True;2
01.12.2024 18:00;5,371900826;123,9669421;2762,293388;True;2
02.12.2024 6:00;5,123966942;;2852,210744;True;2
02.12.2024 18:00;5,619834711;92,97520661;2367,913223;True;2
03.12.2024 6:00;5,578512397;;2768,326446;True;2
03.12.2024 18:00;5,123966942;66,11570248;2818,553719;True;2
04.12.2024 6:00;5,20661157;;3409,235537;True;2
04.12.2024 18:00;5,454545455;78,51239669;3075,227273;True;2
05.12.2024 6:00;5,41322314;;3156,921488;True;2
05.12.2024 18:00;5,247933884;44,62809917;2801,012397;True;2
06.12.2024 6:00;5;;2754,359504;True;2
06.12.2024 18:00;5,165289256;57,85123967;1854,958678;True;2
07.12.2024 6:00;5,20661157;;1717,252066;True;2
07.12.2024 18:00;5,20661157;53,71900826;2719,958678;True;2
08.12.2024 6:00;5,123966942;;2243,553719;True;2
08.12.2024 18:00;5,247933884;57,85123967;2776,859504;True;2
09.12.2024 6:00;5,123966942;;2486,157025;True;2
09.12.2024 18:00;5,289256198;66,11570248;2360,082645;True;2
10.12.2024 6:00;5;;2969,607438;True;2
10.12.2024 18:00;5,123966942;74,38016529;3128,553719;True;2
11.12.2024 6:00;5,41322314;;3395,805785;True;2
11.12.2024 18:00;5,20661157;66,11570248;2837,355372;True;2
12.12.2024 6:00;5,330578512;;2934,297521;True;2
12.12.2024 18:00;5,41322314;61,98347107;2652,995868;True;2
13.12.2024 6:00;4,917355372;;2544,876033;True;2
13.12.2024 18:00;4,917355372;59,50413223;2559,214876;True;2
14.12.2024 6:00;5,371900826;;2852,355372;True;2
14.12.2024 18:00;4,79338843;51,65289256;2148,966942;True;2
15.12.2024 6:00;5,247933884;;2317,024793;True;2
15.12.2024 18:00;4,958677686;59,91735537;2517,809917;True;2
16.12.2024 6:00;5,289256198;;2490,082645;True;2
16.12.2024 18:00;4,917355372;99,17355372;3177,561983;True;2
17.12.2024 6:00;4,79338843;;2211,652893;True;2
17.12.2024 18:00;5,371900826;51,65289256;3106,818182;True;2
18.12.2024 6:00;5,454545455;;3249,524793;True;2
18.12.2024 18:00;5,454545455;92,97520661;4344,442149;True;2
19.12.2024 6:00;5,537190083;;3639,400826;True;2
19.12.2024 18:00;5,909090909;61,98347107;3418,202479;True;2
20.12.2024 6:00;5,495867769;;2999,173554;True;2
20.12.2024 18:00;5,371900826;86,7768595;2438,595041;True;2
21.12.2024 6:00;5,330578512;;2467,31405;True;2
21.12.2024 18:00;4,504132231;140,4958678;2737,727273;True;2
22.12.2024 6:00;4,504132231;;2444,049587;True;2
22.12.2024 18:00;5,20661157;95,04132231;2767,665289;True;2
23.12.2024 6:00;5,123966942;;2968,181818;True;2
23.12.2024 18:00;5,20661157;76,44628099;3247,727273;True;2
24.12.2024 6:00;5,123966942;;3030,165289;True;2
24.12.2024 18:00;5,330578512;90,90909091;2381,900826;True;2
25.12.2024 6:00;5,289256198;;3816,07438;True;2
25.12.2024 18:00;5,289256198;82,6446281;3156,942149;True;2
26.12.2024 6:00;5,247933884;;3184,586777;True;2
26.12.2024 18:00;5,20661157;74,38016529;3056,838843;True;2
27.12.2024 6:00;5,289256198;;3623,119835;True;2
27.12.2024 18:00;5,41322314;66,11570248;3307,458678;True;2
28.12.2024 6:00;5,41322314;;3275,206612;True;2
28.12.2024 18:00;5,619834711;57,85123967;1807,231405;True;2
29.12.2024 6:00;5,20661157;;2080,557851;True;2
29.12.2024 18:00;5,082644628;59,50413223;2921,301653;True;2
30.12.2024 6:00;5,041322314;;2799,214876;True;2
30.12.2024 18:00;5,041322314;59,91735537;3270,247934;True;2
31.12.2024 6:00;5,041322314;;3441,921488;True;2
31.12.2024 18:00;5,247933884;59,91735537;2845,785124;True;2
01.01.2025 6:00;5,20661157;;2545,041322;True;2
01.01.2025 18:00;5,289256198;72,31404959;2342,252066;True;2
02.01.2025 6:00;5,330578512;;2478,822314;True;2
02.01.2025 18:00;4,917355372;57,85123967;2536,570248;True;2
03.01.2025 6:00;4,876033058;;2542,871901;True;2
03.01.2025 18:00;5,123966942;70,24793388;2734,752066;True;2
04.01.2025 6:00;4,752066116;;3142,061983;True;2
04.01.2025 18:00;5,041322314;74,38016529;3249,442149;True;2
05.01.2025 6:00;5;;3490,72314;True;2
05.01.2025 18:00;4,958677686;51,23966942;4039,442149;True;2
06.01.2025 6:00;4,752066116;;3448,450413;True;2
06.01.2025 18:00;4,876033058;57,85123967;3728,305785;True;2
07.01.2025 6:00;5,082644628;;3040,72314;True;2
07.01.2025 18:00;5,123966942;90,90909091;3406,157025;True;2
08.01.2025 6:00;5,123966942;;2959,359504;True;2
08.01.2025 18:00;5,041322314;64,46280992;2529,442149;True;2
09.01.2025 6:00;5;;2577,376033;True;2
09.01.2025 18:00;5,247933884;61,98347107;2362,396694;True;2
10.01.2025 6:00;5;;2448,243802;True;2
10.01.2025 18:00;4,958677686;53,71900826;2704,752066;True;2
11.01.2025 6:00;5;;2419,81405;True;2
11.01.2025 18:00;4,545454545;66,11570248;2864,297521;True;2
12.01.2025 6:00;4,876033058;;2861,053719;True;2
12.01.2025 18:00;5,165289256;57,85123967;2201,033058;True;2
13.01.2025 6:00;5,041322314;;2455,454545;True;2
13.01.2025 18:00;4,834710744;48,76033058;2605,847107;True;2
14.01.2025 6:00;4,917355372;;2539,855372;True;2
14.01.2025 18:00;4,958677686;60,33057851;3086,838843;True;2
15.01.2025 6:00;4,834710744;;3026,652893;True;2
15.01.2025 18:00;4,79338843;51,23966942;2636,590909;True;2
16.01.2025 6:00;4,876033058;;2801,446281;True;2
16.01.2025 18:00;5,041322314;47,10743802;2989,27686;True;2
17.01.2025 6:00;5,041322314;;3222,107438;True;2
17.01.2025 18:00;5,041322314;64,04958678;3405,88843;True;2
18.01.2025 6:00;5,20661157;;3052,892562;True;2
18.01.2025 18:00;4,462809917;43,38842975;2824,586777;True;2
19.01.2025 6:00;4,545454545;;2787,603306;True;2
19.01.2025 18:00;4,421487603;45,45454545;2741,012397;True;2
20.01.2025 6:00;4,504132231;;3185,88843;True;2
20.01.2025 18:00;4,834710744;49,58677686;3042,933884;True;2
21.01.2025 6:00;4,958677686;;2845,330579;True;2
21.01.2025 18:00;6,239669421;41,32231405;3142,14876;True;2
22.01.2025 6:00;4,545454545;;3184,524793;True;2
22.01.2025 18:00;4,132231405;3,975206612;3025,516529;True;2
23.01.2025 6:00;5,041322314;;2734,731405;True;2
23.01.2025 18:00;4,710743802;49,58677686;2256,880165;True;2
24.01.2025 6:00;4,297520661;;2814,876033;True;2
24.01.2025 18:00;4,669421488;42,14876033;2742,520661;True;2
25.01.2025 6:00;4,545454545;;2471,177686;True;2
25.01.2025 18:00;4,421487603;35,12396694;2700,309917;True;2
26.01.2025 6:00;4,380165289;;2775,103306;True;2
26.01.2025 18:00;4,504132231;37,19008264;2670,041322;True;2
27.01.2025 6:00;4,462809917;;2201,342975;True;2
27.01.2025 18:00;4,338842975;45,45454545;2256,508264;True;2
28.01.2025 6:00;4,917355372;;2547,520661;True;2
28.01.2025 18:00;4,917355372;53,71900826;2746,177686;True;2
29.01.2025 6:00;4,834710744;;2828,099174;True;2
29.01.2025 18:00;4,58677686;46,28099174;3120;True;2
30.01.2025 6:00;3,925619835;;3955;True;2
30.01.2025 18:00;5,082644628;41,32231405;3405,144628;True;2
31.01.2025 6:00;5,867768595;;3175,227273;True;2
31.01.2025 18:00;4,917355372;31,40495868;2716,384298;True;2
01.02.2025 6:00;4,504132231;;2991,157025;True;2
01.02.2025 18:00;4,752066116;32,23140496;2940,495868;True;2
02.02.2025 6:00;4,462809917;;2761,61157;True;2
02.02.2025 18:00;4,421487603;37,19008264;2922,727273;True;2
03.02.2025 6:00;4,669421488;;2789,421488;True;2
03.02.2025 18:00;4,338842975;28,92561983;2629,504132;True;2
04.02.2025 6:00;4,462809917;;3212,066116;True;2
04.02.2025 18:00;4,79338843;39,25619835;3120,268595;True;2
05.02.2025 6:00;4,462809917;;2756,942149;True;2
05.02.2025 18:00;4,834710744;47,52066116;3044,46281;True;2
06.02.2025 6:00;4,752066116;;2967,14876;True;2
06.02.2025 18:00;4,380165289;20,66115702;2904,731405;True;2
07.02.2025 6:00;4,421487603;;2788,760331;True;2
07.02.2025 18:00;4,008264463;33,05785124;2827,14876;True;2
08.02.2025 6:00;4,338842975;;2890,020661;True;2
08.02.2025 18:00;4,628099174;51,65289256;2782,024793;True;2
09.02.2025 6:00;4,297520661;;2623,181818;True;2
09.02.2025 18:00;4,628099174;51,65289256;2379,855372;True;2
10.02.2025 6:00;4,504132231;;2817,975207;True;2
10.02.2025 18:00;4,79338843;57,85123967;3015,847107;True;2
11.02.2025 6:00;4,876033058;;2706,756198;True;2
11.02.2025 18:00;4,752066116;70,24793388;3258,471074;True;2
12.02.2025 6:00;4,752066116;;3705,578512;True;2
12.02.2025 18:00;4,380165289;49,58677686;2663,181818;True;2
13.02.2025 6:00;5,082644628;;2701,487603;True;2
13.02.2025 18:00;5,371900826;68,18181818;2605,413223;True;2
14.02.2025 6:00;5,123966942;;2606,198347;True;2
14.02.2025 18:00;4,958677686;66,11570248;2548,822314;True;2
15.02.2025 6:00;5,247933884;;2136,590909;True;2
15.02.2025 18:00;5,495867769;53,71900826;1924,173554;True;2
16.02.2025 6:00;5,909090909;;2135,309917;True;2
16.02.2025 18:00;5,991735537;76,44628099;2191,900826;True;2
17.02.2025 6:00;5,495867769;;2865,681818;True;2
17.02.2025 18:00;5,950413223;59,91735537;2507,190083;True;2
18.02.2025 6:00;5,826446281;;2076,446281;True;2
18.02.2025 18:00;5,867768595;90,90909091;2385,206612;True;2
19.02.2025 6:00;5,661157025;;2200,867769;True;2
19.02.2025 18:00;5,619834711;66,11570248;2966,77686;True;2
20.02.2025 6:00;5,867768595;;2471,590909;True;2
20.02.2025 18:00;5,826446281;70,24793388;2051,983471;True;2
21.02.2025 6:00;5,909090909;;2182,603306;True;2
21.02.2025 18:00;5,785123967;66,11570248;2096,508264;True;2
22.02.2025 6:00;5,165289256;;2695,454545;True;2
22.02.2025 18:00;4,958677686;44,62809917;2587,85124;True;2
23.02.2025 6:00;4,834710744;;2935,557851;True;2
23.02.2025 18:00;4,752066116;49,58677686;2608,347107;True;2
24.02.2025 6:00;4,834710744;;2738,780992;True;2
24.02.2025 18:00;5,082644628;86,7768595;2951,590909;True;2
25.02.2025 6:00;4,58677686;;2678,760331;True;2
25.02.2025 18:00;5,041322314;68,18181818;2775,661157;True;2
26.02.2025 6:00;4,545454545;;2278,305785;True;2
26.02.2025 18:00;4,628099174;57,85123967;3118,491736;True;2
27.02.2025 6:00;4,876033058;;2865,475207;True;2
27.02.2025 18:00;5,247933884;57,85123967;2672,396694;True;2
28.02.2025 6:00;5,289256198;;2978,904959;True;2
28.02.2025 18:00;5,20661157;61,98347107;2998,409091;True;2
01.03.2025 6:00;5,041322314;;2739,11157;True;2
01.03.2025 18:00;5,165289256;82,6446281;2627,644628;True;2
02.03.2025 6:00;4,669421488;;2786,983471;True;2
02.03.2025 18:00;4,628099174;140,4958678;2808,367769;True;2
03.03.2025 6:00;5,082644628;;3201,508264;True;2
03.03.2025 18:00;5;132,231405;3354,793388;True;2
04.03.2025 6:00;4,958677686;;3442,024793;True;2
04.03.2025 18:00;5,041322314;132,231405;3476,42562;True;2
05.03.2025 6:00;5,330578512;;3420,909091;True;2
05.03.2025 18:00;4,917355372;123,9669421;3111,508264;True;2
06.03.2025 6:00;5,247933884;;3372,210744;True;2
06.03.2025 18:00;6,115702479;80,5785124;2854,752066;True;2
07.03.2025 6:00;6,074380165;;2715,495868;True;2
07.03.2025 18:00;5,909090909;134,2975207;2309,400826;True;2
08.03.2025 6:00;6,363636364;;2023,657025;True;2
08.03.2025 18:00;5,785123967;165,2892562;2249,235537;True;2
09.03.2025 6:00;5,702479339;;2672,045455;True;2
09.03.2025 18:00;5,247933884;109,5041322;2375,88843;True;2
10.03.2025 6:00;5,867768595;;2545,413223;True;2
10.03.2025 18:00;5,247933884;80,99173554;2625,103306;True;2
11.03.2025 6:00;5,330578512;;2831,301653;True;2
11.03.2025 18:00;5,371900826;63,63636364;3334,235537;True;2
12.03.2025 6:00;5,371900826;;2524,958678;True;2
12.03.2025 18:00;5,537190083;74,38016529;2184,049587;True;2
13.03.2025 6:00;5;;2420,702479;True;2
13.03.2025 18:00;4,917355372;88,84297521;2751,239669;True;2
14.03.2025 6:00;5,247933884;;2984,359504;True;2
14.03.2025 18:00;5,123966942;101,2396694;2615,909091;True;2
15.03.2025 6:00;5,454545455;;2808,471074;True;2
15.03.2025 18:00;5,41322314;276,8595041;3173,347107;True;2
16.03.2025 6:00;5,289256198;;3496,549587;True;2
16.03.2025 18:00;5,289256198;183,8842975;3122,520661;True;2
17.03.2025 6:00;5,619834711;;3044,049587;True;2
17.03.2025 18:00;5,661157025;148,7603306;3003,450413;True;2
18.03.2025 6:00;5,20661157;;3212,520661;True;2
18.03.2025 18:00;5,330578512;74,38016529;2964,64876;True;2
19.03.2025 6:00;5,20661157;;2708,946281;True;2
19.03.2025 18:00;4,834710744;66,11570248;3164,81405;True;2
20.03.2025 6:00;4,834710744;;2838,595041;True;2
20.03.2025 18:00;4,752066116;61,15702479;2446,673554;True;2
21.03.2025 6:00;5,247933884;;3083,595041;True;2
21.03.2025 18:00;4,876033058;57,85123967;3363,119835;True;2
22.03.2025 6:00;5,082644628;;3154,297521;True;2
22.03.2025 18:00;5,289256198;101,2396694;3132,231405;True;2
23.03.2025 6:00;5,165289256;;2901,652893;True;2
23.03.2025 18:00;5,578512397;101,2396694;3004,64876;True;2
24.03.2025 6:00;5,454545455;;3137,479339;True;2
24.03.2025 18:00;5,578512397;109,5041322;3496,756198;True;2
25.03.2025 6:00;5,454545455;;3652,066116;True;2
25.03.2025 18:00;5,826446281;92,97520661;3176,033058;True;2
26.03.2025 6:00;5,702479339;;2684,359504;True;2
26.03.2025 18:00;5,743801653;99,17355372;3480,247934;True;2
27.03.2025 6:00;5,909090909;;3644,421488;True;2
27.03.2025 18:00;5,702479339;66,94214876;2944,46281;True;2
28.03.2025 6:00;5,537190083;;2833,03719;True;2
28.03.2025 18:00;5,041322314;57,02479339;3023,946281;True;2
29.03.2025 6:00;5,123966942;;2946,818182;True;2
29.03.2025 18:00;5,20661157;63,63636364;2505,785124;True;2
30.03.2025 6:00;5;;2653,719008;True;2
30.03.2025 18:00;5,20661157;67,3553719;2582,644628;True;2
31.03.2025 6:00;5,20661157;;2854,235537;True;2
31.03.2025 18:00;5;59,91735537;2628,202479;True;2
01.04.2025 6:00;5,247933884;;3004,793388;True;2
01.04.2025 18:00;5;66,11570248;3346,797521;True;2
02.04.2025 6:00;5,247933884;;2661,96281;True;2
02.04.2025 18:00;5,454545455;66,11570248;2862,5;True;2
03.04.2025 6:00;5,082644628;;3550,413223;True;2
03.04.2025 18:00;5,247933884;107,4380165;3324,049587;True;2
04.04.2025 6:00;5,330578512;;3174,442149;True;2
04.04.2025 18:00;5,330578512;99,17355372;3037,31405;True;2
05.04.2025 6:00;5,247933884;;3044,008264;True;2
05.04.2025 18:00;5,371900826;95,04132231;2648,161157;True;2
06.04.2025 6:00;5,20661157;;1968,739669;True;2
06.04.2025 18:00;5,082644628;68,18181818;1949,235537;True;2
07.04.2025 6:00;5,123966942;;2340,495868;True;2
07.04.2025 18:00;5,082644628;57,85123967;2475,454545;True;2
08.04.2025 6:00;4,958677686;;3320,661157;True;2
08.04.2025 18:00;5,289256198;99,17355372;3368,409091;True;2
09.04.2025 6:00;5,165289256;;2890,309917;True;2
09.04.2025 18:00;5,330578512;109,5041322;3099,690083;True;2
10.04.2025 6:00;5,247933884;;3266,714876;True;2
10.04.2025 18:00;5,123966942;117,768595;2993,285124;True;2
11.04.2025 6:00;5,330578512;;3111,983471;True;2
11.04.2025 18:00;5,454545455;90,90909091;3566,508264;True;2
12.04.2025 6:00;4,958677686;;2552,396694;True;2
12.04.2025 18:00;5,247933884;73,55371901;2409,81405;True;2
13.04.2025 6:00;4,834710744;;2333,966942;True;2
13.04.2025 18:00;5,082644628;76,44628099;2553,243802;True;2
14.04.2025 6:00;4,834710744;;2347,830579;True;2
14.04.2025 18:00;5,082644628;59,91735537;2713,471074;True;2
15.04.2025 6:00;5,247933884;;2484,710744;True;2
15.04.2025 18:00;5,041322314;49,58677686;2314,11157;True;2
16.04.2025 6:00;4,917355372;;2285,123967;True;2
16.04.2025 18:00;5;61,98347107;2924,070248;True;2
17.04.2025 6:00;5,165289256;;1979,380165;True;2
17.04.2025 18:00;5,20661157;41,32231405;2348,099174;True;2
18.04.2025 6:00;4,958677686;;2581,404959;True;2
18.04.2025 18:00;4,876033058;53,71900826;2927,293388;True;2
19.04.2025 6:00;4,958677686;;2610,743802;True;2
19.04.2025 18:00;4,834710744;74,38016529;2579,607438;True;2
20.04.2025 6:00;4,917355372;;2676,342975;True;2
20.04.2025 18:00;6,363636364;41,32231405;3013,409091;True;2
21.04.2025 6:00;5,082644628;;3086,590909;True;2
21.04.2025 18:00;4,669421488;51,65289256;2466,363636;True;2
22.04.2025 6:00;4,58677686;;2598,57438;True;2
22.04.2025 18:00;4,421487603;35,12396694;2922,644628;True;2
23.04.2025 6:00;4,421487603;;2951,652893;True;2
23.04.2025 18:00;4,752066116;57,85123967;3032,293388;True;2
24.04.2025 6:00;5,20661157;;2687,024793;True;2
24.04.2025 18:00;4,752066116;123,9669421;2379,442149;True;2
25.04.2025 6:00;4,958677686;;2663,161157;True;2
25.04.2025 18:00;5,082644628;57,85123967;2666,942149;True;2
26.04.2025 6:00;5,20661157;;2498,202479;True;2
26.04.2025 18:00;4,79338843;57,85123967;2735,495868;True;2
27.04.2025 6:00;4,834710744;;2043,801653;True;2
27.04.2025 18:00;4,79338843;57,02479339;2136,508264;True;2
28.04.2025 6:00;4,876033058;;2497,520661;True;2
28.04.2025 18:00;4,752066116;68,18181818;2419,855372;True;2
29.04.2025 6:00;4,545454545;;1985,826446;True;2
29.04.2025 18:00;4,090909091;68,18181818;2406,487603;True;2
30.04.2025 6:00;4,876033058;;2644,938017;True;2
30.04.2025 18:00;4,834710744;51,65289256;2226,983471;True;2
01.05.2025 6:00;4,79338843;;2572,933884;True;2
01.05.2025 18:00;4,876033058;43,38842975;2273,03719;True;2
02.05.2025 6:00;4,876033058;;2253,822314;True;2
02.05.2025 18:00;4,79338843;49,58677686;2370,661157;True;2
03.05.2025 6:00;4,628099174;;2507,024793;True;2
03.05.2025 18:00;4,628099174;103,3057851;2575,971074;True;2
04.05.2025 6:00;4,876033058;;2440,72314;True;2
04.05.2025 18:00;4,752066116;45,45454545;2396,921488;True;2
05.05.2025 6:00;4,79338843;;2160,330579;True;2
05.05.2025 18:00;4,628099174;37,19008264;2258,595041;True;2
06.05.2025 6:00;5;;2282,438017;True;2
06.05.2025 18:00;4,917355372;4,727272727;2604,152893;True;2
07.05.2025 6:00;5,082644628;;2796,838843;True;2
07.05.2025 18:00;4,79338843;80,99173554;2306,921488;True;2
08.05.2025 6:00;5,289256198;;2526,404959;True;2
08.05.2025 18:00;4,958677686;107,4380165;2968,409091;True;2
09.05.2025 6:00;4,79338843;;2369,008264;True;2
09.05.2025 18:00;4,58677686;86,7768595;2335,433884;True;2
10.05.2025 6:00;4,132231405;;2546,384298;True;2
10.05.2025 18:00;4,545454545;76,44628099;2773,863636;True;2
11.05.2025 6:00;4,504132231;;2110,165289;True;2
11.05.2025 18:00;5,123966942;59,91735537;2156,260331;True;2
12.05.2025 6:00;4,297520661;;2432,272727;True;2
12.05.2025 18:00;4,958677686;;2514,938017;True;2
13.05.2025 6:00;;;2879,731405;True;2
13.05.2025 18:00;4,958677686;44,21487603;2613,078512;True;2
14.05.2025 6:00;5,041322314;;2627,913223;True;2
14.05.2025 18:00;4,79338843;41,32231405;2840,909091;True;2
15.05.2025 6:00;4,79338843;;2571,260331;True;2
15.05.2025 18:00;;43,80165289;2598,202479;True;2
16.05.2025 6:00;;;2724,483471;True;2
16.05.2025 18:00;;42,14876033;2666,012397;True;2
17.05.2025 6:00;;;2526,880165;True;2
17.05.2025 18:00;4,545454545;55,78512397;2336,260331;True;2
18.05.2025 6:00;;;2565,495868;True;2
18.05.2025 18:00;;59,09090909;2796,487603;True;2
19.05.2025 6:00;4,628099174;;2988,615702;True;2
19.05.2025 18:00;;90,90909091;2843,966942;True;2
20.05.2025 6:00;;;2521,96281;True;2
20.05.2025 18:00;;78,51239669;2168,409091;True;2
21.05.2025 6:00;;;2619,586777;True;2
21.05.2025 18:00;;66,94214876;2045,72314;True;2
22.05.2025 6:00;;;2345,309917;True;2
22.05.2025 18:00;;60,74380165;2092,169421;True;2
23.05.2025 6:00;;;1943,938017;True;2
23.05.2025 18:00;;57,85123967;2252,004132;True;2
24.05.2025 6:00;;;2521,880165;True;2
24.05.2025 18:00;;59,50413223;2541,983471;True;2
25.05.2025 6:00;;;2643,677686;True;2
25.05.2025 18:00;;43,38842975;2801,859504;True;2
26.05.2025 6:00;4,958677686;;2553,409091;True;2
26.05.2025 18:00;5,20661157;76,44628099;2531,404959;True;2
27.05.2025 6:00;;66,11570248;2470,847107;True;2
27.05.2025 18:00;;76,44628099;2173,429752;True;2
28.05.2025 6:00;;82,6446281;2544,359504;True;2
28.05.2025 18:00;;76,44628099;2681,136364;True;2
29.05.2025 6:00;;;2621,714876;True;2
29.05.2025 18:00;;74,38016529;2925,268595;True;2
30.05.2025 6:00;;;2214,731405;True;2
30.05.2025 18:00;;82,6446281;3231,77686;True;2
31.05.2025 6:00;;;2716,219008;True;2
31.05.2025 18:00;;71,90082645;1981,880165;True;2
01.06.2025 6:00;;;2098,491736;True;2
01.06.2025 18:00;;123,9669421;2416,198347;True;2
02.06.2025 6:00;4,958677686;;2492,190083;True;2
02.06.2025 18:00;5,123966942;111,5702479;2605,371901;True;2
03.06.2025 6:00;;;2690,495868;True;2
03.06.2025 18:00;;142,5619835;2665,702479;True;2
04.06.2025 6:00;5,123966942;;2866,033058;True;2
04.06.2025 18:00;;123,9669421;2357,768595;True;2
05.06.2025 6:00;4,628099174;;2941,942149;True;2
05.06.2025 18:00;;82,6446281;2937,210744;True;2
06.06.2025 6:00;;;2720,950413;True;2
06.06.2025 18:00;;89,25619835;3000,909091;True;2
07.06.2025 6:00;;;2729,524793;True;2
07.06.2025 18:00;;107,4380165;2444,938017;True;2
08.06.2025 6:00;;;2792,995868;True;2
08.06.2025 18:00;4,876033058;68,18181818;2379,958678;True;2
09.06.2025 6:00;5,041322314;;2192,768595;True;2
09.06.2025 18:00;5,041322314;68,18181818;2266,528926;True;2
10.06.2025 6:00;4,958677686;;2076,157025;True;2
10.06.2025 18:00;;68,18181818;2605,454545;True;2
11.06.2025 6:00;;;2173,863636;True;2
11.06.2025 18:00;;74,38016529;2124,896694;True;2
12.06.2025 6:00;;;2459,338843;True;2
12.06.2025 18:00;;70,24793388;2302,376033;True;2
13.06.2025 6:00;;;2110,661157;True;2
13.06.2025 18:00;;82,6446281;2528,987603;True;2
14.06.2025 6:00;;;2625,206612;True;2
14.06.2025 18:00;;61,98347107;2385,495868;True;2
15.06.2025 6:00;4,79338843;;2077,066116;True;2
15.06.2025 18:00;;74,38016529;2630,454545;True;2
16.06.2025 6:00;5,20661157;;2656,177686;True;2
16.06.2025 18:00;4,628099174;68,18181818;2830,061983;True;2
17.06.2025 6:00;;;2693,078512;True;2
17.06.2025 18:00;;86,7768595;2863,636364;True;2
18.06.2025 6:00;;;2639,256198;True;2
18.06.2025 18:00;;101,2396694;2521,07438;True;2
19.06.2025 6:00;;;2272,417355;True;2
19.06.2025 18:00;;119,8347107;2021,384298;True;2
20.06.2025 6:00;;;2441,012397;True;2
20.06.2025 18:00;;109,5041322;2659,876033;True;2
21.06.2025 6:00;;;2676,880165;True;2
21.06.2025 18:00;;;3178,677686;True;2
22.06.2025 6:00;;111,5702479;2757,024793;True;2
22.06.2025 18:00;;84,29752066;2585,227273;True;2
23.06.2025 6:00;5,123966942;;2315,371901;True;2
23.06.2025 18:00;5,082644628;100,8264463;2104,483471;True;2
24.06.2025 6:00;;;2210,743802;True;2
24.06.2025 18:00;;76,44628099;2170,867769;True;2
25.06.2025 6:00;;;2028,512397;True;2
25.06.2025 18:00;;86,7768595;1454,090909;True;2
26.06.2025 6:00;;;2580,165289;True;2
26.06.2025 18:00;;97,10743802;2585,020661;True;2
27.06.2025 6:00;5,041322314;;2260,53719;True;2
27.06.2025 18:00;;76,44628099;2278,92562;True;2
28.06.2025 6:00;;;2501,570248;True;2
28.06.2025 18:00;;82,6446281;2736,859504;True;2
29.06.2025 6:00;;;3227,809917;True;2
29.06.2025 18:00;;66,11570248;2464,132231;True;2
30.06.2025 6:00;4,876033058;;2377,355372;True;2
30.06.2025 18:00;4,462809917;75,20661157;2386,136364;True;2
01.07.2025 6:00;;;2323,347107;True;2
01.07.2025 18:00;;102,4793388;2716,446281;True;2
02.07.2025 6:00;;;2556,77686;True;2
02.07.2025 18:00;;86,7768595;2314,504132;True;2
03.07.2025 6:00;;;2709,834711;True;2
03.07.2025 18:00;;60,33057851;2612,376033;True;2
04.07.2025 6:00;;;3104,152893;True;2
04.07.2025 18:00;;123,9669421;2319,917355;True;2
05.07.2025 6:00;;;1861,446281;True;2
05.07.2025 18:00;;74,38016529;2783,987603;True;2
06.07.2025 6:00;;53,71900826;2946,446281;True;2
06.07.2025 18:00;;77,47933884;2433,202479;True;2
07.07.2025 6:00;5,123966942;99,17355372;3203,760331;True;2
07.07.2025 18:00;;79,54545455;2787,128099;True;2
08.07.2025 6:00;;;2823,264463;True;2
08.07.2025 18:00;;74,38016529;2576,652893;True;2
09.07.2025 6:00;;115,7024793;3033,863636;True;2
09.07.2025 18:00;;117,3553719;3008,904959;True;2
10.07.2025 6:00;;;2582,231405;True;2
10.07.2025 18:00;;161,1570248;2635,764463;True;2
11.07.2025 6:00;;;2659,566116;True;2
11.07.2025 18:00;;140,4958678;2721,219008;True;2
12.07.2025 6:00;;;2901,363636;True;2
12.07.2025 18:00;;165,2892562;2976,632231;True;2
13.07.2025 6:00;;;2947,892562;True;2
13.07.2025 18:00;;107,4380165;3049,690083;True;2
14.07.2025 6:00;5,20661157;107,4380165;2662,14876;True;2
14.07.2025 18:00;;202,4793388;3272,128099;True;2
15.07.2025 6:00;;;2965,082645;True;2
15.07.2025 18:00;;99,17355372;3178,305785;True;2
16.07.2025 6:00;;;3178,03719;True;2
16.07.2025 18:00;;100,8264463;3461,96281;True;2
17.07.2025 6:00;;;3147,747934;True;2
17.07.2025 18:00;;148,7603306;3668,57438;True;2
18.07.2025 6:00;;;3214,400826;True;2
18.07.2025 18:00;;111,5702479;3032,85124;True;2
19.07.2025 6:00;;;2664,380165;True;2
19.07.2025 18:00;;86,7768595;2467,644628;True;2
20.07.2025 6:00;;;2147,066116;True;2
20.07.2025 18:00;;90,90909091;2570,702479;True;2
21.07.2025 6:00;5,289256198;;2619,442149;True;2
21.07.2025 18:00;;111,5702479;2496,157025;True;2
22.07.2025 6:00;;;2603,471074;True;2
22.07.2025 18:00;;161,1570248;3049,855372;True;2
23.07.2025 6:00;;;2159,11157;True;2
23.07.2025 18:00;;227,2727273;2746,756198;True;2
24.07.2025 6:00;;;3476,838843;True;2
24.07.2025 18:00;;157,0247934;3366,342975;True;2
25.07.2025 6:00;;;2830,640496;True;2
25.07.2025 18:00;;140,4958678;3159,731405;True;2
26.07.2025 6:00;;;2970,516529;True;2
26.07.2025 18:00;;528,9256198;3403,367769;True;2
27.07.2025 6:00;;;3930,330579;True;2
27.07.2025 18:00;;280,9917355;3020,971074;True;2
28.07.2025 6:00;5,20661157;;2487,68595;True;2
28.07.2025 18:00;;181,8181818;2343,491736;True;2
29.07.2025 6:00;;;2408,533058;True;2
29.07.2025 18:00;;289,2561983;2451,012397;True;2
30.07.2025 6:00;;;2537,975207;True;2
30.07.2025 18:00;;115,7024793;2458,367769;True;2
31.07.2025 6:00;;;2584,194215;True;2
31.07.2025 18:00;;66,11570248;2853,429752;True;2
01.08.2025 6:00;4,545454545;;2244,008264;True;2
01.08.2025 18:00;;181,8181818;2541,652893;True;2
02.08.2025 6:00;;;2727,954545;True;2
02.08.2025 18:00;;115,7024793;3137,252066;True;2
03.08.2025 6:00;;;3226,714876;True;2
03.08.2025 18:00;;59,91735537;2847,830579;True;2
04.08.2025 6:00;4,214876033;;2873,760331;True;2
04.08.2025 18:00;;43,38842975;2595,557851;True;2
05.08.2025 6:00;;;2605,082645;True;2
05.08.2025 18:00;;43,38842975;2689,297521;True;2
06.08.2025 6:00;;;2680,061983;True;2
06.08.2025 18:00;;55,78512397;2497,520661;True;2
07.08.2025 6:00;;;2304,504132;True;2
07.08.2025 18:00;;42,97520661;2226,942149;True;2
08.08.2025 6:00;;;2447,107438;True;2
08.08.2025 18:00;;47,52066116;2729,028926;True;2
09.08.2025 6:00;;;2781,260331;True;2
09.08.2025 18:00;;58,67768595;2893,409091;True;2
10.08.2025 6:00;;;2792,438017;True;2
10.08.2025 18:00;;66,11570248;3199,049587;True;2
11.08.2025 6:00;4,297520661;;3162,644628;True;2
11.08.2025 18:00;4,297520661;59,91735537;2994,524793;True;2
12.08.2025 6:00;;;3268,285124;True;2
12.08.2025 18:00;;59,91735537;3214,669421;True;2
13.08.2025 6:00;;;2974,752066;True;2
13.08.2025 18:00;;101,2396694;3255,041322;True;2
14.08.2025 6:00;;;3263,987603;True;2
14.08.2025 18:00;;128,0991736;3098,285124;True;2
15.08.2025 6:00;;;2905,578512;True;2
15.08.2025 18:00;;115,7024793;2917,128099;True;2
16.08.2025 6:00;;;2557,933884;True;2
16.08.2025 18:00;;82,6446281;2543,533058;True;2
17.08.2025 6:00;;;2388,016529;True;2
17.08.2025 18:00;;74,38016529;2323,099174;True;2
18.08.2025 6:00;4,876033058;;2384,214876;True;2
18.08.2025 18:00;5,041322314;114,0495868;2551,42562;True;2
19.08.2025 6:00;;;2650,392562;True;2
19.08.2025 18:00;;173,553719;2398,140496;True;2
20.08.2025 6:00;;;2486,983471;True;2
20.08.2025 18:00;;169,4214876;2523,450413;True;2
21.08.2025 6:00;;;2395,041322;True;2
21.08.2025 18:00;;148,7603306;2267,458678;True;2
22.08.2025 6:00;;;2781,714876;True;2
22.08.2025 18:00;;103,3057851;3024,483471;True;2
23.08.2025 6:00;;;2669,070248;True;2
23.08.2025 18:00;;101,2396694;2688,677686;True;2
24.08.2025 6:00;;;3075,88843;True;2
24.08.2025 18:00;;101,2396694;2974,070248;True;2
25.08.2025 6:00;4,958677686;;2278,512397;True;2
25.08.2025 18:00;5,371900826;114,0495868;2754,442149;True;2
26.08.2025 6:00;;;3178,780992;True;2
26.08.2025 18:00;;99,17355372;5237,31405;True;2
27.08.2025 6:00;;;6173,347107;True;2
27.08.2025 18:00;;103,3057851;4559,049587;True;2
28.08.2025 6:00;;;4689,46281;True;2
28.08.2025 18:00;;76,44628099;3939,256198;True;2
29.08.2025 6:00;;;3893,38843;True;2
29.08.2025 18:00;;;3891,115702;True;2
30.08.2025 6:00;;;3225,826446;True;2
30.08.2025 18:00;;;3095,661157;True;2
31.08.2025 6:00;;;3078,243802;True;2
31.08.2025 18:00;;68,18181818;2976,96281;True;2
01.09.2025 6:00;5,371900826;;3039,876033;True;2
01.09.2025 18:00;5,454545455;70,24793388;2141,818182;True;2
02.09.2025 6:00;;;2871,487603;True;2
02.09.2025 18:00;;76,03305785;2553,553719;True;2
03.09.2025 6:00;;;3067,830579;True;2
03.09.2025 18:00;;65,2892562;2839,413223;True;2
04.09.2025 6:00;;;2074,318182;True;2
04.09.2025 18:00;;122,3140496;2414,442149;True;2
05.09.2025 6:00;;;1774,297521;True;2
05.09.2025 18:00;;223,1404959;2205,72314;True;2
06.09.2025 6:00;;;2724,338843;True;2
06.09.2025 18:00;;165,2892562;3219,628099;True;2
07.09.2025 6:00;;;2496,301653;True;2
07.09.2025 18:00;;140,4958678;2650,309917;True;2
08.09.2025 6:00;4,958677686;;2544,938017;True;2
08.09.2025 18:00;6,363636364;123,9669421;2429,152893;True;2
09.09.2025 6:00;5,20661157;;2044,008264;True;2
09.09.2025 18:00;;107,4380165;2083,099174;True;2
10.09.2025 6:00;;;2275,764463;True;2
10.09.2025 18:00;;107,4380165;2051,652893;True;2
11.09.2025 6:00;;;2392,789256;True;2
11.09.2025 18:00;;347,107438;2225,330579;True;2
12.09.2025 6:00;;;2589,669421;True;2
12.09.2025 18:00;;123,9669421;2543,987603;True;2
13.09.2025 6:00;;;2083,842975;True;2
13.09.2025 18:00;;115,7024793;1695,144628;True;2
14.09.2025 6:00;;;1864,173554;True;2
14.09.2025 18:00;;90,90909091;1267,628099;True;2
15.09.2025 6:00;5,20661157;;1705,702479;True;2
15.09.2025 18:00;;86,7768595;1886,260331;True;2
16.09.2025 6:00;;;2029,524793;True;2
16.09.2025 18:00;;107,4380165;2066,528926;True;2
17.09.2025 6:00;;;1820,330579;True;2
17.09.2025 18:00;;86,7768595;1732,830579;True;2
18.09.2025 6:00;;;1868,491736;True;2
18.09.2025 18:00;;85,12396694;1726,115702;True;2
19.09.2025 6:00;;;1707,14876;True;2
19.09.2025 18:00;;82,6446281;1591,363636;True;2
20.09.2025 6:00;;;1237,231405;True;2
20.09.2025 18:00;;95,04132231;1299,442149;True;2
21.09.2025 6:00;;;1637,706612;True;2
21.09.2025 18:00;;114,0495868;1553,677686;True;2
22.09.2025 6:00;;;1657,644628;True;2
22.09.2025 18:00;4,380165289;70,24793388;1361,198347;True;2
23.09.2025 6:00;;;1070,413223;True;2
23.09.2025 18:00;;82,6446281;1021,590909;True;2
24.09.2025 6:00;;;1632,066116;True;2
24.09.2025 18:00;;208,677686;2232,252066;True;2
25.09.2025 6:00;;;3383,347107;True;2
25.09.2025 18:00;;74,38016529;3430,206612;True;2
26.09.2025 6:00;;;2982,210744;True;2
26.09.2025 18:00;;82,6446281;2935,433884;True;2
27.09.2025 6:00;;;3106,012397;True;2
27.09.2025 18:00;;85,95041322;3116,446281;True;2
28.09.2025 6:00;;;2906,157025;True;2
28.09.2025 18:00;;125,6198347;2694,132231;True;2
29.09.2025 6:00;4,297520661;;2519,27686;True;2
29.09.2025 18:00;;136,3636364;2240,743802;True;2
30.09.2025 6:00;;;2479,628099;True;2
30.09.2025 18:00;;165,2892562;3096,859504;True;2
01.10.2025 6:00;;;3473,533058;True;2
01.10.2025 18:00;;99,17355372;3066,219008;True;2
02.10.2025 6:00;;;2845,103306;True;2
02.10.2025 18:00;;95,04132231;2985,929752;True;2
03.10.2025 6:00;;;2930,578512;True;2
03.10.2025 18:00;;99,17355372;2530,661157;True;2
04.10.2025 6:00;;;3167,520661;True;2
04.10.2025 18:00;;111,5702479;2744,772727;True;2
05.10.2025 6:00;;;2810,743802;True;2
05.10.2025 18:00;;157,0247934;2533,016529;True;2
06.10.2025 6:00;5,371900826;;2839,958678;True;2
06.10.2025 18:00;;107,4380165;2405,103306;True;2
07.10.2025 6:00;;;2755,950413;True;2
07.10.2025 18:00;;90,90909091;2173,946281;True;2
08.10.2025 6:00;;;2730,103306;True;2
08.10.2025 18:00;;161,1570248;3125,619835;True;2
09.10.2025 6:00;;;2678,92562;True;2
09.10.2025 18:00;5,371900826;35,12396694;3211,570248;True;2
10.10.2025 6:00;;;3264,958678;True;2
10.10.2025 18:00;;167,3553719;2610,971074;True;2
11.10.2025 6:00;;;2570,247934;True;2
11.10.2025 18:00;;150,8264463;2639,194215;True;2
12.10.2025 6:00;;;2614,772727;True;2
12.10.2025 18:00;;181,8181818;2678,181818;True;2
13.10.2025 6:00;5,289256198;;2741,735537;True;2
13.10.2025 18:00;5,289256198;161,1570248;3189,380165;True;2
14.10.2025 6:00;;;3098,553719;True;2
14.10.2025 18:00;;198,3471074;2786,157025;True;2
15.10.2025 6:00;;;2789,772727;True;2
15.10.2025 18:00;;128,0991736;2326,42562;True;2
16.10.2025 6:00;;;2964,731405;True;2
16.10.2025 18:00;;76,44628099;2964,049587;True;2
17.10.2025 6:00;;;3123,553719;True;2
17.10.2025 18:00;;128,0991736;2861,983471;True;2
18.10.2025 6:00;;;2990,516529;True;2
18.10.2025 18:00;;74,38016529;3325,061983;True;2
19.10.2025 6:00;;;3249,380165;True;2
19.10.2025 18:00;;82,6446281;3312,376033;True;2
20.10.2025 6:00;5,289256198;;2753,305785;True;2
20.10.2025 18:00;5,123966942;76,03305785;3349,421488;True;2
21.10.2025 6:00;5,289256198;;3074,64876;True;2
21.10.2025 18:00;;57,85123967;3407,582645;True;2
22.10.2025 6:00;4,958677686;;3237,190083;True;2
22.10.2025 18:00;5,123966942;59,91735537;3038,636364;True;2
23.10.2025 6:00;;;2969,628099;True;2
23.10.2025 18:00;;103,3057851;2864,979339;True;2
24.10.2025 6:00;;;2427,68595;True;2
24.10.2025 18:00;;82,6446281;2404,958678;True;2
25.10.2025 6:00;;;2158,987603;True;2
25.10.2025 18:00;;70,24793388;2307,747934;True;2
26.10.2025 6:00;;;2263,450413;True;2
26.10.2025 18:00;;78,51239669;2650,557851;True;2
27.10.2025 6:00;5,371900826;;2868,367769;True;2
27.10.2025 18:00;5,867768595;97,10743802;3155,867769;True;2
28.10.2025 6:00;;;2997,933884;True;2
28.10.2025 18:00;;74,38016529;2624,731405;True;2
29.10.2025 6:00;;;2813,92562;True;2
29.10.2025 18:00;;99,17355372;2609,359504;True;2
30.10.2025 6:00;;;2788,92562;True;2
30.10.2025 18:00;;76,44628099;2490,495868;True;2
31.10.2025 6:00;;;2087,417355;True;2
31.10.2025 18:00;;86,7768595;2582,954545;True;2
01.11.2025 6:00;;;2345,454545;True;2
01.11.2025 18:00;;95,04132231;2511,570248;True;2
02.11.2025 6:00;;;2150,309917;True;2
02.11.2025 18:00;;86,7768595;2501,652893;True;2
03.11.2025 6:00;4,545454545;;3041,942149;True;2
03.11.2025 18:00;;41,32231405;2598,780992;True;2
04.11.2025 6:00;;;2272,128099;True;2
04.11.2025 18:00;;66,11570248;2710,950413;True;2
05.11.2025 6:00;;;2640,661157;True;2
05.11.2025 18:00;;84,7107438;2477,892562;True;2
06.11.2025 6:00;;;2758,842975;True;2
06.11.2025 18:00;;69,4214876;2424,194215;True;2
07.11.2025 6:00;;;3080,330579;True;2
07.11.2025 18:00;;107,4380165;2756,260331;True;2
08.11.2025 6:00;;;2710,53719;True;2
08.11.2025 18:00;;66,11570248;2268,719008;True;2
09.11.2025 6:00;;;2947,727273;True;2
09.11.2025 18:00;;66,11570248;2995,991736;True;2
10.11.2025 6:00;5,041322314;;2795,909091;True;2
10.11.2025 18:00;;53,71900826;3009,710744;True;2
11.11.2025 6:00;5,20661157;;2828,016529;True;2
11.11.2025 18:00;;70,24793388;2831,095041;True;2
12.11.2025 6:00;;;2980,53719;True;2
12.11.2025 18:00;;66,11570248;2974,318182;True;2
13.11.2025 6:00;;;3417,520661;True;2
13.11.2025 18:00;;181,8181818;3103,801653;True;2
14.11.2025 6:00;;;2968,966942;True;2
14.11.2025 18:00;;74,38016529;3018,595041;True;2
15.11.2025 6:00;;;3450,599174;True;2
15.11.2025 18:00;;65,2892562;3241,033058;True;2
16.11.2025 6:00;;;2623,987603;True;2
16.11.2025 18:00;;66,11570248;2457,252066;True;2
17.11.2025 6:00;5,289256198;;2024,938017;True;2
17.11.2025 18:00;;57,85123967;2167,231405;True;2
18.11.2025 6:00;;;2146,735537;True;2
18.11.2025 18:00;;49,58677686;1938,243802;True;2
19.11.2025 6:00;;;1957,768595;True;2
19.11.2025 18:00;;157,0247934;2118,822314;True;2
20.11.2025 6:00;;;2849,359504;True;2
20.11.2025 18:00;;206,6115702;2721,466942;True;2
21.11.2025 6:00;;;2913,243802;True;2
21.11.2025 18:00;;92,56198347;3208,987603;True;2
22.11.2025 6:00;;;2942,830579;True;2
22.11.2025 18:00;;43,80165289;2628,57438;True;2
23.11.2025 6:00;;;2761,838843;True;2
23.11.2025 18:00;;38,84297521;2298,264463;True;2
24.11.2025 6:00;4,628099174;;2509,338843;True;2
24.11.2025 18:00;;30,5785124;2799,173554;True;2
25.11.2025 6:00;;;3376,735537;True;2
25.11.2025 18:00;;37,19008264;2777,355372;True;2
26.11.2025 6:00;;;2427,727273;True;2
26.11.2025 18:00;;41,32231405;2770,413223;True;2
27.11.2025 6:00;;;3322,293388;True;2
27.11.2025 18:00;;49,58677686;2806,673554;True;2
28.11.2025 6:00;;;2403,099174;True;2
28.11.2025 18:00;;49,58677686;2301,07438;True;2
29.11.2025 6:00;;;2316,570248;True;2
29.11.2025 18:00;;43,38842975;2691,900826;True;2
30.11.2025 6:00;;;2533,698347;True;2
30.11.2025 18:00;;44,62809917;2672,128099;True;2
01.12.2025 6:00;4,958677686;;2610,247934;True;2
01.12.2025 18:00;;42,97520661;2644,566116;True;2
02.12.2025 6:00;;;3262,830579;True;2
02.12.2025 18:00;;56,19834711;2748,016529;True;2
03.12.2025 6:00;;;3066,632231;True;2
03.12.2025 18:00;;59,91735537;2547,210744;True;2
04.12.2025 6:00;;;2750,826446;True;2
04.12.2025 18:00;;68,18181818;2818,698347;True;2
05.12.2025 6:00;;;3066,900826;True;2
05.12.2025 18:00;;74,38016529;3354,338843;True;2
06.12.2025 6:00;;;3444,607438;True;2
06.12.2025 18:00;;61,98347107;2867,789256;True;2
07.12.2025 6:00;;;3481,404959;True;2
07.12.2025 18:00;;80,16528926;3203,03719;True;2
08.12.2025 6:00;5,289256198;;3241,157025;True;2
08.12.2025 18:00;5,454545455;74,38016529;3536,301653;True;2
09.12.2025 6:00;;;2815,88843;True;2
09.12.2025 18:00;;86,7768595;3220,041322;True;2
10.12.2025 6:00;;;3430,88843;True;2
10.12.2025 18:00;;59,91735537;3560,53719;True;2
11.12.2025 6:00;;;3548,760331;True;2
11.12.2025 18:00;;49,58677686;3157,231405;True;2
12.12.2025 6:00;;;3331,446281;True;2
12.12.2025 18:00;;59,91735537;3303,822314;True;2
13.12.2025 6:00;;;3149,876033;True;2
13.12.2025 18:00;;49,58677686;2875,72314;True;2
14.12.2025 6:00;;;2972,231405;True;2
14.12.2025 18:00;;49,58677686;3020,805785;True;2
15.12.2025 6:00;5,123966942;;3050;True;2
15.12.2025 18:00;4,876033058;47,9338843;3165,88843;True;2
16.12.2025 6:00;;;2837,293388;True;2
16.12.2025 18:00;;57,85123967;2985,433884;True;2
17.12.2025 6:00;;;2416,900826;True;2
17.12.2025 18:00;;43,38842975;2004,235537;True;2
18.12.2025 6:00;;;2727,582645;True;2
18.12.2025 18:00;;59,91735537;2260,847107;True;2
19.12.2025 6:00;;;2098,760331;True;2
19.12.2025 18:00;;64,04958678;2453,099174;True;2
20.12.2025 6:00;;;2301,239669;True;2
20.12.2025 18:00;;59,91735537;2405,475207;True;2
21.12.2025 6:00;;;2822,066116;True;2
21.12.2025 18:00;;57,85123967;2619,359504;True;2
22.12.2025 6:00;5,371900826;;2561,280992;True;2
22.12.2025 18:00;5,702479339;57,85123967;2316,983471;True;2
23.12.2025 6:00;;;2620,247934;True;2
23.12.2025 18:00;;56,19834711;2630,247934;True;2
24.12.2025 6:00;;;2694,628099;True;2
24.12.2025 18:00;;37,19008264;3018,429752;True;2
25.12.2025 6:00;;;3027,541322;True;2
25.12.2025 18:00;4,628099174;45,45454545;3128,904959;True;2
26.12.2025 6:00;4,710743802;;2756,694215;True;2
26.12.2025 18:00;5,289256198;57,85123967;2501,694215;True;2
27.12.2025 6:00;5,454545455;;2895,061983;True;2
27.12.2025 18:00;;45,45454545;2829,855372;True;2
28.12.2025 6:00;;;3047,933884;True;2
28.12.2025 18:00;;68,18181818;2933,161157;True;2
29.12.2025 6:00;5,454545455;;2799,772727;True;2
29.12.2025 18:00;5,20661157;57,85123967;2698,491736;True;2
30.12.2025 6:00;;;2782,479339;True;2
30.12.2025 18:00;;70,24793388;3092,644628;True;2
31.12.2025 6:00;;;2811,157025;True;2
31.12.2025 18:00;;57,02479339;2798,285124;True;2
01.01.2026 6:00;;;2775,247934;True;2
01.01.2026 18:00;;;2657,024793;True;2
